Fitter report for WAVE_GEN_TOP
Sat Sep  5 12:39:39 2026
Quartus Prime Version 25.1std.0 Build 1129 10/21/2025 SC Lite Edition


---------------------
; Table of Contents ;
---------------------
  1. Legal Notice
  2. Fitter Summary
  3. Fitter Settings
  4. Parallel Compilation
  5. Fitter Netlist Optimizations
  6. Incremental Compilation Preservation Summary
  7. Incremental Compilation Partition Settings
  8. Incremental Compilation Placement Preservation
  9. Pin-Out File
 10. Fitter Resource Usage Summary
 11. Fitter Partition Statistics
 12. Input Pins
 13. Output Pins
 14. I/O Bank Usage
 15. All Package Pins
 16. I/O Assignment Warnings
 17. Fitter Resource Utilization by Entity
 18. Delay Chain Summary
 19. Pad To Core Delay Chain Fanout
 20. Control Signals
 21. Global & Other Fast Signals
 22. Fitter RAM Summary
 23. Fitter DSP Block Usage Summary
 24. DSP Block Details
 25. Routing Usage Summary
 26. I/O Rules Summary
 27. I/O Rules Details
 28. I/O Rules Matrix
 29. Fitter Device Options
 30. Operating Settings and Conditions
 31. Estimated Delay Added for Hold Timing Summary
 32. Estimated Delay Added for Hold Timing Details
 33. Fitter Messages
 34. Fitter Suppressed Messages



----------------
; Legal Notice ;
----------------
Copyright (C) 2025  Altera Corporation. All rights reserved.
Your use of Altera Corporation's design tools, logic functions 
and other software and tools, and any partner logic 
functions, and any output files from any of the foregoing 
(including device programming or simulation files), and any 
associated documentation or information are expressly subject 
to the terms and conditions of the Altera Program License 
Subscription Agreement, the Altera Quartus Prime License Agreement,
the Altera IP License Agreement, or other applicable license
agreement, including, without limitation, that your use is for
the sole purpose of programming logic devices manufactured by
Altera and sold by Altera or its authorized distributors.  Please
refer to the Altera Software License Subscription Agreements 
on the Quartus Prime software download page.



+-----------------------------------------------------------------------------------+
; Fitter Summary                                                                    ;
+---------------------------------+-------------------------------------------------+
; Fitter Status                   ; Successful - Sat Sep  5 12:39:39 2026           ;
; Quartus Prime Version           ; 25.1std.0 Build 1129 10/21/2025 SC Lite Edition ;
; Revision Name                   ; WAVE_GEN_TOP                                    ;
; Top-level Entity Name           ; WAVE_GEN_TOP                                    ;
; Family                          ; Cyclone V                                       ;
; Device                          ; 5CGXFC7C7F23C8                                  ;
; Timing Models                   ; Final                                           ;
; Logic utilization (in ALMs)     ; 293 / 56,480 ( < 1 % )                          ;
; Total registers                 ; 312                                             ;
; Total pins                      ; 37 / 268 ( 14 % )                               ;
; Total virtual pins              ; 0                                               ;
; Total block memory bits         ; 196,608 / 7,024,640 ( 3 % )                     ;
; Total RAM Blocks                ; 24 / 686 ( 3 % )                                ;
; Total DSP Blocks                ; 2 / 156 ( 1 % )                                 ;
; Total HSSI RX PCSs              ; 0 / 6 ( 0 % )                                   ;
; Total HSSI PMA RX Deserializers ; 0 / 6 ( 0 % )                                   ;
; Total HSSI TX PCSs              ; 0 / 6 ( 0 % )                                   ;
; Total HSSI PMA TX Serializers   ; 0 / 6 ( 0 % )                                   ;
; Total PLLs                      ; 0 / 13 ( 0 % )                                  ;
; Total DLLs                      ; 0 / 4 ( 0 % )                                   ;
+---------------------------------+-------------------------------------------------+


+----------------------------------------------------------------------------------------------------------------------------------------------------+
; Fitter Settings                                                                                                                                    ;
+--------------------------------------------------------------------+---------------------------------------+---------------------------------------+
; Option                                                             ; Setting                               ; Default Value                         ;
+--------------------------------------------------------------------+---------------------------------------+---------------------------------------+
; Device                                                             ; 5CGXFC7C7F23C8                        ;                                       ;
; Minimum Core Junction Temperature                                  ; 0                                     ;                                       ;
; Maximum Core Junction Temperature                                  ; 85                                    ;                                       ;
; Use smart compilation                                              ; Off                                   ; Off                                   ;
; Enable parallel Assembler and Timing Analyzer during compilation   ; On                                    ; On                                    ;
; Enable compact report table                                        ; Off                                   ; Off                                   ;
; Router Timing Optimization Level                                   ; Normal                                ; Normal                                ;
; Perform Clocking Topology Analysis During Routing                  ; Off                                   ; Off                                   ;
; Placement Effort Multiplier                                        ; 1.0                                   ; 1.0                                   ;
; Device initialization clock source                                 ; INIT_INTOSC                           ; INIT_INTOSC                           ;
; Optimize Hold Timing                                               ; All Paths                             ; All Paths                             ;
; Optimize Multi-Corner Timing                                       ; On                                    ; On                                    ;
; Auto RAM to MLAB Conversion                                        ; On                                    ; On                                    ;
; Equivalent RAM and MLAB Power Up                                   ; Auto                                  ; Auto                                  ;
; Equivalent RAM and MLAB Paused Read Capabilities                   ; Care                                  ; Care                                  ;
; Power Optimization During Fitting                                  ; Normal compilation                    ; Normal compilation                    ;
; SSN Optimization                                                   ; Off                                   ; Off                                   ;
; Optimize Timing                                                    ; Normal compilation                    ; Normal compilation                    ;
; Optimize Timing for ECOs                                           ; Off                                   ; Off                                   ;
; Regenerate Full Fit Report During ECO Compiles                     ; Off                                   ; Off                                   ;
; Optimize IOC Register Placement for Timing                         ; Normal                                ; Normal                                ;
; Final Placement Optimizations                                      ; Automatically                         ; Automatically                         ;
; Fitter Aggressive Routability Optimizations                        ; Automatically                         ; Automatically                         ;
; Fitter Initial Placement Seed                                      ; 1                                     ; 1                                     ;
; Periphery to Core Placement and Routing Optimization               ; Off                                   ; Off                                   ;
; Weak Pull-Up Resistor                                              ; Off                                   ; Off                                   ;
; Enable Bus-Hold Circuitry                                          ; Off                                   ; Off                                   ;
; Auto Packed Registers                                              ; Auto                                  ; Auto                                  ;
; Auto Delay Chains                                                  ; On                                    ; On                                    ;
; Auto Delay Chains for High Fanout Input Pins                       ; Off                                   ; Off                                   ;
; Treat Bidirectional Pin as Output Pin                              ; Off                                   ; Off                                   ;
; Perform Physical Synthesis for Combinational Logic for Fitting     ; Off                                   ; Off                                   ;
; Perform Physical Synthesis for Combinational Logic for Performance ; Off                                   ; Off                                   ;
; Perform Register Duplication for Performance                       ; Off                                   ; Off                                   ;
; Perform Register Retiming for Performance                          ; Off                                   ; Off                                   ;
; Perform Asynchronous Signal Pipelining                             ; Off                                   ; Off                                   ;
; Fitter Effort                                                      ; Auto Fit                              ; Auto Fit                              ;
; Physical Synthesis Effort Level                                    ; Normal                                ; Normal                                ;
; Logic Cell Insertion - Logic Duplication                           ; Auto                                  ; Auto                                  ;
; Auto Register Duplication                                          ; Auto                                  ; Auto                                  ;
; Auto Global Clock                                                  ; On                                    ; On                                    ;
; Auto Global Register Control Signals                               ; On                                    ; On                                    ;
; Reserve all unused pins                                            ; As input tri-stated with weak pull-up ; As input tri-stated with weak pull-up ;
; Synchronizer Identification                                        ; Auto                                  ; Auto                                  ;
; Enable Beneficial Skew Optimization                                ; On                                    ; On                                    ;
; Optimize Design for Metastability                                  ; On                                    ; On                                    ;
; Active Serial clock source                                         ; FREQ_100MHz                           ; FREQ_100MHz                           ;
; Force Fitter to Avoid Periphery Placement Warnings                 ; Off                                   ; Off                                   ;
; Clamping Diode                                                     ; Off                                   ; Off                                   ;
; Enable input tri-state on active configuration pins in user mode   ; Off                                   ; Off                                   ;
; Advanced Physical Optimization                                     ; On                                    ; On                                    ;
+--------------------------------------------------------------------+---------------------------------------+---------------------------------------+


+------------------------------------------+
; Parallel Compilation                     ;
+----------------------------+-------------+
; Processors                 ; Number      ;
+----------------------------+-------------+
; Number detected on machine ; 20          ;
; Maximum allowed            ; 14          ;
;                            ;             ;
; Average used               ; 1.03        ;
; Maximum used               ; 14          ;
;                            ;             ;
; Usage by Processor         ; % Time Used ;
;     Processor 1            ; 100.0%      ;
;     Processor 2            ;   0.3%      ;
;     Processor 3            ;   0.2%      ;
;     Processor 4            ;   0.2%      ;
;     Processor 5            ;   0.2%      ;
;     Processor 6            ;   0.2%      ;
;     Processor 7            ;   0.2%      ;
;     Processor 8            ;   0.2%      ;
;     Processor 9            ;   0.2%      ;
;     Processor 10           ;   0.2%      ;
;     Processor 11           ;   0.2%      ;
;     Processor 12           ;   0.2%      ;
;     Processor 13           ;   0.2%      ;
;     Processor 14           ;   0.2%      ;
+----------------------------+-------------+


+----------------------------------------------------------------------------------------------------------------------------------------------------------------------------------------------------------------------------------------------------------------------------------------------------------------------------------------------------+
; Fitter Netlist Optimizations                                                                                                                                                                                                                                                                                                                       ;
+-------------------------------------------------------------------------------+-----------------+---------------------------------------------------+----------------------------+-----------+----------------+-----------------------------------------------------------------------------------------+------------------+-----------------------+
; Node                                                                          ; Action          ; Operation                                         ; Reason                     ; Node Port ; Node Port Name ; Destination Node                                                                        ; Destination Port ; Destination Port Name ;
+-------------------------------------------------------------------------------+-----------------+---------------------------------------------------+----------------------------+-----------+----------------+-----------------------------------------------------------------------------------------+------------------+-----------------------+
; I_CLK~inputCLKENA0                                                            ; Created         ; Placement                                         ; Fitter Periphery Placement ;           ;                ;                                                                                         ;                  ;                       ;
; I_RESET_N~inputCLKENA0                                                        ; Created         ; Placement                                         ; Fitter Periphery Placement ;           ;                ;                                                                                         ;                  ;                       ;
; WAVE_GEN:u_wave_gen|r_amplitude[3]                                            ; Packed Register ; Register Packing                                  ; Timing optimization        ; Q         ;                ; WAVE_GEN:u_wave_gen|Mult0~8                                                             ; AY               ;                       ;
; WAVE_GEN:u_wave_gen|r_amplitude[3]                                            ; Duplicated      ; Register Packing                                  ; Timing optimization        ; Q         ;                ; WAVE_GEN:u_wave_gen|r_amplitude[3]~_Duplicate_1                                         ; Q                ;                       ;
; WAVE_GEN:u_wave_gen|r_amplitude[3]~_Duplicate_1                               ; Packed Register ; Register Packing                                  ; Timing optimization        ; Q         ;                ; WAVE_GEN:u_wave_gen|NEGATIVE_MULTIPLIER:u_neg_mult|Mult0~8                              ; AY               ;                       ;
; WAVE_GEN:u_wave_gen|r_amplitude[4]                                            ; Packed Register ; Register Packing                                  ; Timing optimization        ; Q         ;                ; WAVE_GEN:u_wave_gen|Mult0~8                                                             ; AY               ;                       ;
; WAVE_GEN:u_wave_gen|r_amplitude[4]                                            ; Duplicated      ; Register Packing                                  ; Timing optimization        ; Q         ;                ; WAVE_GEN:u_wave_gen|r_amplitude[4]~_Duplicate_1                                         ; Q                ;                       ;
; WAVE_GEN:u_wave_gen|r_amplitude[4]~_Duplicate_1                               ; Packed Register ; Register Packing                                  ; Timing optimization        ; Q         ;                ; WAVE_GEN:u_wave_gen|NEGATIVE_MULTIPLIER:u_neg_mult|Mult0~8                              ; AY               ;                       ;
; WAVE_GEN:u_wave_gen|r_amplitude[5]                                            ; Packed Register ; Register Packing                                  ; Timing optimization        ; Q         ;                ; WAVE_GEN:u_wave_gen|Mult0~8                                                             ; AY               ;                       ;
; WAVE_GEN:u_wave_gen|r_amplitude[5]                                            ; Duplicated      ; Register Packing                                  ; Timing optimization        ; Q         ;                ; WAVE_GEN:u_wave_gen|r_amplitude[5]~_Duplicate_1                                         ; Q                ;                       ;
; WAVE_GEN:u_wave_gen|r_amplitude[5]~_Duplicate_1                               ; Packed Register ; Register Packing                                  ; Timing optimization        ; Q         ;                ; WAVE_GEN:u_wave_gen|NEGATIVE_MULTIPLIER:u_neg_mult|Mult0~8                              ; AY               ;                       ;
; WAVE_GEN:u_wave_gen|r_amplitude[6]                                            ; Packed Register ; Register Packing                                  ; Timing optimization        ; Q         ;                ; WAVE_GEN:u_wave_gen|Mult0~8                                                             ; AY               ;                       ;
; WAVE_GEN:u_wave_gen|r_amplitude[6]                                            ; Duplicated      ; Register Packing                                  ; Timing optimization        ; Q         ;                ; WAVE_GEN:u_wave_gen|r_amplitude[6]~_Duplicate_1                                         ; Q                ;                       ;
; WAVE_GEN:u_wave_gen|r_amplitude[6]~_Duplicate_1                               ; Packed Register ; Register Packing                                  ; Timing optimization        ; Q         ;                ; WAVE_GEN:u_wave_gen|NEGATIVE_MULTIPLIER:u_neg_mult|Mult0~8                              ; AY               ;                       ;
; WAVE_GEN:u_wave_gen|r_amplitude[7]                                            ; Packed Register ; Register Packing                                  ; Timing optimization        ; Q         ;                ; WAVE_GEN:u_wave_gen|Mult0~8                                                             ; AY               ;                       ;
; WAVE_GEN:u_wave_gen|r_amplitude[7]                                            ; Duplicated      ; Register Packing                                  ; Timing optimization        ; Q         ;                ; WAVE_GEN:u_wave_gen|r_amplitude[7]~_Duplicate_1                                         ; Q                ;                       ;
; WAVE_GEN:u_wave_gen|r_amplitude[7]~_Duplicate_1                               ; Packed Register ; Register Packing                                  ; Timing optimization        ; Q         ;                ; WAVE_GEN:u_wave_gen|NEGATIVE_MULTIPLIER:u_neg_mult|Mult0~8                              ; AY               ;                       ;
; WAVE_GEN:u_wave_gen|r_amplitude[8]                                            ; Packed Register ; Register Packing                                  ; Timing optimization        ; Q         ;                ; WAVE_GEN:u_wave_gen|Mult0~8                                                             ; AY               ;                       ;
; WAVE_GEN:u_wave_gen|r_amplitude[8]                                            ; Duplicated      ; Register Packing                                  ; Timing optimization        ; Q         ;                ; WAVE_GEN:u_wave_gen|r_amplitude[8]~_Duplicate_1                                         ; Q                ;                       ;
; WAVE_GEN:u_wave_gen|r_amplitude[8]~_Duplicate_1                               ; Packed Register ; Register Packing                                  ; Timing optimization        ; Q         ;                ; WAVE_GEN:u_wave_gen|NEGATIVE_MULTIPLIER:u_neg_mult|Mult0~8                              ; AY               ;                       ;
; WAVE_GEN:u_wave_gen|r_amplitude[9]                                            ; Packed Register ; Register Packing                                  ; Timing optimization        ; Q         ;                ; WAVE_GEN:u_wave_gen|Mult0~8                                                             ; AY               ;                       ;
; WAVE_GEN:u_wave_gen|r_amplitude[9]                                            ; Duplicated      ; Register Packing                                  ; Timing optimization        ; Q         ;                ; WAVE_GEN:u_wave_gen|r_amplitude[9]~_Duplicate_1                                         ; Q                ;                       ;
; WAVE_GEN:u_wave_gen|r_amplitude[9]~_Duplicate_1                               ; Packed Register ; Register Packing                                  ; Timing optimization        ; Q         ;                ; WAVE_GEN:u_wave_gen|NEGATIVE_MULTIPLIER:u_neg_mult|Mult0~8                              ; AY               ;                       ;
; WAVE_GEN:u_wave_gen|r_amplitude[10]                                           ; Packed Register ; Register Packing                                  ; Timing optimization        ; Q         ;                ; WAVE_GEN:u_wave_gen|Mult0~8                                                             ; AY               ;                       ;
; WAVE_GEN:u_wave_gen|r_amplitude[10]                                           ; Duplicated      ; Register Packing                                  ; Timing optimization        ; Q         ;                ; WAVE_GEN:u_wave_gen|r_amplitude[10]~_Duplicate_1                                        ; Q                ;                       ;
; WAVE_GEN:u_wave_gen|r_amplitude[10]~_Duplicate_1                              ; Packed Register ; Register Packing                                  ; Timing optimization        ; Q         ;                ; WAVE_GEN:u_wave_gen|NEGATIVE_MULTIPLIER:u_neg_mult|Mult0~8                              ; AY               ;                       ;
; WAVE_GEN:u_wave_gen|r_amplitude[11]                                           ; Packed Register ; Register Packing                                  ; Timing optimization        ; Q         ;                ; WAVE_GEN:u_wave_gen|Mult0~8                                                             ; AY               ;                       ;
; WAVE_GEN:u_wave_gen|r_amplitude[11]                                           ; Duplicated      ; Register Packing                                  ; Timing optimization        ; Q         ;                ; WAVE_GEN:u_wave_gen|r_amplitude[11]~_Duplicate_1                                        ; Q                ;                       ;
; WAVE_GEN:u_wave_gen|r_amplitude[11]~_Duplicate_1                              ; Packed Register ; Register Packing                                  ; Timing optimization        ; Q         ;                ; WAVE_GEN:u_wave_gen|NEGATIVE_MULTIPLIER:u_neg_mult|Mult0~8                              ; AY               ;                       ;
; WAVE_GEN:u_wave_gen|r_amplitude[12]                                           ; Packed Register ; Register Packing                                  ; Timing optimization        ; Q         ;                ; WAVE_GEN:u_wave_gen|Mult0~8                                                             ; AY               ;                       ;
; WAVE_GEN:u_wave_gen|r_amplitude[12]                                           ; Duplicated      ; Register Packing                                  ; Timing optimization        ; Q         ;                ; WAVE_GEN:u_wave_gen|r_amplitude[12]~_Duplicate_1                                        ; Q                ;                       ;
; WAVE_GEN:u_wave_gen|r_amplitude[12]~_Duplicate_1                              ; Packed Register ; Register Packing                                  ; Timing optimization        ; Q         ;                ; WAVE_GEN:u_wave_gen|NEGATIVE_MULTIPLIER:u_neg_mult|Mult0~8                              ; AY               ;                       ;
; WAVE_GEN:u_wave_gen|r_amplitude[13]                                           ; Packed Register ; Register Packing                                  ; Timing optimization        ; Q         ;                ; WAVE_GEN:u_wave_gen|Mult0~8                                                             ; AY               ;                       ;
; WAVE_GEN:u_wave_gen|r_amplitude[13]                                           ; Duplicated      ; Register Packing                                  ; Timing optimization        ; Q         ;                ; WAVE_GEN:u_wave_gen|r_amplitude[13]~_Duplicate_1                                        ; Q                ;                       ;
; WAVE_GEN:u_wave_gen|r_amplitude[13]~_Duplicate_1                              ; Packed Register ; Register Packing                                  ; Timing optimization        ; Q         ;                ; WAVE_GEN:u_wave_gen|NEGATIVE_MULTIPLIER:u_neg_mult|Mult0~8                              ; AY               ;                       ;
; WAVE_GEN:u_wave_gen|r_amplitude[14]                                           ; Packed Register ; Register Packing                                  ; Timing optimization        ; Q         ;                ; WAVE_GEN:u_wave_gen|Mult0~8                                                             ; AY               ;                       ;
; WAVE_GEN:u_wave_gen|r_amplitude[14]                                           ; Duplicated      ; Register Packing                                  ; Timing optimization        ; Q         ;                ; WAVE_GEN:u_wave_gen|r_amplitude[14]~_Duplicate_1                                        ; Q                ;                       ;
; WAVE_GEN:u_wave_gen|r_amplitude[14]~0                                         ; Deleted         ; Register Packing                                  ; Timing optimization        ; COMBOUT   ;                ;                                                                                         ;                  ;                       ;
; WAVE_GEN:u_wave_gen|r_amplitude[14]~_Duplicate_1                              ; Packed Register ; Register Packing                                  ; Timing optimization        ; Q         ;                ; WAVE_GEN:u_wave_gen|NEGATIVE_MULTIPLIER:u_neg_mult|Mult0~8                              ; AY               ;                       ;
; WAVE_GEN:u_wave_gen|r_amplitude[15]                                           ; Packed Register ; Register Packing                                  ; Timing optimization        ; Q         ;                ; WAVE_GEN:u_wave_gen|Mult0~8                                                             ; AY               ;                       ;
; WAVE_GEN:u_wave_gen|r_amplitude[15]                                           ; Duplicated      ; Register Packing                                  ; Timing optimization        ; Q         ;                ; WAVE_GEN:u_wave_gen|r_amplitude[15]~_Duplicate_1                                        ; Q                ;                       ;
; WAVE_GEN:u_wave_gen|r_amplitude[15]~_Duplicate_1                              ; Packed Register ; Register Packing                                  ; Timing optimization        ; Q         ;                ; WAVE_GEN:u_wave_gen|NEGATIVE_MULTIPLIER:u_neg_mult|Mult0~8                              ; AY               ;                       ;
; INPUT_CONTROL:u_input_control|r_amplitude[4]                                  ; Duplicated      ; Router Logic Cell Insertion and Logic Duplication ; Routability optimization   ;           ;                ; INPUT_CONTROL:u_input_control|r_amplitude[4]~DUPLICATE                                  ;                  ;                       ;
; INPUT_CONTROL:u_input_control|r_amplitude[5]                                  ; Duplicated      ; Router Logic Cell Insertion and Logic Duplication ; Routability optimization   ;           ;                ; INPUT_CONTROL:u_input_control|r_amplitude[5]~DUPLICATE                                  ;                  ;                       ;
; INPUT_CONTROL:u_input_control|r_amplitude[6]                                  ; Duplicated      ; Router Logic Cell Insertion and Logic Duplication ; Routability optimization   ;           ;                ; INPUT_CONTROL:u_input_control|r_amplitude[6]~DUPLICATE                                  ;                  ;                       ;
; INPUT_CONTROL:u_input_control|r_amplitude[7]                                  ; Duplicated      ; Router Logic Cell Insertion and Logic Duplication ; Routability optimization   ;           ;                ; INPUT_CONTROL:u_input_control|r_amplitude[7]~DUPLICATE                                  ;                  ;                       ;
; INPUT_CONTROL:u_input_control|r_amplitude[8]                                  ; Duplicated      ; Router Logic Cell Insertion and Logic Duplication ; Routability optimization   ;           ;                ; INPUT_CONTROL:u_input_control|r_amplitude[8]~DUPLICATE                                  ;                  ;                       ;
; INPUT_CONTROL:u_input_control|r_amplitude[9]                                  ; Duplicated      ; Router Logic Cell Insertion and Logic Duplication ; Routability optimization   ;           ;                ; INPUT_CONTROL:u_input_control|r_amplitude[9]~DUPLICATE                                  ;                  ;                       ;
; INPUT_CONTROL:u_input_control|r_amplitude[10]                                 ; Duplicated      ; Router Logic Cell Insertion and Logic Duplication ; Routability optimization   ;           ;                ; INPUT_CONTROL:u_input_control|r_amplitude[10]~DUPLICATE                                 ;                  ;                       ;
; INPUT_CONTROL:u_input_control|r_amplitude[11]                                 ; Duplicated      ; Router Logic Cell Insertion and Logic Duplication ; Routability optimization   ;           ;                ; INPUT_CONTROL:u_input_control|r_amplitude[11]~DUPLICATE                                 ;                  ;                       ;
; INPUT_CONTROL:u_input_control|r_amplitude[12]                                 ; Duplicated      ; Router Logic Cell Insertion and Logic Duplication ; Routability optimization   ;           ;                ; INPUT_CONTROL:u_input_control|r_amplitude[12]~DUPLICATE                                 ;                  ;                       ;
; INPUT_CONTROL:u_input_control|r_duty_cycle_th[17]                             ; Duplicated      ; Router Logic Cell Insertion and Logic Duplication ; Routability optimization   ;           ;                ; INPUT_CONTROL:u_input_control|r_duty_cycle_th[17]~DUPLICATE                             ;                  ;                       ;
; INPUT_CONTROL:u_input_control|r_duty_cycle_th[23]                             ; Duplicated      ; Router Logic Cell Insertion and Logic Duplication ; Routability optimization   ;           ;                ; INPUT_CONTROL:u_input_control|r_duty_cycle_th[23]~DUPLICATE                             ;                  ;                       ;
; INPUT_CONTROL:u_input_control|r_duty_cycle_th[24]                             ; Duplicated      ; Router Logic Cell Insertion and Logic Duplication ; Routability optimization   ;           ;                ; INPUT_CONTROL:u_input_control|r_duty_cycle_th[24]~DUPLICATE                             ;                  ;                       ;
; INPUT_CONTROL:u_input_control|r_duty_cycle_th[28]                             ; Duplicated      ; Router Logic Cell Insertion and Logic Duplication ; Routability optimization   ;           ;                ; INPUT_CONTROL:u_input_control|r_duty_cycle_th[28]~DUPLICATE                             ;                  ;                       ;
; INPUT_CONTROL:u_input_control|r_duty_cycle_th[30]                             ; Duplicated      ; Router Logic Cell Insertion and Logic Duplication ; Routability optimization   ;           ;                ; INPUT_CONTROL:u_input_control|r_duty_cycle_th[30]~DUPLICATE                             ;                  ;                       ;
; INPUT_CONTROL:u_input_control|r_duty_cycle_th[31]                             ; Duplicated      ; Router Logic Cell Insertion and Logic Duplication ; Routability optimization   ;           ;                ; INPUT_CONTROL:u_input_control|r_duty_cycle_th[31]~DUPLICATE                             ;                  ;                       ;
; INPUT_CONTROL:u_input_control|r_phase_ftw[13]                                 ; Duplicated      ; Router Logic Cell Insertion and Logic Duplication ; Routability optimization   ;           ;                ; INPUT_CONTROL:u_input_control|r_phase_ftw[13]~DUPLICATE                                 ;                  ;                       ;
; INPUT_CONTROL:u_input_control|r_phase_ftw[14]                                 ; Duplicated      ; Router Logic Cell Insertion and Logic Duplication ; Routability optimization   ;           ;                ; INPUT_CONTROL:u_input_control|r_phase_ftw[14]~DUPLICATE                                 ;                  ;                       ;
; INPUT_CONTROL:u_input_control|r_phase_ftw[19]                                 ; Duplicated      ; Router Logic Cell Insertion and Logic Duplication ; Routability optimization   ;           ;                ; INPUT_CONTROL:u_input_control|r_phase_ftw[19]~DUPLICATE                                 ;                  ;                       ;
; INPUT_CONTROL:u_input_control|r_phase_ftw[25]                                 ; Duplicated      ; Router Logic Cell Insertion and Logic Duplication ; Routability optimization   ;           ;                ; INPUT_CONTROL:u_input_control|r_phase_ftw[25]~DUPLICATE                                 ;                  ;                       ;
; INPUT_CONTROL:u_input_control|r_phase_ftw[26]                                 ; Duplicated      ; Router Logic Cell Insertion and Logic Duplication ; Routability optimization   ;           ;                ; INPUT_CONTROL:u_input_control|r_phase_ftw[26]~DUPLICATE                                 ;                  ;                       ;
; INPUT_CONTROL:u_input_control|r_phase_ftw[27]                                 ; Duplicated      ; Router Logic Cell Insertion and Logic Duplication ; Routability optimization   ;           ;                ; INPUT_CONTROL:u_input_control|r_phase_ftw[27]~DUPLICATE                                 ;                  ;                       ;
; WAVE_GEN:u_wave_gen|PHASE_ACCUMULATOR:u_phase_accumulator|r_phase_counter[0]  ; Duplicated      ; Router Logic Cell Insertion and Logic Duplication ; Routability optimization   ;           ;                ; WAVE_GEN:u_wave_gen|PHASE_ACCUMULATOR:u_phase_accumulator|r_phase_counter[0]~DUPLICATE  ;                  ;                       ;
; WAVE_GEN:u_wave_gen|PHASE_ACCUMULATOR:u_phase_accumulator|r_phase_counter[1]  ; Duplicated      ; Router Logic Cell Insertion and Logic Duplication ; Routability optimization   ;           ;                ; WAVE_GEN:u_wave_gen|PHASE_ACCUMULATOR:u_phase_accumulator|r_phase_counter[1]~DUPLICATE  ;                  ;                       ;
; WAVE_GEN:u_wave_gen|PHASE_ACCUMULATOR:u_phase_accumulator|r_phase_counter[3]  ; Duplicated      ; Router Logic Cell Insertion and Logic Duplication ; Routability optimization   ;           ;                ; WAVE_GEN:u_wave_gen|PHASE_ACCUMULATOR:u_phase_accumulator|r_phase_counter[3]~DUPLICATE  ;                  ;                       ;
; WAVE_GEN:u_wave_gen|PHASE_ACCUMULATOR:u_phase_accumulator|r_phase_counter[4]  ; Duplicated      ; Router Logic Cell Insertion and Logic Duplication ; Routability optimization   ;           ;                ; WAVE_GEN:u_wave_gen|PHASE_ACCUMULATOR:u_phase_accumulator|r_phase_counter[4]~DUPLICATE  ;                  ;                       ;
; WAVE_GEN:u_wave_gen|PHASE_ACCUMULATOR:u_phase_accumulator|r_phase_counter[5]  ; Duplicated      ; Router Logic Cell Insertion and Logic Duplication ; Routability optimization   ;           ;                ; WAVE_GEN:u_wave_gen|PHASE_ACCUMULATOR:u_phase_accumulator|r_phase_counter[5]~DUPLICATE  ;                  ;                       ;
; WAVE_GEN:u_wave_gen|PHASE_ACCUMULATOR:u_phase_accumulator|r_phase_counter[6]  ; Duplicated      ; Router Logic Cell Insertion and Logic Duplication ; Routability optimization   ;           ;                ; WAVE_GEN:u_wave_gen|PHASE_ACCUMULATOR:u_phase_accumulator|r_phase_counter[6]~DUPLICATE  ;                  ;                       ;
; WAVE_GEN:u_wave_gen|PHASE_ACCUMULATOR:u_phase_accumulator|r_phase_counter[7]  ; Duplicated      ; Router Logic Cell Insertion and Logic Duplication ; Routability optimization   ;           ;                ; WAVE_GEN:u_wave_gen|PHASE_ACCUMULATOR:u_phase_accumulator|r_phase_counter[7]~DUPLICATE  ;                  ;                       ;
; WAVE_GEN:u_wave_gen|PHASE_ACCUMULATOR:u_phase_accumulator|r_phase_counter[9]  ; Duplicated      ; Router Logic Cell Insertion and Logic Duplication ; Routability optimization   ;           ;                ; WAVE_GEN:u_wave_gen|PHASE_ACCUMULATOR:u_phase_accumulator|r_phase_counter[9]~DUPLICATE  ;                  ;                       ;
; WAVE_GEN:u_wave_gen|PHASE_ACCUMULATOR:u_phase_accumulator|r_phase_counter[10] ; Duplicated      ; Router Logic Cell Insertion and Logic Duplication ; Routability optimization   ;           ;                ; WAVE_GEN:u_wave_gen|PHASE_ACCUMULATOR:u_phase_accumulator|r_phase_counter[10]~DUPLICATE ;                  ;                       ;
; WAVE_GEN:u_wave_gen|PHASE_ACCUMULATOR:u_phase_accumulator|r_phase_counter[11] ; Duplicated      ; Router Logic Cell Insertion and Logic Duplication ; Routability optimization   ;           ;                ; WAVE_GEN:u_wave_gen|PHASE_ACCUMULATOR:u_phase_accumulator|r_phase_counter[11]~DUPLICATE ;                  ;                       ;
; WAVE_GEN:u_wave_gen|PHASE_ACCUMULATOR:u_phase_accumulator|r_phase_counter[14] ; Duplicated      ; Router Logic Cell Insertion and Logic Duplication ; Routability optimization   ;           ;                ; WAVE_GEN:u_wave_gen|PHASE_ACCUMULATOR:u_phase_accumulator|r_phase_counter[14]~DUPLICATE ;                  ;                       ;
; WAVE_GEN:u_wave_gen|PHASE_ACCUMULATOR:u_phase_accumulator|r_phase_counter[23] ; Duplicated      ; Router Logic Cell Insertion and Logic Duplication ; Routability optimization   ;           ;                ; WAVE_GEN:u_wave_gen|PHASE_ACCUMULATOR:u_phase_accumulator|r_phase_counter[23]~DUPLICATE ;                  ;                       ;
; WAVE_GEN:u_wave_gen|PHASE_ACCUMULATOR:u_phase_accumulator|r_phase_counter[25] ; Duplicated      ; Router Logic Cell Insertion and Logic Duplication ; Routability optimization   ;           ;                ; WAVE_GEN:u_wave_gen|PHASE_ACCUMULATOR:u_phase_accumulator|r_phase_counter[25]~DUPLICATE ;                  ;                       ;
; WAVE_GEN:u_wave_gen|PHASE_ACCUMULATOR:u_phase_accumulator|r_phase_counter[26] ; Duplicated      ; Router Logic Cell Insertion and Logic Duplication ; Routability optimization   ;           ;                ; WAVE_GEN:u_wave_gen|PHASE_ACCUMULATOR:u_phase_accumulator|r_phase_counter[26]~DUPLICATE ;                  ;                       ;
; WAVE_GEN:u_wave_gen|PHASE_ACCUMULATOR:u_phase_accumulator|r_phase_counter[28] ; Duplicated      ; Router Logic Cell Insertion and Logic Duplication ; Routability optimization   ;           ;                ; WAVE_GEN:u_wave_gen|PHASE_ACCUMULATOR:u_phase_accumulator|r_phase_counter[28]~DUPLICATE ;                  ;                       ;
; WAVE_GEN:u_wave_gen|PHASE_ACCUMULATOR:u_phase_accumulator|r_phase_counter[29] ; Duplicated      ; Router Logic Cell Insertion and Logic Duplication ; Routability optimization   ;           ;                ; WAVE_GEN:u_wave_gen|PHASE_ACCUMULATOR:u_phase_accumulator|r_phase_counter[29]~DUPLICATE ;                  ;                       ;
; WAVE_GEN:u_wave_gen|PHASE_ACCUMULATOR:u_phase_accumulator|r_phase_counter[30] ; Duplicated      ; Router Logic Cell Insertion and Logic Duplication ; Routability optimization   ;           ;                ; WAVE_GEN:u_wave_gen|PHASE_ACCUMULATOR:u_phase_accumulator|r_phase_counter[30]~DUPLICATE ;                  ;                       ;
; WAVE_GEN:u_wave_gen|r_phase_ftw[6]                                            ; Duplicated      ; Router Logic Cell Insertion and Logic Duplication ; Routability optimization   ;           ;                ; WAVE_GEN:u_wave_gen|r_phase_ftw[6]~DUPLICATE                                            ;                  ;                       ;
; WAVE_GEN:u_wave_gen|r_phase_ftw[7]                                            ; Duplicated      ; Router Logic Cell Insertion and Logic Duplication ; Routability optimization   ;           ;                ; WAVE_GEN:u_wave_gen|r_phase_ftw[7]~DUPLICATE                                            ;                  ;                       ;
; WAVE_GEN:u_wave_gen|r_phase_ftw[14]                                           ; Duplicated      ; Router Logic Cell Insertion and Logic Duplication ; Routability optimization   ;           ;                ; WAVE_GEN:u_wave_gen|r_phase_ftw[14]~DUPLICATE                                           ;                  ;                       ;
; WAVE_GEN:u_wave_gen|r_phase_ftw[15]                                           ; Duplicated      ; Router Logic Cell Insertion and Logic Duplication ; Routability optimization   ;           ;                ; WAVE_GEN:u_wave_gen|r_phase_ftw[15]~DUPLICATE                                           ;                  ;                       ;
; WAVE_GEN:u_wave_gen|r_phase_ftw[19]                                           ; Duplicated      ; Router Logic Cell Insertion and Logic Duplication ; Routability optimization   ;           ;                ; WAVE_GEN:u_wave_gen|r_phase_ftw[19]~DUPLICATE                                           ;                  ;                       ;
; WAVE_GEN:u_wave_gen|r_phase_ftw[31]                                           ; Duplicated      ; Router Logic Cell Insertion and Logic Duplication ; Routability optimization   ;           ;                ; WAVE_GEN:u_wave_gen|r_phase_ftw[31]~DUPLICATE                                           ;                  ;                       ;
+-------------------------------------------------------------------------------+-----------------+---------------------------------------------------+----------------------------+-----------+----------------+-----------------------------------------------------------------------------------------+------------------+-----------------------+


+--------------------------------------------------------------------------------------------------+
; Incremental Compilation Preservation Summary                                                     ;
+---------------------+--------------------+----------------------------+--------------------------+
; Type                ; Total [A + B]      ; From Design Partitions [A] ; From Rapid Recompile [B] ;
+---------------------+--------------------+----------------------------+--------------------------+
; Placement (by node) ;                    ;                            ;                          ;
;     -- Requested    ; 0.00 % ( 0 / 940 ) ; 0.00 % ( 0 / 940 )         ; 0.00 % ( 0 / 940 )       ;
;     -- Achieved     ; 0.00 % ( 0 / 940 ) ; 0.00 % ( 0 / 940 )         ; 0.00 % ( 0 / 940 )       ;
;                     ;                    ;                            ;                          ;
; Routing (by net)    ;                    ;                            ;                          ;
;     -- Requested    ; 0.00 % ( 0 / 0 )   ; 0.00 % ( 0 / 0 )           ; 0.00 % ( 0 / 0 )         ;
;     -- Achieved     ; 0.00 % ( 0 / 0 )   ; 0.00 % ( 0 / 0 )           ; 0.00 % ( 0 / 0 )         ;
+---------------------+--------------------+----------------------------+--------------------------+


+----------------------------------------------------------------------------------------------------------------------------------------------------------------------------------------+
; Incremental Compilation Partition Settings                                                                                                                                             ;
+--------------------------------+----------------+-------------------+-------------------------+------------------------+------------------------------+--------------------------------+
; Partition Name                 ; Partition Type ; Netlist Type Used ; Preservation Level Used ; Netlist Type Requested ; Preservation Level Requested ; Contents                       ;
+--------------------------------+----------------+-------------------+-------------------------+------------------------+------------------------------+--------------------------------+
; Top                            ; User-created   ; Source File       ; N/A                     ; Source File            ; N/A                          ;                                ;
; hard_block:auto_generated_inst ; Auto-generated ; Source File       ; N/A                     ; Source File            ; N/A                          ; hard_block:auto_generated_inst ;
+--------------------------------+----------------+-------------------+-------------------------+------------------------+------------------------------+--------------------------------+


+------------------------------------------------------------------------------------------------------------------------------------+
; Incremental Compilation Placement Preservation                                                                                     ;
+--------------------------------+-----------------------+-------------------------+-------------------+---------------------+-------+
; Partition Name                 ; Preservation Achieved ; Preservation Level Used ; Netlist Type Used ; Preservation Method ; Notes ;
+--------------------------------+-----------------------+-------------------------+-------------------+---------------------+-------+
; Top                            ; 0.00 % ( 0 / 940 )    ; N/A                     ; Source File       ; N/A                 ;       ;
; hard_block:auto_generated_inst ; 0.00 % ( 0 / 0 )      ; N/A                     ; Source File       ; N/A                 ;       ;
+--------------------------------+-----------------------+-------------------------+-------------------+---------------------+-------+


+--------------+
; Pin-Out File ;
+--------------+
The pin-out file can be found in C:/SystemVerilog/Waveform_Generator/quartus/output_files/WAVE_GEN_TOP.pin.


+-------------------------------------------------------------------------------------------+
; Fitter Resource Usage Summary                                                             ;
+-------------------------------------------------------------+---------------------+-------+
; Resource                                                    ; Usage               ; %     ;
+-------------------------------------------------------------+---------------------+-------+
; Logic utilization (ALMs needed / total ALMs on device)      ; 293 / 56,480        ; < 1 % ;
; ALMs needed [=A-B+C]                                        ; 293                 ;       ;
;     [A] ALMs used in final placement [=a+b+c+d]             ; 315 / 56,480        ; < 1 % ;
;         [a] ALMs used for LUT logic and registers           ; 108                 ;       ;
;         [b] ALMs used for LUT logic                         ; 180                 ;       ;
;         [c] ALMs used for registers                         ; 27                  ;       ;
;         [d] ALMs used for memory (up to half of total ALMs) ; 0                   ;       ;
;     [B] Estimate of ALMs recoverable by dense packing       ; 22 / 56,480         ; < 1 % ;
;     [C] Estimate of ALMs unavailable [=a+b+c+d]             ; 0 / 56,480          ; 0 %   ;
;         [a] Due to location constrained logic               ; 0                   ;       ;
;         [b] Due to LAB-wide signal conflicts                ; 0                   ;       ;
;         [c] Due to LAB input limits                         ; 0                   ;       ;
;         [d] Due to virtual I/Os                             ; 0                   ;       ;
;                                                             ;                     ;       ;
; Difficulty packing design                                   ; Low                 ;       ;
;                                                             ;                     ;       ;
; Total LABs:  partially or completely used                   ; 43 / 5,648          ; < 1 % ;
;     -- Logic LABs                                           ; 43                  ;       ;
;     -- Memory LABs (up to half of total LABs)               ; 0                   ;       ;
;                                                             ;                     ;       ;
; Combinational ALUT usage for logic                          ; 536                 ;       ;
;     -- 7 input functions                                    ; 1                   ;       ;
;     -- 6 input functions                                    ; 72                  ;       ;
;     -- 5 input functions                                    ; 96                  ;       ;
;     -- 4 input functions                                    ; 100                 ;       ;
;     -- <=3 input functions                                  ; 267                 ;       ;
; Combinational ALUT usage for route-throughs                 ; 17                  ;       ;
;                                                             ;                     ;       ;
; Dedicated logic registers                                   ; 312                 ;       ;
;     -- By type:                                             ;                     ;       ;
;         -- Primary logic registers                          ; 268 / 112,960       ; < 1 % ;
;         -- Secondary logic registers                        ; 44 / 112,960        ; < 1 % ;
;     -- By function:                                         ;                     ;       ;
;         -- Design implementation registers                  ; 268                 ;       ;
;         -- Routing optimization registers                   ; 44                  ;       ;
;                                                             ;                     ;       ;
; Virtual pins                                                ; 0                   ;       ;
; I/O pins                                                    ; 37 / 268            ; 14 %  ;
;     -- Clock pins                                           ; 3 / 11              ; 27 %  ;
;     -- Dedicated input pins                                 ; 0 / 23              ; 0 %   ;
;                                                             ;                     ;       ;
; M10K blocks                                                 ; 24 / 686            ; 3 %   ;
; Total MLAB memory bits                                      ; 0                   ;       ;
; Total block memory bits                                     ; 196,608 / 7,024,640 ; 3 %   ;
; Total block memory implementation bits                      ; 245,760 / 7,024,640 ; 3 %   ;
;                                                             ;                     ;       ;
; Total DSP Blocks                                            ; 2 / 156             ; 1 %   ;
;                                                             ;                     ;       ;
; Fractional PLLs                                             ; 0 / 7               ; 0 %   ;
; Global signals                                              ; 2                   ;       ;
;     -- Global clocks                                        ; 2 / 16              ; 13 %  ;
;     -- Quadrant clocks                                      ; 0 / 88              ; 0 %   ;
;     -- Horizontal periphery clocks                          ; 0 / 18              ; 0 %   ;
; SERDES Transmitters                                         ; 0 / 120             ; 0 %   ;
; SERDES Receivers                                            ; 0 / 120             ; 0 %   ;
; JTAGs                                                       ; 0 / 1               ; 0 %   ;
; ASMI blocks                                                 ; 0 / 1               ; 0 %   ;
; CRC blocks                                                  ; 0 / 1               ; 0 %   ;
; Remote update blocks                                        ; 0 / 1               ; 0 %   ;
; Oscillator blocks                                           ; 0 / 1               ; 0 %   ;
; Hard IPs                                                    ; 0 / 1               ; 0 %   ;
; Standard RX PCSs                                            ; 0 / 6               ; 0 %   ;
; HSSI PMA RX Deserializers                                   ; 0 / 6               ; 0 %   ;
; Standard TX PCSs                                            ; 0 / 6               ; 0 %   ;
; HSSI PMA TX Serializers                                     ; 0 / 6               ; 0 %   ;
; Channel PLLs                                                ; 0 / 6               ; 0 %   ;
; Impedance control blocks                                    ; 0 / 3               ; 0 %   ;
; Hard Memory Controllers                                     ; 0 / 2               ; 0 %   ;
; Average interconnect usage (total/H/V)                      ; 0.2% / 0.2% / 0.2%  ;       ;
; Peak interconnect usage (total/H/V)                         ; 4.2% / 4.2% / 4.4%  ;       ;
; Maximum fan-out                                             ; 338                 ;       ;
; Highest non-global fan-out                                  ; 76                  ;       ;
; Total fan-out                                               ; 3662                ;       ;
; Average fan-out                                             ; 3.79                ;       ;
+-------------------------------------------------------------+---------------------+-------+


+-----------------------------------------------------------------------------------------------------------------------+
; Fitter Partition Statistics                                                                                           ;
+-------------------------------------------------------------+------------------------+--------------------------------+
; Statistic                                                   ; Top                    ; hard_block:auto_generated_inst ;
+-------------------------------------------------------------+------------------------+--------------------------------+
; Logic utilization (ALMs needed / total ALMs on device)      ; 293 / 56480 ( < 1 % )  ; 0 / 56480 ( 0 % )              ;
; ALMs needed [=A-B+C]                                        ; 293                    ; 0                              ;
;     [A] ALMs used in final placement [=a+b+c+d]             ; 315 / 56480 ( < 1 % )  ; 0 / 56480 ( 0 % )              ;
;         [a] ALMs used for LUT logic and registers           ; 108                    ; 0                              ;
;         [b] ALMs used for LUT logic                         ; 180                    ; 0                              ;
;         [c] ALMs used for registers                         ; 27                     ; 0                              ;
;         [d] ALMs used for memory (up to half of total ALMs) ; 0                      ; 0                              ;
;     [B] Estimate of ALMs recoverable by dense packing       ; 22 / 56480 ( < 1 % )   ; 0 / 56480 ( 0 % )              ;
;     [C] Estimate of ALMs unavailable [=a+b+c+d]             ; 0 / 56480 ( 0 % )      ; 0 / 56480 ( 0 % )              ;
;         [a] Due to location constrained logic               ; 0                      ; 0                              ;
;         [b] Due to LAB-wide signal conflicts                ; 0                      ; 0                              ;
;         [c] Due to LAB input limits                         ; 0                      ; 0                              ;
;         [d] Due to virtual I/Os                             ; 0                      ; 0                              ;
;                                                             ;                        ;                                ;
; Difficulty packing design                                   ; Low                    ; Low                            ;
;                                                             ;                        ;                                ;
; Total LABs:  partially or completely used                   ; 43 / 5648 ( < 1 % )    ; 0 / 5648 ( 0 % )               ;
;     -- Logic LABs                                           ; 43                     ; 0                              ;
;     -- Memory LABs (up to half of total LABs)               ; 0                      ; 0                              ;
;                                                             ;                        ;                                ;
; Combinational ALUT usage for logic                          ; 536                    ; 0                              ;
;     -- 7 input functions                                    ; 1                      ; 0                              ;
;     -- 6 input functions                                    ; 72                     ; 0                              ;
;     -- 5 input functions                                    ; 96                     ; 0                              ;
;     -- 4 input functions                                    ; 100                    ; 0                              ;
;     -- <=3 input functions                                  ; 267                    ; 0                              ;
; Combinational ALUT usage for route-throughs                 ; 17                     ; 0                              ;
; Memory ALUT usage                                           ; 0                      ; 0                              ;
;     -- 64-address deep                                      ; 0                      ; 0                              ;
;     -- 32-address deep                                      ; 0                      ; 0                              ;
;                                                             ;                        ;                                ;
; Dedicated logic registers                                   ; 0                      ; 0                              ;
;     -- By type:                                             ;                        ;                                ;
;         -- Primary logic registers                          ; 268 / 112960 ( < 1 % ) ; 0 / 112960 ( 0 % )             ;
;         -- Secondary logic registers                        ; 44 / 112960 ( < 1 % )  ; 0 / 112960 ( 0 % )             ;
;     -- By function:                                         ;                        ;                                ;
;         -- Design implementation registers                  ; 268                    ; 0                              ;
;         -- Routing optimization registers                   ; 44                     ; 0                              ;
;                                                             ;                        ;                                ;
;                                                             ;                        ;                                ;
; Virtual pins                                                ; 0                      ; 0                              ;
; I/O pins                                                    ; 37                     ; 0                              ;
; I/O registers                                               ; 0                      ; 0                              ;
; Total block memory bits                                     ; 196608                 ; 0                              ;
; Total block memory implementation bits                      ; 245760                 ; 0                              ;
; M10K block                                                  ; 24 / 686 ( 3 % )       ; 0 / 686 ( 0 % )                ;
; DSP block                                                   ; 2 / 156 ( 1 % )        ; 0 / 156 ( 0 % )                ;
; Clock enable block                                          ; 2 / 122 ( 1 % )        ; 0 / 122 ( 0 % )                ;
;                                                             ;                        ;                                ;
; Connections                                                 ;                        ;                                ;
;     -- Input Connections                                    ; 0                      ; 0                              ;
;     -- Registered Input Connections                         ; 0                      ; 0                              ;
;     -- Output Connections                                   ; 0                      ; 0                              ;
;     -- Registered Output Connections                        ; 0                      ; 0                              ;
;                                                             ;                        ;                                ;
; Internal Connections                                        ;                        ;                                ;
;     -- Total Connections                                    ; 3662                   ; 0                              ;
;     -- Registered Connections                               ; 1319                   ; 0                              ;
;                                                             ;                        ;                                ;
; External Connections                                        ;                        ;                                ;
;     -- Top                                                  ; 0                      ; 0                              ;
;     -- hard_block:auto_generated_inst                       ; 0                      ; 0                              ;
;                                                             ;                        ;                                ;
; Partition Interface                                         ;                        ;                                ;
;     -- Input Ports                                          ; 12                     ; 0                              ;
;     -- Output Ports                                         ; 25                     ; 0                              ;
;     -- Bidir Ports                                          ; 0                      ; 0                              ;
;                                                             ;                        ;                                ;
; Registered Ports                                            ;                        ;                                ;
;     -- Registered Input Ports                               ; 0                      ; 0                              ;
;     -- Registered Output Ports                              ; 0                      ; 0                              ;
;                                                             ;                        ;                                ;
; Port Connectivity                                           ;                        ;                                ;
;     -- Input Ports driven by GND                            ; 0                      ; 0                              ;
;     -- Output Ports driven by GND                           ; 0                      ; 0                              ;
;     -- Input Ports driven by VCC                            ; 0                      ; 0                              ;
;     -- Output Ports driven by VCC                           ; 0                      ; 0                              ;
;     -- Input Ports with no Source                           ; 0                      ; 0                              ;
;     -- Output Ports with no Source                          ; 0                      ; 0                              ;
;     -- Input Ports with no Fanout                           ; 0                      ; 0                              ;
;     -- Output Ports with no Fanout                          ; 0                      ; 0                              ;
+-------------------------------------------------------------+------------------------+--------------------------------+


+--------------------------------------------------------------------------------------------------------------------------------------------------------------------------------------------------------------------------------------------------------------------------------------------------+
; Input Pins                                                                                                                                                                                                                                                                                       ;
+-------------------+-------+----------+--------------+--------------+--------------+-----------------------+--------------------+--------+----------------+-----------------+----------+--------------+--------------+-------------+---------------------------+----------------------+-----------+
; Name              ; Pin # ; I/O Bank ; X coordinate ; Y coordinate ; Z coordinate ; Combinational Fan-Out ; Registered Fan-Out ; Global ; Input Register ; PCI I/O Enabled ; Bus Hold ; Weak Pull Up ; I/O Standard ; Termination ; Termination Control Block ; Location assigned by ; Slew Rate ;
+-------------------+-------+----------+--------------+--------------+--------------+-----------------------+--------------------+--------+----------------+-----------------+----------+--------------+--------------+-------------+---------------------------+----------------------+-----------+
; I_CHANGE_MODE     ; AB12  ; 4A       ; 50           ; 0            ; 74           ; 1                     ; 0                  ; no     ; no             ; no              ; no       ; Off          ; 2.5 V        ; Off         ; --                        ; Fitter               ; no        ;
; I_CLK             ; M16   ; 5B       ; 89           ; 35           ; 60           ; 338                   ; 0                  ; yes    ; no             ; no              ; no       ; Off          ; 2.5 V        ; Off         ; --                        ; Fitter               ; no        ;
; I_DOWN            ; P12   ; 3B       ; 36           ; 0            ; 34           ; 1                     ; 0                  ; no     ; no             ; no              ; no       ; Off          ; 2.5 V        ; Off         ; --                        ; Fitter               ; no        ;
; I_NOISE_INJECT_EN ; AB5   ; 3B       ; 26           ; 0            ; 74           ; 24                    ; 0                  ; no     ; no             ; no              ; no       ; Off          ; 2.5 V        ; Off         ; --                        ; Fitter               ; no        ;
; I_PHASE_CLEAR     ; Y11   ; 3B       ; 40           ; 0            ; 51           ; 1                     ; 0                  ; no     ; no             ; no              ; no       ; Off          ; 2.5 V        ; Off         ; --                        ; Fitter               ; no        ;
; I_PHASE_SAMPLE_EN ; AA9   ; 3B       ; 32           ; 0            ; 34           ; 1                     ; 0                  ; no     ; no             ; no              ; no       ; Off          ; 2.5 V        ; Off         ; --                        ; Fitter               ; no        ;
; I_RESET_N         ; M9    ; 3B       ; 32           ; 0            ; 0            ; 314                   ; 0                  ; yes    ; no             ; no              ; no       ; Off          ; 2.5 V        ; Off         ; --                        ; Fitter               ; no        ;
; I_START           ; T12   ; 4A       ; 52           ; 0            ; 17           ; 1                     ; 0                  ; no     ; no             ; no              ; no       ; Off          ; 2.5 V        ; Off         ; --                        ; Fitter               ; no        ;
; I_UP              ; R9    ; 3B       ; 34           ; 0            ; 40           ; 1                     ; 0                  ; no     ; no             ; no              ; no       ; Off          ; 2.5 V        ; Off         ; --                        ; Fitter               ; no        ;
; I_WAVE_SELECT[0]  ; T13   ; 4A       ; 52           ; 0            ; 0            ; 1                     ; 0                  ; no     ; no             ; no              ; no       ; Off          ; 2.5 V        ; Off         ; --                        ; Fitter               ; no        ;
; I_WAVE_SELECT[1]  ; R10   ; 3B       ; 38           ; 0            ; 17           ; 1                     ; 0                  ; no     ; no             ; no              ; no       ; Off          ; 2.5 V        ; Off         ; --                        ; Fitter               ; no        ;
; I_WAVE_SELECT[2]  ; AA14  ; 4A       ; 52           ; 0            ; 51           ; 1                     ; 0                  ; no     ; no             ; no              ; no       ; Off          ; 2.5 V        ; Off         ; --                        ; Fitter               ; no        ;
+-------------------+-------+----------+--------------+--------------+--------------+-----------------------+--------------------+--------+----------------+-----------------+----------+--------------+--------------+-------------+---------------------------+----------------------+-----------+


+---------------------------------------------------------------------------------------------------------------------------------------------------------------------------------------------------------------------------------------------------------------------------------------------------------------------------------------------------------------------------------------------------------------------------------------------------------------------------------------------------------------+
; Output Pins                                                                                                                                                                                                                                                                                                                                                                                                                                                                                                   ;
+--------------------------+-------+----------+--------------+--------------+--------------+-----------------+------------------------+-----------+-----------------+------------+---------------+----------+--------------+--------------+------------------+-----------------------------------+---------------------------+----------------------------+-----------------------------+---------------------+-----------------------------+----------------------+----------------------+---------------------+
; Name                     ; Pin # ; I/O Bank ; X coordinate ; Y coordinate ; Z coordinate ; Output Register ; Output Enable Register ; Slew Rate ; PCI I/O Enabled ; Open Drain ; TRI Primitive ; Bus Hold ; Weak Pull Up ; I/O Standard ; Current Strength ; Termination                       ; Termination Control Block ; Output Buffer Pre-emphasis ; Voltage Output Differential ; Output Buffer Delay ; Output Buffer Delay Control ; Location assigned by ; Output Enable Source ; Output Enable Group ;
+--------------------------+-------+----------+--------------+--------------+--------------+-----------------+------------------------+-----------+-----------------+------------+---------------+----------+--------------+--------------+------------------+-----------------------------------+---------------------------+----------------------------+-----------------------------+---------------------+-----------------------------+----------------------+----------------------+---------------------+
; O_PHASE_FREQ_RANGE_ERROR ; AB13  ; 4A       ; 50           ; 0            ; 91           ; no              ; no                     ; 1         ; no              ; no         ; no            ; no       ; Off          ; 2.5 V        ; Default          ; Series 50 Ohm without Calibration ; --                        ; no                         ; no                          ; 0                   ; Off                         ; Fitter               ; -                    ; -                   ;
; O_WAVE_DATA[0]           ; U10   ; 3B       ; 30           ; 0            ; 0            ; no              ; no                     ; 1         ; no              ; no         ; no            ; no       ; Off          ; 2.5 V        ; Default          ; Series 50 Ohm without Calibration ; --                        ; no                         ; no                          ; 0                   ; Off                         ; Fitter               ; -                    ; -                   ;
; O_WAVE_DATA[10]          ; N9    ; 3B       ; 40           ; 0            ; 0            ; no              ; no                     ; 1         ; no              ; no         ; no            ; no       ; Off          ; 2.5 V        ; Default          ; Series 50 Ohm without Calibration ; --                        ; no                         ; no                          ; 0                   ; Off                         ; Fitter               ; -                    ; -                   ;
; O_WAVE_DATA[11]          ; AB7   ; 3B       ; 28           ; 0            ; 34           ; no              ; no                     ; 1         ; no              ; no         ; no            ; no       ; Off          ; 2.5 V        ; Default          ; Series 50 Ohm without Calibration ; --                        ; no                         ; no                          ; 0                   ; Off                         ; Fitter               ; -                    ; -                   ;
; O_WAVE_DATA[12]          ; AB11  ; 3B       ; 38           ; 0            ; 34           ; no              ; no                     ; 1         ; no              ; no         ; no            ; no       ; Off          ; 2.5 V        ; Default          ; Series 50 Ohm without Calibration ; --                        ; no                         ; no                          ; 0                   ; Off                         ; Fitter               ; -                    ; -                   ;
; O_WAVE_DATA[13]          ; Y10   ; 3B       ; 34           ; 0            ; 91           ; no              ; no                     ; 1         ; no              ; no         ; no            ; no       ; Off          ; 2.5 V        ; Default          ; Series 50 Ohm without Calibration ; --                        ; no                         ; no                          ; 0                   ; Off                         ; Fitter               ; -                    ; -                   ;
; O_WAVE_DATA[14]          ; V10   ; 3B       ; 26           ; 0            ; 40           ; no              ; no                     ; 1         ; no              ; no         ; no            ; no       ; Off          ; 2.5 V        ; Default          ; Series 50 Ohm without Calibration ; --                        ; no                         ; no                          ; 0                   ; Off                         ; Fitter               ; -                    ; -                   ;
; O_WAVE_DATA[15]          ; P9    ; 3B       ; 40           ; 0            ; 17           ; no              ; no                     ; 1         ; no              ; no         ; no            ; no       ; Off          ; 2.5 V        ; Default          ; Series 50 Ohm without Calibration ; --                        ; no                         ; no                          ; 0                   ; Off                         ; Fitter               ; -                    ; -                   ;
; O_WAVE_DATA[16]          ; M8    ; 3B       ; 32           ; 0            ; 17           ; no              ; no                     ; 1         ; no              ; no         ; no            ; no       ; Off          ; 2.5 V        ; Default          ; Series 50 Ohm without Calibration ; --                        ; no                         ; no                          ; 0                   ; Off                         ; Fitter               ; -                    ; -                   ;
; O_WAVE_DATA[17]          ; AA8   ; 3B       ; 30           ; 0            ; 51           ; no              ; no                     ; 1         ; no              ; no         ; no            ; no       ; Off          ; 2.5 V        ; Default          ; Series 50 Ohm without Calibration ; --                        ; no                         ; no                          ; 0                   ; Off                         ; Fitter               ; -                    ; -                   ;
; O_WAVE_DATA[18]          ; T10   ; 3B       ; 34           ; 0            ; 57           ; no              ; no                     ; 1         ; no              ; no         ; no            ; no       ; Off          ; 2.5 V        ; Default          ; Series 50 Ohm without Calibration ; --                        ; no                         ; no                          ; 0                   ; Off                         ; Fitter               ; -                    ; -                   ;
; O_WAVE_DATA[19]          ; N8    ; 3B       ; 28           ; 0            ; 0            ; no              ; no                     ; 1         ; no              ; no         ; no            ; no       ; Off          ; 2.5 V        ; Default          ; Series 50 Ohm without Calibration ; --                        ; no                         ; no                          ; 0                   ; Off                         ; Fitter               ; -                    ; -                   ;
; O_WAVE_DATA[1]           ; U11   ; 3B       ; 36           ; 0            ; 17           ; no              ; no                     ; 1         ; no              ; no         ; no            ; no       ; Off          ; 2.5 V        ; Default          ; Series 50 Ohm without Calibration ; --                        ; no                         ; no                          ; 0                   ; Off                         ; Fitter               ; -                    ; -                   ;
; O_WAVE_DATA[20]          ; AA7   ; 3B       ; 28           ; 0            ; 51           ; no              ; no                     ; 1         ; no              ; no         ; no            ; no       ; Off          ; 2.5 V        ; Default          ; Series 50 Ohm without Calibration ; --                        ; no                         ; no                          ; 0                   ; Off                         ; Fitter               ; -                    ; -                   ;
; O_WAVE_DATA[21]          ; AA12  ; 3B       ; 40           ; 0            ; 34           ; no              ; no                     ; 1         ; no              ; no         ; no            ; no       ; Off          ; 2.5 V        ; Default          ; Series 50 Ohm without Calibration ; --                        ; no                         ; no                          ; 0                   ; Off                         ; Fitter               ; -                    ; -                   ;
; O_WAVE_DATA[22]          ; AA10  ; 3B       ; 32           ; 0            ; 51           ; no              ; no                     ; 1         ; no              ; no         ; no            ; no       ; Off          ; 2.5 V        ; Default          ; Series 50 Ohm without Calibration ; --                        ; no                         ; no                          ; 0                   ; Off                         ; Fitter               ; -                    ; -                   ;
; O_WAVE_DATA[23]          ; R12   ; 3B       ; 36           ; 0            ; 51           ; no              ; no                     ; 1         ; no              ; no         ; no            ; no       ; Off          ; 2.5 V        ; Default          ; Series 50 Ohm without Calibration ; --                        ; no                         ; no                          ; 0                   ; Off                         ; Fitter               ; -                    ; -                   ;
; O_WAVE_DATA[2]           ; AB6   ; 3B       ; 26           ; 0            ; 91           ; no              ; no                     ; 1         ; no              ; no         ; no            ; no       ; Off          ; 2.5 V        ; Default          ; Series 50 Ohm without Calibration ; --                        ; no                         ; no                          ; 0                   ; Off                         ; Fitter               ; -                    ; -                   ;
; O_WAVE_DATA[3]           ; V9    ; 3B       ; 26           ; 0            ; 57           ; no              ; no                     ; 1         ; no              ; no         ; no            ; no       ; Off          ; 2.5 V        ; Default          ; Series 50 Ohm without Calibration ; --                        ; no                         ; no                          ; 0                   ; Off                         ; Fitter               ; -                    ; -                   ;
; O_WAVE_DATA[4]           ; AB8   ; 3B       ; 30           ; 0            ; 34           ; no              ; no                     ; 1         ; no              ; no         ; no            ; no       ; Off          ; 2.5 V        ; Default          ; Series 50 Ohm without Calibration ; --                        ; no                         ; no                          ; 0                   ; Off                         ; Fitter               ; -                    ; -                   ;
; O_WAVE_DATA[5]           ; T9    ; 3B       ; 30           ; 0            ; 17           ; no              ; no                     ; 1         ; no              ; no         ; no            ; no       ; Off          ; 2.5 V        ; Default          ; Series 50 Ohm without Calibration ; --                        ; no                         ; no                          ; 0                   ; Off                         ; Fitter               ; -                    ; -                   ;
; O_WAVE_DATA[6]           ; Y9    ; 3B       ; 34           ; 0            ; 74           ; no              ; no                     ; 1         ; no              ; no         ; no            ; no       ; Off          ; 2.5 V        ; Default          ; Series 50 Ohm without Calibration ; --                        ; no                         ; no                          ; 0                   ; Off                         ; Fitter               ; -                    ; -                   ;
; O_WAVE_DATA[7]           ; W9    ; 3A       ; 4            ; 0            ; 34           ; no              ; no                     ; 1         ; no              ; no         ; no            ; no       ; Off          ; 2.5 V        ; Default          ; Series 50 Ohm without Calibration ; --                        ; no                         ; no                          ; 0                   ; Off                         ; Fitter               ; -                    ; -                   ;
; O_WAVE_DATA[8]           ; P8    ; 3B       ; 28           ; 0            ; 17           ; no              ; no                     ; 1         ; no              ; no         ; no            ; no       ; Off          ; 2.5 V        ; Default          ; Series 50 Ohm without Calibration ; --                        ; no                         ; no                          ; 0                   ; Off                         ; Fitter               ; -                    ; -                   ;
; O_WAVE_DATA[9]           ; U12   ; 3B       ; 36           ; 0            ; 0            ; no              ; no                     ; 1         ; no              ; no         ; no            ; no       ; Off          ; 2.5 V        ; Default          ; Series 50 Ohm without Calibration ; --                        ; no                         ; no                          ; 0                   ; Off                         ; Fitter               ; -                    ; -                   ;
+--------------------------+-------+----------+--------------+--------------+--------------+-----------------+------------------------+-----------+-----------------+------------+---------------+----------+--------------+--------------+------------------+-----------------------------------+---------------------------+----------------------------+-----------------------------+---------------------+-----------------------------+----------------------+----------------------+---------------------+


+----------------------------------------------------------------------------+
; I/O Bank Usage                                                             ;
+----------+------------------+---------------+--------------+---------------+
; I/O Bank ; Usage            ; VCCIO Voltage ; VREF Voltage ; VCCPD Voltage ;
+----------+------------------+---------------+--------------+---------------+
; B2L      ; 0 / 0 ( -- )     ; --            ; --           ; --            ;
; B1L      ; 0 / 14 ( 0 % )   ; --            ; --           ; --            ;
; B0L      ; 0 / 14 ( 0 % )   ; --            ; --           ; --            ;
; 3A       ; 1 / 16 ( 6 % )   ; 2.5V          ; --           ; 2.5V          ;
; 3B       ; 30 / 32 ( 94 % ) ; 2.5V          ; --           ; 2.5V          ;
; 4A       ; 5 / 48 ( 10 % )  ; 2.5V          ; --           ; 2.5V          ;
; 5A       ; 0 / 16 ( 0 % )   ; 2.5V          ; --           ; 2.5V          ;
; 5B       ; 1 / 16 ( 6 % )   ; 2.5V          ; --           ; 2.5V          ;
; 7A       ; 0 / 80 ( 0 % )   ; 2.5V          ; --           ; 2.5V          ;
; 8A       ; 0 / 32 ( 0 % )   ; 2.5V          ; --           ; 2.5V          ;
+----------+------------------+---------------+--------------+---------------+


+-----------------------------------------------------------------------------------------------------------------------------------------------------------------------------+
; All Package Pins                                                                                                                                                            ;
+----------+------------+----------+---------------------------------+--------+--------------+---------------------+--------------+-----------------+----------+--------------+
; Location ; Pad Number ; I/O Bank ; Pin Name/Usage                  ; Dir.   ; I/O Standard ; Voltage             ; I/O Type     ; User Assignment ; Bus Hold ; Weak Pull Up ;
+----------+------------+----------+---------------------------------+--------+--------------+---------------------+--------------+-----------------+----------+--------------+
; A1       ;            ;          ; RREF                            ;        ;              ;                     ; --           ;                 ; --       ; --           ;
; A2       ; 538        ; 9A       ; ^MSEL2                          ;        ;              ;                     ; --           ;                 ; --       ; --           ;
; A3       ;            ; --       ; VCCBAT                          ; power  ;              ; 1.2V                ; --           ;                 ; --       ; --           ;
; A4       ; 540        ; 9A       ; ^nCONFIG                        ;        ;              ;                     ; --           ;                 ; --       ; --           ;
; A5       ; 466        ; 8A       ; RESERVED_INPUT_WITH_WEAK_PULLUP ;        ;              ;                     ; Column I/O   ;                 ; no       ; On           ;
; A6       ;            ; 8A       ; VCCIO8A                         ; power  ;              ; 2.5V                ; --           ;                 ; --       ; --           ;
; A7       ; 475        ; 8A       ; RESERVED_INPUT_WITH_WEAK_PULLUP ;        ;              ;                     ; Column I/O   ;                 ; no       ; On           ;
; A8       ; 473        ; 8A       ; RESERVED_INPUT_WITH_WEAK_PULLUP ;        ;              ;                     ; Column I/O   ;                 ; no       ; On           ;
; A9       ; 464        ; 8A       ; RESERVED_INPUT_WITH_WEAK_PULLUP ;        ;              ;                     ; Column I/O   ;                 ; no       ; On           ;
; A10      ; 462        ; 8A       ; RESERVED_INPUT_WITH_WEAK_PULLUP ;        ;              ;                     ; Column I/O   ;                 ; no       ; On           ;
; A11      ;            ;          ; GND                             ; gnd    ;              ;                     ; --           ;                 ; --       ; --           ;
; A12      ; 444        ; 7A       ; RESERVED_INPUT_WITH_WEAK_PULLUP ;        ;              ;                     ; Column I/O   ;                 ; no       ; On           ;
; A13      ; 432        ; 7A       ; RESERVED_INPUT_WITH_WEAK_PULLUP ;        ;              ;                     ; Column I/O   ;                 ; no       ; On           ;
; A14      ; 420        ; 7A       ; RESERVED_INPUT_WITH_WEAK_PULLUP ;        ;              ;                     ; Column I/O   ;                 ; no       ; On           ;
; A15      ; 418        ; 7A       ; RESERVED_INPUT_WITH_WEAK_PULLUP ;        ;              ;                     ; Column I/O   ;                 ; no       ; On           ;
; A16      ;            ; 7A       ; VCCIO7A                         ; power  ;              ; 2.5V                ; --           ;                 ; --       ; --           ;
; A17      ; 403        ; 7A       ; RESERVED_INPUT_WITH_WEAK_PULLUP ;        ;              ;                     ; Column I/O   ;                 ; no       ; On           ;
; A18      ; 401        ; 7A       ; RESERVED_INPUT_WITH_WEAK_PULLUP ;        ;              ;                     ; Column I/O   ;                 ; no       ; On           ;
; A19      ; 404        ; 7A       ; RESERVED_INPUT_WITH_WEAK_PULLUP ;        ;              ;                     ; Column I/O   ;                 ; no       ; On           ;
; A20      ; 402        ; 7A       ; RESERVED_INPUT_WITH_WEAK_PULLUP ;        ;              ;                     ; Column I/O   ;                 ; no       ; On           ;
; A21      ;            ;          ; GND                             ; gnd    ;              ;                     ; --           ;                 ; --       ; --           ;
; A22      ; 396        ; 7A       ; RESERVED_INPUT_WITH_WEAK_PULLUP ;        ;              ;                     ; Column I/O   ;                 ; no       ; On           ;
; AA1      ; 39         ; B0L      ; GND                             ;        ;              ;                     ; --           ;                 ; --       ; --           ;
; AA2      ; 38         ; B0L      ; GND                             ;        ;              ;                     ; --           ;                 ; --       ; --           ;
; AA3      ;            ;          ; GND                             ; gnd    ;              ;                     ; --           ;                 ; --       ; --           ;
; AA4      ;            ;          ; GND                             ; gnd    ;              ;                     ; --           ;                 ; --       ; --           ;
; AA5      ; 47         ; 3A       ; ^AS_DATA2, DATA2                ;        ;              ;                     ; Weak Pull Up ;                 ; --       ; On           ;
; AA6      ;            ;          ; GND                             ; gnd    ;              ;                     ; --           ;                 ; --       ; --           ;
; AA7      ; 105        ; 3B       ; O_WAVE_DATA[20]                 ; output ; 2.5 V        ;                     ; Column I/O   ; N               ; no       ; Off          ;
; AA8      ; 108        ; 3B       ; O_WAVE_DATA[17]                 ; output ; 2.5 V        ;                     ; Column I/O   ; N               ; no       ; Off          ;
; AA9      ; 115        ; 3B       ; I_PHASE_SAMPLE_EN               ; input  ; 2.5 V        ;                     ; Column I/O   ; N               ; no       ; Off          ;
; AA10     ; 113        ; 3B       ; O_WAVE_DATA[22]                 ; output ; 2.5 V        ;                     ; Column I/O   ; N               ; no       ; Off          ;
; AA11     ;            ;          ; GND                             ; gnd    ;              ;                     ; --           ;                 ; --       ; --           ;
; AA12     ; 131        ; 3B       ; O_WAVE_DATA[21]                 ; output ; 2.5 V        ;                     ; Column I/O   ; N               ; no       ; Off          ;
; AA13     ; 139        ; 4A       ; RESERVED_INPUT_WITH_WEAK_PULLUP ;        ;              ;                     ; Column I/O   ;                 ; no       ; On           ;
; AA14     ; 137        ; 4A       ; I_WAVE_SELECT[2]                ; input  ; 2.5 V        ;                     ; Column I/O   ; N               ; no       ; Off          ;
; AA15     ; 142        ; 4A       ; RESERVED_INPUT_WITH_WEAK_PULLUP ;        ;              ;                     ; Column I/O   ;                 ; no       ; On           ;
; AA16     ;            ; 4A       ; VCCIO4A                         ; power  ;              ; 2.5V                ; --           ;                 ; --       ; --           ;
; AA17     ; 153        ; 4A       ; RESERVED_INPUT_WITH_WEAK_PULLUP ;        ;              ;                     ; Column I/O   ;                 ; no       ; On           ;
; AA18     ; 155        ; 4A       ; RESERVED_INPUT_WITH_WEAK_PULLUP ;        ;              ;                     ; Column I/O   ;                 ; no       ; On           ;
; AA19     ; 156        ; 4A       ; RESERVED_INPUT_WITH_WEAK_PULLUP ;        ;              ;                     ; Column I/O   ;                 ; no       ; On           ;
; AA20     ; 158        ; 4A       ; RESERVED_INPUT_WITH_WEAK_PULLUP ;        ;              ;                     ; Column I/O   ;                 ; no       ; On           ;
; AA21     ;            ; 4A       ; VCCIO4A                         ; power  ;              ; 2.5V                ; --           ;                 ; --       ; --           ;
; AA22     ; 163        ; 4A       ; RESERVED_INPUT_WITH_WEAK_PULLUP ;        ;              ;                     ; Column I/O   ;                 ; no       ; On           ;
; AB1      ;            ;          ; GND                             ; gnd    ;              ;                     ; --           ;                 ; --       ; --           ;
; AB2      ;            ;          ; GND                             ; gnd    ;              ;                     ; --           ;                 ; --       ; --           ;
; AB3      ; 49         ; 3A       ; ^AS_DATA1, DATA1                ;        ;              ;                     ; Weak Pull Up ;                 ; --       ; On           ;
; AB4      ; 51         ; 3A       ; ^AS_DATA0, ASDO, DATA0          ;        ;              ;                     ; Weak Pull Up ;                 ; --       ; On           ;
; AB5      ; 102        ; 3B       ; I_NOISE_INJECT_EN               ; input  ; 2.5 V        ;                     ; Column I/O   ; N               ; no       ; Off          ;
; AB6      ; 100        ; 3B       ; O_WAVE_DATA[2]                  ; output ; 2.5 V        ;                     ; Column I/O   ; N               ; no       ; Off          ;
; AB7      ; 107        ; 3B       ; O_WAVE_DATA[11]                 ; output ; 2.5 V        ;                     ; Column I/O   ; N               ; no       ; Off          ;
; AB8      ; 110        ; 3B       ; O_WAVE_DATA[4]                  ; output ; 2.5 V        ;                     ; Column I/O   ; N               ; no       ; Off          ;
; AB9      ;            ;          ; GND                             ; gnd    ;              ;                     ; --           ;                 ; --       ; --           ;
; AB10     ; 124        ; 3B       ; RESERVED_INPUT_WITH_WEAK_PULLUP ;        ;              ;                     ; Column I/O   ;                 ; no       ; On           ;
; AB11     ; 126        ; 3B       ; O_WAVE_DATA[12]                 ; output ; 2.5 V        ;                     ; Column I/O   ; N               ; no       ; Off          ;
; AB12     ; 134        ; 4A       ; I_CHANGE_MODE                   ; input  ; 2.5 V        ;                     ; Column I/O   ; N               ; no       ; Off          ;
; AB13     ; 132        ; 4A       ; O_PHASE_FREQ_RANGE_ERROR        ; output ; 2.5 V        ;                     ; Column I/O   ; N               ; no       ; Off          ;
; AB14     ;            ;          ; GND                             ; gnd    ;              ;                     ; --           ;                 ; --       ; --           ;
; AB15     ; 140        ; 4A       ; RESERVED_INPUT_WITH_WEAK_PULLUP ;        ;              ;                     ; Column I/O   ;                 ; no       ; On           ;
; AB16     ;            ; 4A       ; VREFB4AN0                       ; power  ;              ;                     ; --           ;                 ; --       ; --           ;
; AB17     ; 145        ; 4A       ; RESERVED_INPUT_WITH_WEAK_PULLUP ;        ;              ;                     ; Column I/O   ;                 ; no       ; On           ;
; AB18     ; 147        ; 4A       ; RESERVED_INPUT_WITH_WEAK_PULLUP ;        ;              ;                     ; Column I/O   ;                 ; no       ; On           ;
; AB19     ;            ;          ; GND                             ; gnd    ;              ;                     ; --           ;                 ; --       ; --           ;
; AB20     ; 148        ; 4A       ; RESERVED_INPUT_WITH_WEAK_PULLUP ;        ;              ;                     ; Column I/O   ;                 ; no       ; On           ;
; AB21     ; 150        ; 4A       ; RESERVED_INPUT_WITH_WEAK_PULLUP ;        ;              ;                     ; Column I/O   ;                 ; no       ; On           ;
; AB22     ; 161        ; 4A       ; RESERVED_INPUT_WITH_WEAK_PULLUP ;        ;              ;                     ; Column I/O   ;                 ; no       ; On           ;
; B1       ;            ;          ; GND                             ; gnd    ;              ;                     ; --           ;                 ; --       ; --           ;
; B2       ;            ;          ; GND                             ; gnd    ;              ;                     ; --           ;                 ; --       ; --           ;
; B3       ;            ;          ; DNU                             ;        ;              ;                     ; --           ;                 ; --       ; --           ;
; B4       ;            ;          ; DNU                             ;        ;              ;                     ; --           ;                 ; --       ; --           ;
; B5       ; 468        ; 8A       ; RESERVED_INPUT_WITH_WEAK_PULLUP ;        ;              ;                     ; Column I/O   ;                 ; no       ; On           ;
; B6       ; 470        ; 8A       ; RESERVED_INPUT_WITH_WEAK_PULLUP ;        ;              ;                     ; Column I/O   ;                 ; no       ; On           ;
; B7       ; 472        ; 8A       ; RESERVED_INPUT_WITH_WEAK_PULLUP ;        ;              ;                     ; Column I/O   ;                 ; no       ; On           ;
; B8       ;            ; 8A       ; VREFB8AN0                       ; power  ;              ;                     ; --           ;                 ; --       ; --           ;
; B9       ;            ;          ; GND                             ; gnd    ;              ;                     ; --           ;                 ; --       ; --           ;
; B10      ; 465        ; 8A       ; RESERVED_INPUT_WITH_WEAK_PULLUP ;        ;              ;                     ; Column I/O   ;                 ; no       ; On           ;
; B11      ; 452        ; 7A       ; RESERVED_INPUT_WITH_WEAK_PULLUP ;        ;              ;                     ; Column I/O   ;                 ; no       ; On           ;
; B12      ; 442        ; 7A       ; RESERVED_INPUT_WITH_WEAK_PULLUP ;        ;              ;                     ; Column I/O   ;                 ; no       ; On           ;
; B13      ; 430        ; 7A       ; RESERVED_INPUT_WITH_WEAK_PULLUP ;        ;              ;                     ; Column I/O   ;                 ; no       ; On           ;
; B14      ;            ;          ; GND                             ; gnd    ;              ;                     ; --           ;                 ; --       ; --           ;
; B15      ; 427        ; 7A       ; RESERVED_INPUT_WITH_WEAK_PULLUP ;        ;              ;                     ; Column I/O   ;                 ; no       ; On           ;
; B16      ; 406        ; 7A       ; RESERVED_INPUT_WITH_WEAK_PULLUP ;        ;              ;                     ; Column I/O   ;                 ; no       ; On           ;
; B17      ; 384        ; 7A       ; RESERVED_INPUT_WITH_WEAK_PULLUP ;        ;              ;                     ; Column I/O   ;                 ; no       ; On           ;
; B18      ; 382        ; 7A       ; RESERVED_INPUT_WITH_WEAK_PULLUP ;        ;              ;                     ; Column I/O   ;                 ; no       ; On           ;
; B19      ;            ; 7A       ; VCCIO7A                         ; power  ;              ; 2.5V                ; --           ;                 ; --       ; --           ;
; B20      ; 380        ; 7A       ; RESERVED_INPUT_WITH_WEAK_PULLUP ;        ;              ;                     ; Column I/O   ;                 ; no       ; On           ;
; B21      ; 387        ; 7A       ; RESERVED_INPUT_WITH_WEAK_PULLUP ;        ;              ;                     ; Column I/O   ;                 ; no       ; On           ;
; B22      ; 394        ; 7A       ; RESERVED_INPUT_WITH_WEAK_PULLUP ;        ;              ;                     ; Column I/O   ;                 ; no       ; On           ;
; C1       ; 19         ; B1L      ; GND                             ;        ;              ;                     ; --           ;                 ; --       ; --           ;
; C2       ; 18         ; B1L      ; GND                             ;        ;              ;                     ; --           ;                 ; --       ; --           ;
; C3       ;            ;          ; GND                             ; gnd    ;              ;                     ; --           ;                 ; --       ; --           ;
; C4       ;            ;          ; GND                             ; gnd    ;              ;                     ; --           ;                 ; --       ; --           ;
; C5       ; 542        ; 9A       ; ^GND                            ;        ;              ;                     ; --           ;                 ; --       ; --           ;
; C6       ; 474        ; 8A       ; RESERVED_INPUT_WITH_WEAK_PULLUP ;        ;              ;                     ; Column I/O   ;                 ; no       ; On           ;
; C7       ;            ; 8A       ; VCCIO8A                         ; power  ;              ; 2.5V                ; --           ;                 ; --       ; --           ;
; C8       ; 480        ; 8A       ; RESERVED_INPUT_WITH_WEAK_PULLUP ;        ;              ;                     ; Column I/O   ;                 ; no       ; On           ;
; C9       ; 467        ; 8A       ; RESERVED_INPUT_WITH_WEAK_PULLUP ;        ;              ;                     ; Column I/O   ;                 ; no       ; On           ;
; C10      ;            ; 7A, 8A   ; VCCPD7A8A                       ; power  ;              ; 2.5V                ; --           ;                 ; --       ; --           ;
; C11      ; 450        ; 7A       ; RESERVED_INPUT_WITH_WEAK_PULLUP ;        ;              ;                     ; Column I/O   ;                 ; no       ; On           ;
; C12      ;            ; 7A       ; VCCIO7A                         ; power  ;              ; 2.5V                ; --           ;                 ; --       ; --           ;
; C13      ; 443        ; 7A       ; RESERVED_INPUT_WITH_WEAK_PULLUP ;        ;              ;                     ; Column I/O   ;                 ; no       ; On           ;
; C14      ;            ; 7A       ; VREFB7AN0                       ; power  ;              ;                     ; --           ;                 ; --       ; --           ;
; C15      ; 425        ; 7A       ; RESERVED_INPUT_WITH_WEAK_PULLUP ;        ;              ;                     ; Column I/O   ;                 ; no       ; On           ;
; C16      ; 408        ; 7A       ; RESERVED_INPUT_WITH_WEAK_PULLUP ;        ;              ;                     ; Column I/O   ;                 ; no       ; On           ;
; C17      ;            ;          ; GND                             ; gnd    ;              ;                     ; --           ;                 ; --       ; --           ;
; C18      ; 395        ; 7A       ; RESERVED_INPUT_WITH_WEAK_PULLUP ;        ;              ;                     ; Column I/O   ;                 ; no       ; On           ;
; C19      ; 393        ; 7A       ; RESERVED_INPUT_WITH_WEAK_PULLUP ;        ;              ;                     ; Column I/O   ;                 ; no       ; On           ;
; C20      ; 378        ; 7A       ; RESERVED_INPUT_WITH_WEAK_PULLUP ;        ;              ;                     ; Column I/O   ;                 ; no       ; On           ;
; C21      ; 385        ; 7A       ; RESERVED_INPUT_WITH_WEAK_PULLUP ;        ;              ;                     ; Column I/O   ;                 ; no       ; On           ;
; C22      ;            ; 7A       ; VCCIO7A                         ; power  ;              ; 2.5V                ; --           ;                 ; --       ; --           ;
; D1       ;            ;          ; GND                             ; gnd    ;              ;                     ; --           ;                 ; --       ; --           ;
; D2       ;            ;          ; GND                             ; gnd    ;              ;                     ; --           ;                 ; --       ; --           ;
; D3       ; 16         ; B1L      ; GXB_NC                          ;        ;              ;                     ; --           ;                 ; --       ; --           ;
; D4       ; 17         ; B1L      ; GXB_NC                          ;        ;              ;                     ; --           ;                 ; --       ; --           ;
; D5       ;            ;          ; GND                             ; gnd    ;              ;                     ; --           ;                 ; --       ; --           ;
; D6       ; 476        ; 8A       ; RESERVED_INPUT_WITH_WEAK_PULLUP ;        ;              ;                     ; Column I/O   ;                 ; no       ; On           ;
; D7       ; 478        ; 8A       ; RESERVED_INPUT_WITH_WEAK_PULLUP ;        ;              ;                     ; Column I/O   ;                 ; no       ; On           ;
; D8       ;            ; 7A, 8A   ; VCCPD7A8A                       ; power  ;              ; 2.5V                ; --           ;                 ; --       ; --           ;
; D9       ; 479        ; 8A       ; RESERVED_INPUT_WITH_WEAK_PULLUP ;        ;              ;                     ; Column I/O   ;                 ; no       ; On           ;
; D10      ;            ;          ; GND                             ; gnd    ;              ;                     ; --           ;                 ; --       ; --           ;
; D11      ;            ; --       ; VCC_AUX                         ; power  ;              ; 2.5V                ; --           ;                 ; --       ; --           ;
; D12      ; 449        ; 7A       ; RESERVED_INPUT_WITH_WEAK_PULLUP ;        ;              ;                     ; Column I/O   ;                 ; no       ; On           ;
; D13      ; 441        ; 7A       ; RESERVED_INPUT_WITH_WEAK_PULLUP ;        ;              ;                     ; Column I/O   ;                 ; no       ; On           ;
; D14      ;            ; 7A, 8A   ; VCCPD7A8A                       ; power  ;              ; 2.5V                ; --           ;                 ; --       ; --           ;
; D15      ;            ; 7A       ; VCCIO7A                         ; power  ;              ; 2.5V                ; --           ;                 ; --       ; --           ;
; D16      ;            ; 7A, 8A   ; VCCPD7A8A                       ; power  ;              ; 2.5V                ; --           ;                 ; --       ; --           ;
; D17      ; 409        ; 7A       ; RESERVED_INPUT_WITH_WEAK_PULLUP ;        ;              ;                     ; Column I/O   ;                 ; no       ; On           ;
; D18      ;            ; --       ; VCC_AUX                         ; power  ;              ; 2.5V                ; --           ;                 ; --       ; --           ;
; D19      ; 379        ; 7A       ; RESERVED_INPUT_WITH_WEAK_PULLUP ;        ;              ;                     ; Column I/O   ;                 ; no       ; On           ;
; D20      ;            ;          ; GND                             ; gnd    ;              ;                     ; --           ;                 ; --       ; --           ;
; D21      ; 376        ; 7A       ; RESERVED_INPUT_WITH_WEAK_PULLUP ;        ;              ;                     ; Column I/O   ;                 ; no       ; On           ;
; D22      ; 392        ; 7A       ; RESERVED_INPUT_WITH_WEAK_PULLUP ;        ;              ;                     ; Column I/O   ;                 ; no       ; On           ;
; E1       ; 20         ; B1L      ; GXB_NC                          ;        ;              ;                     ; --           ;                 ; --       ; --           ;
; E2       ; 21         ; B1L      ; GXB_NC                          ;        ;              ;                     ; --           ;                 ; --       ; --           ;
; E3       ;            ;          ; GND                             ; gnd    ;              ;                     ; --           ;                 ; --       ; --           ;
; E4       ;            ;          ; GND                             ; gnd    ;              ;                     ; --           ;                 ; --       ; --           ;
; E5       ; 539        ; 9A       ; ^MSEL3                          ;        ;              ;                     ; --           ;                 ; --       ; --           ;
; E6       ;            ; --       ; VCC_AUX                         ; power  ;              ; 2.5V                ; --           ;                 ; --       ; --           ;
; E7       ; 484        ; 8A       ; RESERVED_INPUT_WITH_WEAK_PULLUP ;        ;              ;                     ; Column I/O   ;                 ; no       ; On           ;
; E8       ;            ; 8A       ; VCCIO8A                         ; power  ;              ; 2.5V                ; --           ;                 ; --       ; --           ;
; E9       ; 477        ; 8A       ; RESERVED_INPUT_WITH_WEAK_PULLUP ;        ;              ;                     ; Column I/O   ;                 ; no       ; On           ;
; E10      ; 469        ; 8A       ; RESERVED_INPUT_WITH_WEAK_PULLUP ;        ;              ;                     ; Column I/O   ;                 ; no       ; On           ;
; E11      ;            ; 7A, 8A   ; VCCPD7A8A                       ; power  ;              ; 2.5V                ; --           ;                 ; --       ; --           ;
; E12      ; 451        ; 7A       ; RESERVED_INPUT_WITH_WEAK_PULLUP ;        ;              ;                     ; Column I/O   ;                 ; no       ; On           ;
; E13      ;            ;          ; GND                             ; gnd    ;              ;                     ; --           ;                 ; --       ; --           ;
; E14      ; 433        ; 7A       ; RESERVED_INPUT_WITH_WEAK_PULLUP ;        ;              ;                     ; Column I/O   ;                 ; no       ; On           ;
; E15      ; 417        ; 7A       ; RESERVED_INPUT_WITH_WEAK_PULLUP ;        ;              ;                     ; Column I/O   ;                 ; no       ; On           ;
; E16      ; 411        ; 7A       ; RESERVED_INPUT_WITH_WEAK_PULLUP ;        ;              ;                     ; Column I/O   ;                 ; no       ; On           ;
; E17      ;            ;          ; DNU                             ;        ;              ;                     ; --           ;                 ; --       ; --           ;
; E18      ;            ; 7A       ; VCCIO7A                         ; power  ;              ; 2.5V                ; --           ;                 ; --       ; --           ;
; E19      ; 377        ; 7A       ; RESERVED_INPUT_WITH_WEAK_PULLUP ;        ;              ;                     ; Column I/O   ;                 ; no       ; On           ;
; E20      ; 398        ; 7A       ; RESERVED_INPUT_WITH_WEAK_PULLUP ;        ;              ;                     ; Column I/O   ;                 ; no       ; On           ;
; E21      ; 374        ; 7A       ; RESERVED_INPUT_WITH_WEAK_PULLUP ;        ;              ;                     ; Column I/O   ;                 ; no       ; On           ;
; E22      ; 390        ; 7A       ; RESERVED_INPUT_WITH_WEAK_PULLUP ;        ;              ;                     ; Column I/O   ;                 ; no       ; On           ;
; F1       ;            ;          ; GND                             ; gnd    ;              ;                     ; --           ;                 ; --       ; --           ;
; F2       ;            ;          ; GND                             ; gnd    ;              ;                     ; --           ;                 ; --       ; --           ;
; F3       ; 541        ; 9A       ; ^MSEL4                          ;        ;              ;                     ; --           ;                 ; --       ; --           ;
; F4       ;            ; --       ; VCCA_FPLL                       ; power  ;              ; 2.5V                ; --           ;                 ; --       ; --           ;
; F5       ; 14         ; B1L      ; GND                             ;        ;              ;                     ; Row I/O      ;                 ; --       ; --           ;
; F6       ;            ;          ; GND                             ; gnd    ;              ;                     ; --           ;                 ; --       ; --           ;
; F7       ; 482        ; 8A       ; RESERVED_INPUT_WITH_WEAK_PULLUP ;        ;              ;                     ; Column I/O   ;                 ; no       ; On           ;
; F8       ;            ; --       ; VCCPGM                          ; power  ;              ; 1.8V/2.5V/3.0V/3.3V ; --           ;                 ; --       ; --           ;
; F9       ; 471        ; 8A       ; RESERVED_INPUT_WITH_WEAK_PULLUP ;        ;              ;                     ; Column I/O   ;                 ; no       ; On           ;
; F10      ; 455        ; 8A       ; RESERVED_INPUT_WITH_WEAK_PULLUP ;        ;              ;                     ; Column I/O   ;                 ; no       ; On           ;
; F11      ;            ; 7A       ; VCCIO7A                         ; power  ;              ; 2.5V                ; --           ;                 ; --       ; --           ;
; F12      ; 440        ; 7A       ; RESERVED_INPUT_WITH_WEAK_PULLUP ;        ;              ;                     ; Column I/O   ;                 ; no       ; On           ;
; F13      ; 435        ; 7A       ; RESERVED_INPUT_WITH_WEAK_PULLUP ;        ;              ;                     ; Column I/O   ;                 ; no       ; On           ;
; F14      ; 428        ; 7A       ; RESERVED_INPUT_WITH_WEAK_PULLUP ;        ;              ;                     ; Column I/O   ;                 ; no       ; On           ;
; F15      ; 419        ; 7A       ; RESERVED_INPUT_WITH_WEAK_PULLUP ;        ;              ;                     ; Column I/O   ;                 ; no       ; On           ;
; F16      ;            ;          ; GND                             ; gnd    ;              ;                     ; --           ;                 ; --       ; --           ;
; F17      ; 372        ; 7A       ; ^GND                            ;        ;              ;                     ; --           ;                 ; --       ; --           ;
; F18      ; 399        ; 7A       ; RESERVED_INPUT_WITH_WEAK_PULLUP ;        ;              ;                     ; Column I/O   ;                 ; no       ; On           ;
; F19      ; 397        ; 7A       ; RESERVED_INPUT_WITH_WEAK_PULLUP ;        ;              ;                     ; Column I/O   ;                 ; no       ; On           ;
; F20      ; 400        ; 7A       ; RESERVED_INPUT_WITH_WEAK_PULLUP ;        ;              ;                     ; Column I/O   ;                 ; no       ; On           ;
; F21      ;            ; 7A       ; VCCIO7A                         ; power  ;              ; 2.5V                ; --           ;                 ; --       ; --           ;
; F22      ; 388        ; 7A       ; RESERVED_INPUT_WITH_WEAK_PULLUP ;        ;              ;                     ; Column I/O   ;                 ; no       ; On           ;
; G1       ; 23         ; B1L      ; GND                             ;        ;              ;                     ; --           ;                 ; --       ; --           ;
; G2       ; 22         ; B1L      ; GND                             ;        ;              ;                     ; --           ;                 ; --       ; --           ;
; G3       ;            ;          ; GND                             ; gnd    ;              ;                     ; --           ;                 ; --       ; --           ;
; G4       ; 15         ; B1L      ; GND                             ;        ;              ;                     ; Row I/O      ;                 ; --       ; --           ;
; G5       ; 537        ; 9A       ; ^nCE                            ;        ;              ;                     ; --           ;                 ; --       ; --           ;
; G6       ; 481        ; 8A       ; RESERVED_INPUT_WITH_WEAK_PULLUP ;        ;              ;                     ; Column I/O   ;                 ; no       ; On           ;
; G7       ;            ; 8A       ; VCCIO8A                         ; power  ;              ; 2.5V                ; --           ;                 ; --       ; --           ;
; G8       ; 460        ; 8A       ; RESERVED_INPUT_WITH_WEAK_PULLUP ;        ;              ;                     ; Column I/O   ;                 ; no       ; On           ;
; G9       ;            ;          ; GND                             ; gnd    ;              ;                     ; --           ;                 ; --       ; --           ;
; G10      ; 453        ; 8A       ; RESERVED_INPUT_WITH_WEAK_PULLUP ;        ;              ;                     ; Column I/O   ;                 ; no       ; On           ;
; G11      ; 438        ; 7A       ; RESERVED_INPUT_WITH_WEAK_PULLUP ;        ;              ;                     ; Column I/O   ;                 ; no       ; On           ;
; G12      ; 447        ; 7A       ; RESERVED_INPUT_WITH_WEAK_PULLUP ;        ;              ;                     ; Column I/O   ;                 ; no       ; On           ;
; G13      ; 439        ; 7A       ; RESERVED_INPUT_WITH_WEAK_PULLUP ;        ;              ;                     ; Column I/O   ;                 ; no       ; On           ;
; G14      ;            ; 7A       ; VCCIO7A                         ; power  ;              ; 2.5V                ; --           ;                 ; --       ; --           ;
; G15      ; 426        ; 7A       ; RESERVED_INPUT_WITH_WEAK_PULLUP ;        ;              ;                     ; Column I/O   ;                 ; no       ; On           ;
; G16      ; 412        ; 7A       ; RESERVED_INPUT_WITH_WEAK_PULLUP ;        ;              ;                     ; Column I/O   ;                 ; no       ; On           ;
; G17      ; 410        ; 7A       ; RESERVED_INPUT_WITH_WEAK_PULLUP ;        ;              ;                     ; Column I/O   ;                 ; no       ; On           ;
; G18      ; 413        ; 7A       ; RESERVED_INPUT_WITH_WEAK_PULLUP ;        ;              ;                     ; Column I/O   ;                 ; no       ; On           ;
; G19      ;            ;          ; GND                             ; gnd    ;              ;                     ; --           ;                 ; --       ; --           ;
; G20      ; 389        ; 7A       ; RESERVED_INPUT_WITH_WEAK_PULLUP ;        ;              ;                     ; Column I/O   ;                 ; no       ; On           ;
; G21      ; 375        ; 7A       ; RESERVED_INPUT_WITH_WEAK_PULLUP ;        ;              ;                     ; Column I/O   ;                 ; no       ; On           ;
; G22      ; 386        ; 7A       ; RESERVED_INPUT_WITH_WEAK_PULLUP ;        ;              ;                     ; Column I/O   ;                 ; no       ; On           ;
; H1       ;            ;          ; GND                             ; gnd    ;              ;                     ; --           ;                 ; --       ; --           ;
; H2       ;            ;          ; GND                             ; gnd    ;              ;                     ; --           ;                 ; --       ; --           ;
; H3       ;            ;          ; GND                             ; gnd    ;              ;                     ; --           ;                 ; --       ; --           ;
; H4       ;            ;          ; GND                             ; gnd    ;              ;                     ; --           ;                 ; --       ; --           ;
; H5       ; 536        ; 9A       ; ^nSTATUS                        ;        ;              ;                     ; --           ;                 ; --       ; --           ;
; H6       ; 483        ; 8A       ; RESERVED_INPUT_WITH_WEAK_PULLUP ;        ;              ;                     ; Column I/O   ;                 ; no       ; On           ;
; H7       ;            ;          ; GND                             ; gnd    ;              ;                     ; --           ;                 ; --       ; --           ;
; H8       ; 458        ; 8A       ; RESERVED_INPUT_WITH_WEAK_PULLUP ;        ;              ;                     ; Column I/O   ;                 ; no       ; On           ;
; H9       ; 463        ; 8A       ; RESERVED_INPUT_WITH_WEAK_PULLUP ;        ;              ;                     ; Column I/O   ;                 ; no       ; On           ;
; H10      ; 436        ; 7A       ; RESERVED_INPUT_WITH_WEAK_PULLUP ;        ;              ;                     ; Column I/O   ;                 ; no       ; On           ;
; H11      ; 445        ; 7A       ; RESERVED_INPUT_WITH_WEAK_PULLUP ;        ;              ;                     ; Column I/O   ;                 ; no       ; On           ;
; H12      ;            ;          ; GND                             ; gnd    ;              ;                     ; --           ;                 ; --       ; --           ;
; H13      ; 437        ; 7A       ; RESERVED_INPUT_WITH_WEAK_PULLUP ;        ;              ;                     ; Column I/O   ;                 ; no       ; On           ;
; H14      ; 429        ; 7A       ; RESERVED_INPUT_WITH_WEAK_PULLUP ;        ;              ;                     ; Column I/O   ;                 ; no       ; On           ;
; H15      ; 423        ; 7A       ; RESERVED_INPUT_WITH_WEAK_PULLUP ;        ;              ;                     ; Column I/O   ;                 ; no       ; On           ;
; H16      ; 421        ; 7A       ; RESERVED_INPUT_WITH_WEAK_PULLUP ;        ;              ;                     ; Column I/O   ;                 ; no       ; On           ;
; H17      ;            ; 7A       ; VCCIO7A                         ; power  ;              ; 2.5V                ; --           ;                 ; --       ; --           ;
; H18      ; 415        ; 7A       ; RESERVED_INPUT_WITH_WEAK_PULLUP ;        ;              ;                     ; Column I/O   ;                 ; no       ; On           ;
; H19      ;            ; --       ; VCCA_FPLL                       ; power  ;              ; 2.5V                ; --           ;                 ; --       ; --           ;
; H20      ; 391        ; 7A       ; RESERVED_INPUT_WITH_WEAK_PULLUP ;        ;              ;                     ; Column I/O   ;                 ; no       ; On           ;
; H21      ; 373        ; 7A       ; RESERVED_INPUT_WITH_WEAK_PULLUP ;        ;              ;                     ; Column I/O   ;                 ; no       ; On           ;
; H22      ;            ;          ; GND                             ; gnd    ;              ;                     ; --           ;                 ; --       ; --           ;
; J1       ; 24         ; B1L      ; GXB_NC                          ;        ;              ;                     ; --           ;                 ; --       ; --           ;
; J2       ; 25         ; B1L      ; GXB_NC                          ;        ;              ;                     ; --           ;                 ; --       ; --           ;
; J3       ;            ;          ; GND                             ; gnd    ;              ;                     ; --           ;                 ; --       ; --           ;
; J4       ;            ; --       ; VCCE_GXBL                       ; power  ;              ; 1.1V                ; --           ;                 ; --       ; --           ;
; J5       ;            ;          ; GND                             ; gnd    ;              ;                     ; --           ;                 ; --       ; --           ;
; J6       ; 535        ; 9A       ; ^MSEL1                          ;        ;              ;                     ; --           ;                 ; --       ; --           ;
; J7       ; 457        ; 8A       ; RESERVED_INPUT_WITH_WEAK_PULLUP ;        ;              ;                     ; Column I/O   ;                 ; no       ; On           ;
; J8       ; 459        ; 8A       ; RESERVED_INPUT_WITH_WEAK_PULLUP ;        ;              ;                     ; Column I/O   ;                 ; no       ; On           ;
; J9       ; 461        ; 8A       ; RESERVED_INPUT_WITH_WEAK_PULLUP ;        ;              ;                     ; Column I/O   ;                 ; no       ; On           ;
; J10      ;            ; --       ; VCC                             ; power  ;              ; 1.1V                ; --           ;                 ; --       ; --           ;
; J11      ; 434        ; 7A       ; RESERVED_INPUT_WITH_WEAK_PULLUP ;        ;              ;                     ; Column I/O   ;                 ; no       ; On           ;
; J12      ;            ; --       ; VCC                             ; power  ;              ; 1.1V                ; --           ;                 ; --       ; --           ;
; J13      ; 431        ; 7A       ; RESERVED_INPUT_WITH_WEAK_PULLUP ;        ;              ;                     ; Column I/O   ;                 ; no       ; On           ;
; J14      ;            ; --       ; VCC                             ; power  ;              ; 1.1V                ; --           ;                 ; --       ; --           ;
; J15      ;            ;          ; GND                             ; gnd    ;              ;                     ; --           ;                 ; --       ; --           ;
; J16      ;            ; --       ; VCC                             ; power  ;              ; 1.1V                ; --           ;                 ; --       ; --           ;
; J17      ; 422        ; 7A       ; RESERVED_INPUT_WITH_WEAK_PULLUP ;        ;              ;                     ; Column I/O   ;                 ; no       ; On           ;
; J18      ; 416        ; 7A       ; RESERVED_INPUT_WITH_WEAK_PULLUP ;        ;              ;                     ; Column I/O   ;                 ; no       ; On           ;
; J19      ; 414        ; 7A       ; RESERVED_INPUT_WITH_WEAK_PULLUP ;        ;              ;                     ; Column I/O   ;                 ; no       ; On           ;
; J20      ;            ;          ; GND                             ; gnd    ;              ;                     ; --           ;                 ; --       ; --           ;
; J21      ; 381        ; 7A       ; RESERVED_INPUT_WITH_WEAK_PULLUP ;        ;              ;                     ; Column I/O   ;                 ; no       ; On           ;
; J22      ; 383        ; 7A       ; RESERVED_INPUT_WITH_WEAK_PULLUP ;        ;              ;                     ; Column I/O   ;                 ; no       ; On           ;
; K1       ;            ;          ; GND                             ; gnd    ;              ;                     ; --           ;                 ; --       ; --           ;
; K2       ;            ;          ; GND                             ; gnd    ;              ;                     ; --           ;                 ; --       ; --           ;
; K3       ;            ; --       ; VCCL_GXBL                       ; power  ;              ; 1.1V                ; --           ;                 ; --       ; --           ;
; K4       ;            ;          ; GND                             ; gnd    ;              ;                     ; --           ;                 ; --       ; --           ;
; K5       ;            ; --       ; VCCE_GXBL                       ; power  ;              ; 1.1V                ; --           ;                 ; --       ; --           ;
; K6       ; 534        ; 9A       ; ^CONF_DONE                      ;        ;              ;                     ; --           ;                 ; --       ; --           ;
; K7       ; 456        ; 8A       ; RESERVED_INPUT_WITH_WEAK_PULLUP ;        ;              ;                     ; Column I/O   ;                 ; no       ; On           ;
; K8       ;            ;          ; GND                             ; gnd    ;              ;                     ; --           ;                 ; --       ; --           ;
; K9       ; 448        ; 7A       ; RESERVED_INPUT_WITH_WEAK_PULLUP ;        ;              ;                     ; Column I/O   ;                 ; no       ; On           ;
; K10      ;            ;          ; GND                             ; gnd    ;              ;                     ; --           ;                 ; --       ; --           ;
; K11      ;            ; --       ; VCC                             ; power  ;              ; 1.1V                ; --           ;                 ; --       ; --           ;
; K12      ;            ;          ; GND                             ; gnd    ;              ;                     ; --           ;                 ; --       ; --           ;
; K13      ;            ; --       ; VCC                             ; power  ;              ; 1.1V                ; --           ;                 ; --       ; --           ;
; K14      ;            ;          ; GND                             ; gnd    ;              ;                     ; --           ;                 ; --       ; --           ;
; K15      ;            ; --       ; VCC                             ; power  ;              ; 1.1V                ; --           ;                 ; --       ; --           ;
; K16      ; 424        ; 7A       ; RESERVED_INPUT_WITH_WEAK_PULLUP ;        ;              ;                     ; Column I/O   ;                 ; no       ; On           ;
; K17      ; 284        ; 5B       ; RESERVED_INPUT_WITH_WEAK_PULLUP ;        ;              ;                     ; Row I/O      ;                 ; no       ; On           ;
; K18      ;            ; 5B       ; VCCIO5B                         ; power  ;              ; 2.5V                ; --           ;                 ; --       ; --           ;
; K19      ; 407        ; 7A       ; RESERVED_INPUT_WITH_WEAK_PULLUP ;        ;              ;                     ; Column I/O   ;                 ; no       ; On           ;
; K20      ; 405        ; 7A       ; RESERVED_INPUT_WITH_WEAK_PULLUP ;        ;              ;                     ; Column I/O   ;                 ; no       ; On           ;
; K21      ; 289        ; 5B       ; RESERVED_INPUT_WITH_WEAK_PULLUP ;        ;              ;                     ; Row I/O      ;                 ; no       ; On           ;
; K22      ; 291        ; 5B       ; RESERVED_INPUT_WITH_WEAK_PULLUP ;        ;              ;                     ; Row I/O      ;                 ; no       ; On           ;
; L1       ; 27         ; B1L      ; GND                             ;        ;              ;                     ; --           ;                 ; --       ; --           ;
; L2       ; 26         ; B1L      ; GND                             ;        ;              ;                     ; --           ;                 ; --       ; --           ;
; L3       ;            ;          ; GND                             ; gnd    ;              ;                     ; --           ;                 ; --       ; --           ;
; L4       ;            ; --       ; VCCE_GXBL                       ; power  ;              ; 1.1V                ; --           ;                 ; --       ; --           ;
; L5       ;            ;          ; GND                             ; gnd    ;              ;                     ; --           ;                 ; --       ; --           ;
; L6       ; 533        ; 9A       ; ^MSEL0                          ;        ;              ;                     ; --           ;                 ; --       ; --           ;
; L7       ; 454        ; 8A       ; RESERVED_INPUT_WITH_WEAK_PULLUP ;        ;              ;                     ; Column I/O   ;                 ; no       ; On           ;
; L8       ; 446        ; 7A       ; RESERVED_INPUT_WITH_WEAK_PULLUP ;        ;              ;                     ; Column I/O   ;                 ; no       ; On           ;
; L9       ;            ;          ; DNU                             ;        ;              ;                     ; --           ;                 ; --       ; --           ;
; L10      ;            ; --       ; VCC                             ; power  ;              ; 1.1V                ; --           ;                 ; --       ; --           ;
; L11      ;            ;          ; GND                             ; gnd    ;              ;                     ; --           ;                 ; --       ; --           ;
; L12      ;            ; --       ; VCC                             ; power  ;              ; 1.1V                ; --           ;                 ; --       ; --           ;
; L13      ;            ;          ; GND                             ; gnd    ;              ;                     ; --           ;                 ; --       ; --           ;
; L14      ;            ; --       ; VCC                             ; power  ;              ; 1.1V                ; --           ;                 ; --       ; --           ;
; L15      ;            ;          ; GND                             ; gnd    ;              ;                     ; --           ;                 ; --       ; --           ;
; L16      ;            ; --       ; VCC                             ; power  ;              ; 1.1V                ; --           ;                 ; --       ; --           ;
; L17      ; 286        ; 5B       ; RESERVED_INPUT_WITH_WEAK_PULLUP ;        ;              ;                     ; Row I/O      ;                 ; no       ; On           ;
; L18      ; 290        ; 5B       ; RESERVED_INPUT_WITH_WEAK_PULLUP ;        ;              ;                     ; Row I/O      ;                 ; no       ; On           ;
; L19      ; 288        ; 5B       ; RESERVED_INPUT_WITH_WEAK_PULLUP ;        ;              ;                     ; Row I/O      ;                 ; no       ; On           ;
; L20      ;            ; 5B       ; VREFB5BN0                       ; power  ;              ;                     ; --           ;                 ; --       ; --           ;
; L21      ;            ;          ; GND                             ; gnd    ;              ;                     ; --           ;                 ; --       ; --           ;
; L22      ; 283        ; 5B       ; RESERVED_INPUT_WITH_WEAK_PULLUP ;        ;              ;                     ; Row I/O      ;                 ; no       ; On           ;
; M1       ;            ;          ; GND                             ; gnd    ;              ;                     ; --           ;                 ; --       ; --           ;
; M2       ;            ;          ; GND                             ; gnd    ;              ;                     ; --           ;                 ; --       ; --           ;
; M3       ;            ; --       ; VCCH_GXBL                       ; power  ;              ; 2.5V                ; --           ;                 ; --       ; --           ;
; M4       ;            ;          ; GND                             ; gnd    ;              ;                     ; --           ;                 ; --       ; --           ;
; M5       ; 42         ; 3A       ; #TDO                            ; output ;              ;                     ; --           ;                 ; --       ; --           ;
; M6       ; 64         ; 3A       ; RESERVED_INPUT_WITH_WEAK_PULLUP ;        ;              ;                     ; Column I/O   ;                 ; no       ; On           ;
; M7       ; 66         ; 3A       ; RESERVED_INPUT_WITH_WEAK_PULLUP ;        ;              ;                     ; Column I/O   ;                 ; no       ; On           ;
; M8       ; 112        ; 3B       ; O_WAVE_DATA[16]                 ; output ; 2.5 V        ;                     ; Column I/O   ; N               ; no       ; Off          ;
; M9       ; 114        ; 3B       ; I_RESET_N                       ; input  ; 2.5 V        ;                     ; Column I/O   ; N               ; no       ; Off          ;
; M10      ;            ;          ; GND                             ; gnd    ;              ;                     ; --           ;                 ; --       ; --           ;
; M11      ;            ; --       ; VCC                             ; power  ;              ; 1.1V                ; --           ;                 ; --       ; --           ;
; M12      ;            ;          ; GND                             ; gnd    ;              ;                     ; --           ;                 ; --       ; --           ;
; M13      ;            ; --       ; VCC                             ; power  ;              ; 1.1V                ; --           ;                 ; --       ; --           ;
; M14      ;            ;          ; GND                             ; gnd    ;              ;                     ; --           ;                 ; --       ; --           ;
; M15      ;            ; --       ; VCC                             ; power  ;              ; 1.1V                ; --           ;                 ; --       ; --           ;
; M16      ; 278        ; 5B       ; I_CLK                           ; input  ; 2.5 V        ;                     ; Row I/O      ; N               ; no       ; Off          ;
; M17      ;            ; 5B       ; VCCPD5B                         ; power  ;              ; 2.5V                ; --           ;                 ; --       ; --           ;
; M18      ; 282        ; 5B       ; RESERVED_INPUT_WITH_WEAK_PULLUP ;        ;              ;                     ; Row I/O      ;                 ; no       ; On           ;
; M19      ;            ; 5B       ; VCCIO5B                         ; power  ;              ; 2.5V                ; --           ;                 ; --       ; --           ;
; M20      ; 285        ; 5B       ; RESERVED_INPUT_WITH_WEAK_PULLUP ;        ;              ;                     ; Row I/O      ;                 ; no       ; On           ;
; M21      ; 287        ; 5B       ; RESERVED_INPUT_WITH_WEAK_PULLUP ;        ;              ;                     ; Row I/O      ;                 ; no       ; On           ;
; M22      ; 281        ; 5B       ; RESERVED_INPUT_WITH_WEAK_PULLUP ;        ;              ;                     ; Row I/O      ;                 ; no       ; On           ;
; N1       ; 28         ; B0L      ; GXB_NC                          ;        ;              ;                     ; --           ;                 ; --       ; --           ;
; N2       ; 29         ; B0L      ; GXB_NC                          ;        ;              ;                     ; --           ;                 ; --       ; --           ;
; N3       ;            ;          ; GND                             ; gnd    ;              ;                     ; --           ;                 ; --       ; --           ;
; N4       ;            ; --       ; VCCE_GXBL                       ; power  ;              ; 1.1V                ; --           ;                 ; --       ; --           ;
; N5       ;            ;          ; GND                             ; gnd    ;              ;                     ; --           ;                 ; --       ; --           ;
; N6       ; 58         ; 3A       ; RESERVED_INPUT_WITH_WEAK_PULLUP ;        ;              ;                     ; Column I/O   ;                 ; no       ; On           ;
; N7       ;            ;          ; GND                             ; gnd    ;              ;                     ; --           ;                 ; --       ; --           ;
; N8       ; 106        ; 3B       ; O_WAVE_DATA[19]                 ; output ; 2.5 V        ;                     ; Column I/O   ; N               ; no       ; Off          ;
; N9       ; 130        ; 3B       ; O_WAVE_DATA[10]                 ; output ; 2.5 V        ;                     ; Column I/O   ; N               ; no       ; Off          ;
; N10      ;            ; --       ; VCC                             ; power  ;              ; 1.1V                ; --           ;                 ; --       ; --           ;
; N11      ;            ;          ; GND                             ; gnd    ;              ;                     ; --           ;                 ; --       ; --           ;
; N12      ;            ; --       ; VCC                             ; power  ;              ; 1.1V                ; --           ;                 ; --       ; --           ;
; N13      ;            ;          ; GND                             ; gnd    ;              ;                     ; --           ;                 ; --       ; --           ;
; N14      ;            ; --       ; VCC                             ; power  ;              ; 1.1V                ; --           ;                 ; --       ; --           ;
; N15      ;            ;          ; GND                             ; gnd    ;              ;                     ; --           ;                 ; --       ; --           ;
; N16      ; 276        ; 5B       ; RESERVED_INPUT_WITH_WEAK_PULLUP ;        ;              ;                     ; Row I/O      ;                 ; no       ; On           ;
; N17      ;            ;          ; GND                             ; gnd    ;              ;                     ; --           ;                 ; --       ; --           ;
; N18      ;            ; 5B       ; VCCPD5B                         ; power  ;              ; 2.5V                ; --           ;                 ; --       ; --           ;
; N19      ; 280        ; 5B       ; RESERVED_INPUT_WITH_WEAK_PULLUP ;        ;              ;                     ; Row I/O      ;                 ; no       ; On           ;
; N20      ; 277        ; 5B       ; RESERVED_INPUT_WITH_WEAK_PULLUP ;        ;              ;                     ; Row I/O      ;                 ; no       ; On           ;
; N21      ; 279        ; 5B       ; RESERVED_INPUT_WITH_WEAK_PULLUP ;        ;              ;                     ; Row I/O      ;                 ; no       ; On           ;
; N22      ;            ;          ; GND                             ; gnd    ;              ;                     ; --           ;                 ; --       ; --           ;
; P1       ;            ;          ; GND                             ; gnd    ;              ;                     ; --           ;                 ; --       ; --           ;
; P2       ;            ;          ; GND                             ; gnd    ;              ;                     ; --           ;                 ; --       ; --           ;
; P3       ;            ; --       ; VCCL_GXBL                       ; power  ;              ; 1.1V                ; --           ;                 ; --       ; --           ;
; P4       ;            ;          ; GND                             ; gnd    ;              ;                     ; --           ;                 ; --       ; --           ;
; P5       ; 44         ; 3A       ; #TMS                            ; input  ;              ;                     ; --           ;                 ; --       ; --           ;
; P6       ; 56         ; 3A       ; RESERVED_INPUT_WITH_WEAK_PULLUP ;        ;              ;                     ; Column I/O   ;                 ; no       ; On           ;
; P7       ; 67         ; 3A       ; RESERVED_INPUT_WITH_WEAK_PULLUP ;        ;              ;                     ; Column I/O   ;                 ; no       ; On           ;
; P8       ; 104        ; 3B       ; O_WAVE_DATA[8]                  ; output ; 2.5 V        ;                     ; Column I/O   ; N               ; no       ; Off          ;
; P9       ; 128        ; 3B       ; O_WAVE_DATA[15]                 ; output ; 2.5 V        ;                     ; Column I/O   ; N               ; no       ; Off          ;
; P10      ;            ;          ; GND                             ; gnd    ;              ;                     ; --           ;                 ; --       ; --           ;
; P11      ;            ; --       ; VCC                             ; power  ;              ; 1.1V                ; --           ;                 ; --       ; --           ;
; P12      ; 123        ; 3B       ; I_DOWN                          ; input  ; 2.5 V        ;                     ; Column I/O   ; N               ; no       ; Off          ;
; P13      ;            ; --       ; VCC                             ; power  ;              ; 1.1V                ; --           ;                 ; --       ; --           ;
; P14      ; 168        ; 4A       ; RESERVED_INPUT_WITH_WEAK_PULLUP ;        ;              ;                     ; Column I/O   ;                 ; no       ; On           ;
; P15      ;            ; --       ; VCC                             ; power  ;              ; 1.1V                ; --           ;                 ; --       ; --           ;
; P16      ; 225        ; 5A       ; RESERVED_INPUT_WITH_WEAK_PULLUP ;        ;              ;                     ; Row I/O      ;                 ; no       ; On           ;
; P17      ; 227        ; 5A       ; RESERVED_INPUT_WITH_WEAK_PULLUP ;        ;              ;                     ; Row I/O      ;                 ; no       ; On           ;
; P18      ; 226        ; 5A       ; RESERVED_INPUT_WITH_WEAK_PULLUP ;        ;              ;                     ; Row I/O      ;                 ; no       ; On           ;
; P19      ; 224        ; 5A       ; RESERVED_INPUT_WITH_WEAK_PULLUP ;        ;              ;                     ; Row I/O      ;                 ; no       ; On           ;
; P20      ;            ; 5A       ; VCCIO5A                         ; power  ;              ; 2.5V                ; --           ;                 ; --       ; --           ;
; P21      ;            ; 5A       ; VCCPD5A                         ; power  ;              ; 2.5V                ; --           ;                 ; --       ; --           ;
; P22      ; 222        ; 5A       ; RESERVED_INPUT_WITH_WEAK_PULLUP ;        ;              ;                     ; Row I/O      ;                 ; no       ; On           ;
; R1       ; 31         ; B0L      ; GND                             ;        ;              ;                     ; --           ;                 ; --       ; --           ;
; R2       ; 30         ; B0L      ; GND                             ;        ;              ;                     ; --           ;                 ; --       ; --           ;
; R3       ;            ;          ; GND                             ; gnd    ;              ;                     ; --           ;                 ; --       ; --           ;
; R4       ; 43         ; 3A       ; ^nCSO, DATA4                    ;        ;              ;                     ; Weak Pull Up ;                 ; --       ; On           ;
; R5       ; 54         ; 3A       ; RESERVED_INPUT_WITH_WEAK_PULLUP ;        ;              ;                     ; Column I/O   ;                 ; no       ; On           ;
; R6       ; 52         ; 3A       ; RESERVED_INPUT_WITH_WEAK_PULLUP ;        ;              ;                     ; Column I/O   ;                 ; no       ; On           ;
; R7       ; 65         ; 3A       ; RESERVED_INPUT_WITH_WEAK_PULLUP ;        ;              ;                     ; Column I/O   ;                 ; no       ; On           ;
; R8       ;            ; 3B       ; VCCIO3B                         ; power  ;              ; 2.5V                ; --           ;                 ; --       ; --           ;
; R9       ; 119        ; 3B       ; I_UP                            ; input  ; 2.5 V        ;                     ; Column I/O   ; N               ; no       ; Off          ;
; R10      ; 125        ; 3B       ; I_WAVE_SELECT[1]                ; input  ; 2.5 V        ;                     ; Column I/O   ; N               ; no       ; Off          ;
; R11      ; 127        ; 3B       ; RESERVED_INPUT_WITH_WEAK_PULLUP ;        ;              ;                     ; Column I/O   ;                 ; no       ; On           ;
; R12      ; 121        ; 3B       ; O_WAVE_DATA[23]                 ; output ; 2.5 V        ;                     ; Column I/O   ; N               ; no       ; Off          ;
; R13      ;            ;          ; GND                             ; gnd    ;              ;                     ; --           ;                 ; --       ; --           ;
; R14      ; 170        ; 4A       ; RESERVED_INPUT_WITH_WEAK_PULLUP ;        ;              ;                     ; Column I/O   ;                 ; no       ; On           ;
; R15      ; 219        ; 5A       ; RESERVED_INPUT_WITH_WEAK_PULLUP ;        ;              ;                     ; Row I/O      ;                 ; no       ; On           ;
; R16      ; 221        ; 5A       ; RESERVED_INPUT_WITH_WEAK_PULLUP ;        ;              ;                     ; Row I/O      ;                 ; no       ; On           ;
; R17      ; 223        ; 5A       ; RESERVED_INPUT_WITH_WEAK_PULLUP ;        ;              ;                     ; Row I/O      ;                 ; no       ; On           ;
; R18      ;            ; 5A       ; VCCIO5A                         ; power  ;              ; 2.5V                ; --           ;                 ; --       ; --           ;
; R19      ;            ; --       ; VCCPGM                          ; power  ;              ; 1.8V/2.5V/3.0V/3.3V ; --           ;                 ; --       ; --           ;
; R20      ;            ; 5A       ; VREFB5AN0                       ; power  ;              ;                     ; --           ;                 ; --       ; --           ;
; R21      ; 220        ; 5A       ; RESERVED_INPUT_WITH_WEAK_PULLUP ;        ;              ;                     ; Row I/O      ;                 ; no       ; On           ;
; R22      ; 218        ; 5A       ; RESERVED_INPUT_WITH_WEAK_PULLUP ;        ;              ;                     ; Row I/O      ;                 ; no       ; On           ;
; T1       ;            ;          ; GND                             ; gnd    ;              ;                     ; --           ;                 ; --       ; --           ;
; T2       ;            ;          ; GND                             ; gnd    ;              ;                     ; --           ;                 ; --       ; --           ;
; T3       ;            ; --       ; VCCH_GXBL                       ; power  ;              ; 2.5V                ; --           ;                 ; --       ; --           ;
; T4       ; 45         ; 3A       ; ^AS_DATA3, DATA3                ;        ;              ;                     ; Weak Pull Up ;                 ; --       ; On           ;
; T5       ;            ; --       ; VCCA_FPLL                       ; power  ;              ; 2.5V                ; --           ;                 ; --       ; --           ;
; T6       ;            ; 3A       ; VCCIO3A                         ; power  ;              ; 2.5V                ; --           ;                 ; --       ; --           ;
; T7       ; 60         ; 3A       ; RESERVED_INPUT_WITH_WEAK_PULLUP ;        ;              ;                     ; Column I/O   ;                 ; no       ; On           ;
; T8       ; 62         ; 3A       ; RESERVED_INPUT_WITH_WEAK_PULLUP ;        ;              ;                     ; Column I/O   ;                 ; no       ; On           ;
; T9       ; 109        ; 3B       ; O_WAVE_DATA[5]                  ; output ; 2.5 V        ;                     ; Column I/O   ; N               ; no       ; Off          ;
; T10      ; 117        ; 3B       ; O_WAVE_DATA[18]                 ; output ; 2.5 V        ;                     ; Column I/O   ; N               ; no       ; Off          ;
; T11      ;            ; 3B       ; VCCIO3B                         ; power  ;              ; 2.5V                ; --           ;                 ; --       ; --           ;
; T12      ; 136        ; 4A       ; I_START                         ; input  ; 2.5 V        ;                     ; Column I/O   ; N               ; no       ; Off          ;
; T13      ; 138        ; 4A       ; I_WAVE_SELECT[0]                ; input  ; 2.5 V        ;                     ; Column I/O   ; N               ; no       ; Off          ;
; T14      ; 152        ; 4A       ; RESERVED_INPUT_WITH_WEAK_PULLUP ;        ;              ;                     ; Column I/O   ;                 ; no       ; On           ;
; T15      ; 217        ; 5A       ; RESERVED_INPUT_WITH_WEAK_PULLUP ;        ;              ;                     ; Row I/O      ;                 ; no       ; On           ;
; T16      ;            ;          ; GND                             ; gnd    ;              ;                     ; --           ;                 ; --       ; --           ;
; T17      ; 215        ; 5A       ; RESERVED_INPUT_WITH_WEAK_PULLUP ;        ;              ;                     ; Row I/O      ;                 ; no       ; On           ;
; T18      ; 213        ; 5A       ; RESERVED_INPUT_WITH_WEAK_PULLUP ;        ;              ;                     ; Row I/O      ;                 ; no       ; On           ;
; T19      ; 212        ; 5A       ; RESERVED_INPUT_WITH_WEAK_PULLUP ;        ;              ;                     ; Row I/O      ;                 ; no       ; On           ;
; T20      ; 214        ; 5A       ; RESERVED_INPUT_WITH_WEAK_PULLUP ;        ;              ;                     ; Row I/O      ;                 ; no       ; On           ;
; T21      ;            ;          ; GND                             ; gnd    ;              ;                     ; --           ;                 ; --       ; --           ;
; T22      ; 216        ; 5A       ; RESERVED_INPUT_WITH_WEAK_PULLUP ;        ;              ;                     ; Row I/O      ;                 ; no       ; On           ;
; U1       ; 32         ; B0L      ; GXB_NC                          ;        ;              ;                     ; --           ;                 ; --       ; --           ;
; U2       ; 33         ; B0L      ; GXB_NC                          ;        ;              ;                     ; --           ;                 ; --       ; --           ;
; U3       ;            ;          ; GND                             ; gnd    ;              ;                     ; --           ;                 ; --       ; --           ;
; U4       ; 41         ; B0L      ; GND                             ;        ;              ;                     ; Row I/O      ;                 ; --       ; --           ;
; U5       ;            ;          ; GND                             ; gnd    ;              ;                     ; --           ;                 ; --       ; --           ;
; U6       ; 61         ; 3A       ; RESERVED_INPUT_WITH_WEAK_PULLUP ;        ;              ;                     ; Column I/O   ;                 ; no       ; On           ;
; U7       ; 53         ; 3A       ; RESERVED_INPUT_WITH_WEAK_PULLUP ;        ;              ;                     ; Column I/O   ;                 ; no       ; On           ;
; U8       ; 55         ; 3A       ; RESERVED_INPUT_WITH_WEAK_PULLUP ;        ;              ;                     ; Column I/O   ;                 ; no       ; On           ;
; U9       ;            ;          ; GND                             ; gnd    ;              ;                     ; --           ;                 ; --       ; --           ;
; U10      ; 111        ; 3B       ; O_WAVE_DATA[0]                  ; output ; 2.5 V        ;                     ; Column I/O   ; N               ; no       ; Off          ;
; U11      ; 120        ; 3B       ; O_WAVE_DATA[1]                  ; output ; 2.5 V        ;                     ; Column I/O   ; N               ; no       ; Off          ;
; U12      ; 122        ; 3B       ; O_WAVE_DATA[9]                  ; output ; 2.5 V        ;                     ; Column I/O   ; N               ; no       ; Off          ;
; U13      ; 135        ; 4A       ; RESERVED_INPUT_WITH_WEAK_PULLUP ;        ;              ;                     ; Column I/O   ;                 ; no       ; On           ;
; U14      ;            ; 4A       ; VCCIO4A                         ; power  ;              ; 2.5V                ; --           ;                 ; --       ; --           ;
; U15      ; 154        ; 4A       ; RESERVED_INPUT_WITH_WEAK_PULLUP ;        ;              ;                     ; Column I/O   ;                 ; no       ; On           ;
; U16      ; 176        ; 4A       ; RESERVED_INPUT_WITH_WEAK_PULLUP ;        ;              ;                     ; Column I/O   ;                 ; no       ; On           ;
; U17      ; 178        ; 4A       ; RESERVED_INPUT_WITH_WEAK_PULLUP ;        ;              ;                     ; Column I/O   ;                 ; no       ; On           ;
; U18      ;            ; --       ; VCCA_FPLL                       ; power  ;              ; 2.5V                ; --           ;                 ; --       ; --           ;
; U19      ;            ; 4A       ; VCCIO4A                         ; power  ;              ; 2.5V                ; --           ;                 ; --       ; --           ;
; U20      ; 179        ; 4A       ; RESERVED_INPUT_WITH_WEAK_PULLUP ;        ;              ;                     ; Column I/O   ;                 ; no       ; On           ;
; U21      ; 177        ; 4A       ; RESERVED_INPUT_WITH_WEAK_PULLUP ;        ;              ;                     ; Column I/O   ;                 ; no       ; On           ;
; U22      ; 172        ; 4A       ; RESERVED_INPUT_WITH_WEAK_PULLUP ;        ;              ;                     ; Column I/O   ;                 ; no       ; On           ;
; V1       ;            ;          ; GND                             ; gnd    ;              ;                     ; --           ;                 ; --       ; --           ;
; V2       ;            ;          ; GND                             ; gnd    ;              ;                     ; --           ;                 ; --       ; --           ;
; V3       ; 50         ; 3A       ; ^DCLK                           ;        ;              ;                     ; Weak Pull Up ;                 ; --       ; On           ;
; V4       ; 40         ; B0L      ; GND                             ;        ;              ;                     ; Row I/O      ;                 ; --       ; --           ;
; V5       ; 46         ; 3A       ; #TCK                            ; input  ;              ;                     ; --           ;                 ; --       ; --           ;
; V6       ; 63         ; 3A       ; RESERVED_INPUT_WITH_WEAK_PULLUP ;        ;              ;                     ; Column I/O   ;                 ; no       ; On           ;
; V7       ;            ;          ; GND                             ; gnd    ;              ;                     ; --           ;                 ; --       ; --           ;
; V8       ;            ; --       ; VCCPGM                          ; power  ;              ; 1.8V/2.5V/3.0V/3.3V ; --           ;                 ; --       ; --           ;
; V9       ; 101        ; 3B       ; O_WAVE_DATA[3]                  ; output ; 2.5 V        ;                     ; Column I/O   ; N               ; no       ; Off          ;
; V10      ; 103        ; 3B       ; O_WAVE_DATA[14]                 ; output ; 2.5 V        ;                     ; Column I/O   ; N               ; no       ; Off          ;
; V11      ;            ;          ; DNU                             ;        ;              ;                     ; --           ;                 ; --       ; --           ;
; V12      ;            ;          ; GND                             ; gnd    ;              ;                     ; --           ;                 ; --       ; --           ;
; V13      ; 133        ; 4A       ; RESERVED_INPUT_WITH_WEAK_PULLUP ;        ;              ;                     ; Column I/O   ;                 ; no       ; On           ;
; V14      ; 144        ; 4A       ; RESERVED_INPUT_WITH_WEAK_PULLUP ;        ;              ;                     ; Column I/O   ;                 ; no       ; On           ;
; V15      ; 146        ; 4A       ; RESERVED_INPUT_WITH_WEAK_PULLUP ;        ;              ;                     ; Column I/O   ;                 ; no       ; On           ;
; V16      ; 160        ; 4A       ; RESERVED_INPUT_WITH_WEAK_PULLUP ;        ;              ;                     ; Column I/O   ;                 ; no       ; On           ;
; V17      ;            ;          ; GND                             ; gnd    ;              ;                     ; --           ;                 ; --       ; --           ;
; V18      ; 175        ; 4A       ; RESERVED_INPUT_WITH_WEAK_PULLUP ;        ;              ;                     ; Column I/O   ;                 ; no       ; On           ;
; V19      ; 173        ; 4A       ; RESERVED_INPUT_WITH_WEAK_PULLUP ;        ;              ;                     ; Column I/O   ;                 ; no       ; On           ;
; V20      ; 157        ; 4A       ; RESERVED_INPUT_WITH_WEAK_PULLUP ;        ;              ;                     ; Column I/O   ;                 ; no       ; On           ;
; V21      ; 174        ; 4A       ; RESERVED_INPUT_WITH_WEAK_PULLUP ;        ;              ;                     ; Column I/O   ;                 ; no       ; On           ;
; V22      ;            ;          ; GND                             ; gnd    ;              ;                     ; --           ;                 ; --       ; --           ;
; W1       ; 35         ; B0L      ; GND                             ;        ;              ;                     ; --           ;                 ; --       ; --           ;
; W2       ; 34         ; B0L      ; GND                             ;        ;              ;                     ; --           ;                 ; --       ; --           ;
; W3       ;            ;          ; GND                             ; gnd    ;              ;                     ; --           ;                 ; --       ; --           ;
; W4       ;            ;          ; GND                             ; gnd    ;              ;                     ; --           ;                 ; --       ; --           ;
; W5       ; 48         ; 3A       ; #TDI                            ; input  ;              ;                     ; --           ;                 ; --       ; --           ;
; W6       ;            ; 3A       ; VCCPD3A                         ; power  ;              ; 2.5V                ; --           ;                 ; --       ; --           ;
; W7       ;            ; --       ; VCC_AUX                         ; power  ;              ; 2.5V                ; --           ;                 ; --       ; --           ;
; W8       ; 57         ; 3A       ; RESERVED_INPUT_WITH_WEAK_PULLUP ;        ;              ;                     ; Column I/O   ;                 ; no       ; On           ;
; W9       ; 59         ; 3A       ; O_WAVE_DATA[7]                  ; output ; 2.5 V        ;                     ; Column I/O   ; N               ; no       ; Off          ;
; W10      ;            ; 3B       ; VCCIO3B                         ; power  ;              ; 2.5V                ; --           ;                 ; --       ; --           ;
; W11      ;            ; 3B, 4A   ; VCCPD3B4A                       ; power  ;              ; 2.5V                ; --           ;                 ; --       ; --           ;
; W12      ;            ; 3B, 4A   ; VCCPD3B4A                       ; power  ;              ; 2.5V                ; --           ;                 ; --       ; --           ;
; W13      ;            ; --       ; VCC_AUX                         ; power  ;              ; 2.5V                ; --           ;                 ; --       ; --           ;
; W14      ;            ; 3B, 4A   ; VCCPD3B4A                       ; power  ;              ; 2.5V                ; --           ;                 ; --       ; --           ;
; W15      ;            ; 4A       ; VCCIO4A                         ; power  ;              ; 2.5V                ; --           ;                 ; --       ; --           ;
; W16      ; 162        ; 4A       ; RESERVED_INPUT_WITH_WEAK_PULLUP ;        ;              ;                     ; Column I/O   ;                 ; no       ; On           ;
; W17      ;            ; 3B, 4A   ; VCCPD3B4A                       ; power  ;              ; 2.5V                ; --           ;                 ; --       ; --           ;
; W18      ;            ; --       ; VCC_AUX                         ; power  ;              ; 2.5V                ; --           ;                 ; --       ; --           ;
; W19      ; 159        ; 4A       ; RESERVED_INPUT_WITH_WEAK_PULLUP ;        ;              ;                     ; Column I/O   ;                 ; no       ; On           ;
; W20      ;            ; 4A       ; VCCIO4A                         ; power  ;              ; 2.5V                ; --           ;                 ; --       ; --           ;
; W21      ; 171        ; 4A       ; RESERVED_INPUT_WITH_WEAK_PULLUP ;        ;              ;                     ; Column I/O   ;                 ; no       ; On           ;
; W22      ; 166        ; 4A       ; RESERVED_INPUT_WITH_WEAK_PULLUP ;        ;              ;                     ; Column I/O   ;                 ; no       ; On           ;
; Y1       ;            ;          ; GND                             ; gnd    ;              ;                     ; --           ;                 ; --       ; --           ;
; Y2       ;            ;          ; GND                             ; gnd    ;              ;                     ; --           ;                 ; --       ; --           ;
; Y3       ; 36         ; B0L      ; GXB_NC                          ;        ;              ;                     ; --           ;                 ; --       ; --           ;
; Y4       ; 37         ; B0L      ; GXB_NC                          ;        ;              ;                     ; --           ;                 ; --       ; --           ;
; Y5       ;            ;          ; GND                             ; gnd    ;              ;                     ; --           ;                 ; --       ; --           ;
; Y6       ;            ;          ; DNU                             ;        ;              ;                     ; --           ;                 ; --       ; --           ;
; Y7       ;            ; 3A       ; VREFB3AN0                       ; power  ;              ;                     ; --           ;                 ; --       ; --           ;
; Y8       ;            ; 3A       ; VCCIO3A                         ; power  ;              ; 2.5V                ; --           ;                 ; --       ; --           ;
; Y9       ; 118        ; 3B       ; O_WAVE_DATA[6]                  ; output ; 2.5 V        ;                     ; Column I/O   ; N               ; no       ; Off          ;
; Y10      ; 116        ; 3B       ; O_WAVE_DATA[13]                 ; output ; 2.5 V        ;                     ; Column I/O   ; N               ; no       ; Off          ;
; Y11      ; 129        ; 3B       ; I_PHASE_CLEAR                   ; input  ; 2.5 V        ;                     ; Column I/O   ; N               ; no       ; Off          ;
; Y12      ;            ; 3B       ; VREFB3BN0                       ; power  ;              ;                     ; --           ;                 ; --       ; --           ;
; Y13      ;            ; 3B       ; VCCIO3B                         ; power  ;              ; 2.5V                ; --           ;                 ; --       ; --           ;
; Y14      ; 141        ; 4A       ; RESERVED_INPUT_WITH_WEAK_PULLUP ;        ;              ;                     ; Column I/O   ;                 ; no       ; On           ;
; Y15      ; 143        ; 4A       ; RESERVED_INPUT_WITH_WEAK_PULLUP ;        ;              ;                     ; Column I/O   ;                 ; no       ; On           ;
; Y16      ; 149        ; 4A       ; RESERVED_INPUT_WITH_WEAK_PULLUP ;        ;              ;                     ; Column I/O   ;                 ; no       ; On           ;
; Y17      ; 151        ; 4A       ; RESERVED_INPUT_WITH_WEAK_PULLUP ;        ;              ;                     ; Column I/O   ;                 ; no       ; On           ;
; Y18      ;            ;          ; GND                             ; gnd    ;              ;                     ; --           ;                 ; --       ; --           ;
; Y19      ; 167        ; 4A       ; RESERVED_INPUT_WITH_WEAK_PULLUP ;        ;              ;                     ; Column I/O   ;                 ; no       ; On           ;
; Y20      ; 165        ; 4A       ; RESERVED_INPUT_WITH_WEAK_PULLUP ;        ;              ;                     ; Column I/O   ;                 ; no       ; On           ;
; Y21      ; 169        ; 4A       ; RESERVED_INPUT_WITH_WEAK_PULLUP ;        ;              ;                     ; Column I/O   ;                 ; no       ; On           ;
; Y22      ; 164        ; 4A       ; RESERVED_INPUT_WITH_WEAK_PULLUP ;        ;              ;                     ; Column I/O   ;                 ; no       ; On           ;
+----------+------------+----------+---------------------------------+--------+--------------+---------------------+--------------+-----------------+----------+--------------+
Note: Pin directions (input, output or bidir) are based on device operating in user mode.


+----------------------------------------------------------+
; I/O Assignment Warnings                                  ;
+--------------------------+-------------------------------+
; Pin Name                 ; Reason                        ;
+--------------------------+-------------------------------+
; O_PHASE_FREQ_RANGE_ERROR ; Incomplete set of assignments ;
; O_WAVE_DATA[0]           ; Incomplete set of assignments ;
; O_WAVE_DATA[1]           ; Incomplete set of assignments ;
; O_WAVE_DATA[2]           ; Incomplete set of assignments ;
; O_WAVE_DATA[3]           ; Incomplete set of assignments ;
; O_WAVE_DATA[4]           ; Incomplete set of assignments ;
; O_WAVE_DATA[5]           ; Incomplete set of assignments ;
; O_WAVE_DATA[6]           ; Incomplete set of assignments ;
; O_WAVE_DATA[7]           ; Incomplete set of assignments ;
; O_WAVE_DATA[8]           ; Incomplete set of assignments ;
; O_WAVE_DATA[9]           ; Incomplete set of assignments ;
; O_WAVE_DATA[10]          ; Incomplete set of assignments ;
; O_WAVE_DATA[11]          ; Incomplete set of assignments ;
; O_WAVE_DATA[12]          ; Incomplete set of assignments ;
; O_WAVE_DATA[13]          ; Incomplete set of assignments ;
; O_WAVE_DATA[14]          ; Incomplete set of assignments ;
; O_WAVE_DATA[15]          ; Incomplete set of assignments ;
; O_WAVE_DATA[16]          ; Incomplete set of assignments ;
; O_WAVE_DATA[17]          ; Incomplete set of assignments ;
; O_WAVE_DATA[18]          ; Incomplete set of assignments ;
; O_WAVE_DATA[19]          ; Incomplete set of assignments ;
; O_WAVE_DATA[20]          ; Incomplete set of assignments ;
; O_WAVE_DATA[21]          ; Incomplete set of assignments ;
; O_WAVE_DATA[22]          ; Incomplete set of assignments ;
; O_WAVE_DATA[23]          ; Incomplete set of assignments ;
; I_NOISE_INJECT_EN        ; Incomplete set of assignments ;
; I_CLK                    ; Incomplete set of assignments ;
; I_RESET_N                ; Incomplete set of assignments ;
; I_WAVE_SELECT[2]         ; Incomplete set of assignments ;
; I_WAVE_SELECT[1]         ; Incomplete set of assignments ;
; I_WAVE_SELECT[0]         ; Incomplete set of assignments ;
; I_PHASE_CLEAR            ; Incomplete set of assignments ;
; I_PHASE_SAMPLE_EN        ; Incomplete set of assignments ;
; I_UP                     ; Incomplete set of assignments ;
; I_DOWN                   ; Incomplete set of assignments ;
; I_CHANGE_MODE            ; Incomplete set of assignments ;
; I_START                  ; Incomplete set of assignments ;
; O_PHASE_FREQ_RANGE_ERROR ; Missing location assignment   ;
; O_WAVE_DATA[0]           ; Missing location assignment   ;
; O_WAVE_DATA[1]           ; Missing location assignment   ;
; O_WAVE_DATA[2]           ; Missing location assignment   ;
; O_WAVE_DATA[3]           ; Missing location assignment   ;
; O_WAVE_DATA[4]           ; Missing location assignment   ;
; O_WAVE_DATA[5]           ; Missing location assignment   ;
; O_WAVE_DATA[6]           ; Missing location assignment   ;
; O_WAVE_DATA[7]           ; Missing location assignment   ;
; O_WAVE_DATA[8]           ; Missing location assignment   ;
; O_WAVE_DATA[9]           ; Missing location assignment   ;
; O_WAVE_DATA[10]          ; Missing location assignment   ;
; O_WAVE_DATA[11]          ; Missing location assignment   ;
; O_WAVE_DATA[12]          ; Missing location assignment   ;
; O_WAVE_DATA[13]          ; Missing location assignment   ;
; O_WAVE_DATA[14]          ; Missing location assignment   ;
; O_WAVE_DATA[15]          ; Missing location assignment   ;
; O_WAVE_DATA[16]          ; Missing location assignment   ;
; O_WAVE_DATA[17]          ; Missing location assignment   ;
; O_WAVE_DATA[18]          ; Missing location assignment   ;
; O_WAVE_DATA[19]          ; Missing location assignment   ;
; O_WAVE_DATA[20]          ; Missing location assignment   ;
; O_WAVE_DATA[21]          ; Missing location assignment   ;
; O_WAVE_DATA[22]          ; Missing location assignment   ;
; O_WAVE_DATA[23]          ; Missing location assignment   ;
; I_NOISE_INJECT_EN        ; Missing location assignment   ;
; I_CLK                    ; Missing location assignment   ;
; I_RESET_N                ; Missing location assignment   ;
; I_WAVE_SELECT[2]         ; Missing location assignment   ;
; I_WAVE_SELECT[1]         ; Missing location assignment   ;
; I_WAVE_SELECT[0]         ; Missing location assignment   ;
; I_PHASE_CLEAR            ; Missing location assignment   ;
; I_PHASE_SAMPLE_EN        ; Missing location assignment   ;
; I_UP                     ; Missing location assignment   ;
; I_DOWN                   ; Missing location assignment   ;
; I_CHANGE_MODE            ; Missing location assignment   ;
; I_START                  ; Missing location assignment   ;
+--------------------------+-------------------------------+


+----------------------------------------------------------------------------------------------------------------------------------------------------------------------------------------------------------------------------------------------------------------------------------------------------------------------------------------------------------------------------------------------------------------------------------------------------------------------------------------------------------------------------------------------------+
; Fitter Resource Utilization by Entity                                                                                                                                                                                                                                                                                                                                                                                                                                                                                                              ;
+----------------------------------------------------+----------------------+----------------------------------+---------------------------------------------------+----------------------------------+----------------------+---------------------+---------------------------+---------------+-------------------+-------+------------+------+--------------+-----------------------------------------------------------------------------------------------------------------------------------------------+-----------------------+--------------+
; Compilation Hierarchy Node                         ; ALMs needed [=A-B+C] ; [A] ALMs used in final placement ; [B] Estimate of ALMs recoverable by dense packing ; [C] Estimate of ALMs unavailable ; ALMs used for memory ; Combinational ALUTs ; Dedicated Logic Registers ; I/O Registers ; Block Memory Bits ; M10Ks ; DSP Blocks ; Pins ; Virtual Pins ; Full Hierarchy Name                                                                                                                           ; Entity Name           ; Library Name ;
+----------------------------------------------------+----------------------+----------------------------------+---------------------------------------------------+----------------------------------+----------------------+---------------------+---------------------------+---------------+-------------------+-------+------------+------+--------------+-----------------------------------------------------------------------------------------------------------------------------------------------+-----------------------+--------------+
; |WAVE_GEN_TOP                                      ; 292.5 (0.5)          ; 314.0 (0.5)                      ; 21.5 (0.0)                                        ; 0.0 (0.0)                        ; 0.0 (0.0)            ; 536 (1)             ; 312 (0)                   ; 0 (0)         ; 196608            ; 24    ; 2          ; 37   ; 0            ; |WAVE_GEN_TOP                                                                                                                                 ; WAVE_GEN_TOP          ; work         ;
;    |INPUT_CONTROL:u_input_control|                 ; 121.7 (120.2)        ; 124.0 (122.4)                    ; 2.3 (2.2)                                         ; 0.0 (0.0)                        ; 0.0 (0.0)            ; 232 (231)           ; 112 (108)                 ; 0 (0)         ; 0                 ; 0     ; 0          ; 0    ; 0            ; |WAVE_GEN_TOP|INPUT_CONTROL:u_input_control                                                                                                   ; INPUT_CONTROL         ; work         ;
;       |FALLING_EDGE_DETECTOR:u_detect_change_mode| ; 0.5 (0.5)            ; 0.7 (0.7)                        ; 0.2 (0.2)                                         ; 0.0 (0.0)                        ; 0.0 (0.0)            ; 1 (1)               ; 1 (1)                     ; 0 (0)         ; 0                 ; 0     ; 0          ; 0    ; 0            ; |WAVE_GEN_TOP|INPUT_CONTROL:u_input_control|FALLING_EDGE_DETECTOR:u_detect_change_mode                                                        ; FALLING_EDGE_DETECTOR ; work         ;
;       |FALLING_EDGE_DETECTOR:u_detect_down|        ; 0.3 (0.3)            ; 0.3 (0.3)                        ; 0.0 (0.0)                                         ; 0.0 (0.0)                        ; 0.0 (0.0)            ; 0 (0)               ; 1 (1)                     ; 0 (0)         ; 0                 ; 0     ; 0          ; 0    ; 0            ; |WAVE_GEN_TOP|INPUT_CONTROL:u_input_control|FALLING_EDGE_DETECTOR:u_detect_down                                                               ; FALLING_EDGE_DETECTOR ; work         ;
;       |FALLING_EDGE_DETECTOR:u_detect_start|       ; 0.2 (0.2)            ; 0.2 (0.2)                        ; 0.0 (0.0)                                         ; 0.0 (0.0)                        ; 0.0 (0.0)            ; 0 (0)               ; 1 (1)                     ; 0 (0)         ; 0                 ; 0     ; 0          ; 0    ; 0            ; |WAVE_GEN_TOP|INPUT_CONTROL:u_input_control|FALLING_EDGE_DETECTOR:u_detect_start                                                              ; FALLING_EDGE_DETECTOR ; work         ;
;       |FALLING_EDGE_DETECTOR:u_detect_up|          ; 0.3 (0.3)            ; 0.3 (0.3)                        ; 0.0 (0.0)                                         ; 0.0 (0.0)                        ; 0.0 (0.0)            ; 0 (0)               ; 1 (1)                     ; 0 (0)         ; 0                 ; 0     ; 0          ; 0    ; 0            ; |WAVE_GEN_TOP|INPUT_CONTROL:u_input_control|FALLING_EDGE_DETECTOR:u_detect_up                                                                 ; FALLING_EDGE_DETECTOR ; work         ;
;    |WAVE_GEN:u_wave_gen|                           ; 170.3 (82.7)         ; 189.5 (95.6)                     ; 19.2 (13.0)                                       ; 0.0 (0.0)                        ; 0.0 (0.0)            ; 303 (113)           ; 200 (124)                 ; 0 (0)         ; 196608            ; 24    ; 2          ; 0    ; 0            ; |WAVE_GEN_TOP|WAVE_GEN:u_wave_gen                                                                                                             ; WAVE_GEN              ; work         ;
;       |ECG_GENERATOR:u_ecg_gen|                    ; 0.7 (0.7)            ; 1.2 (1.2)                        ; 0.6 (0.6)                                         ; 0.0 (0.0)                        ; 0.0 (0.0)            ; 3 (3)               ; 1 (1)                     ; 0 (0)         ; 98304             ; 12    ; 0          ; 0    ; 0            ; |WAVE_GEN_TOP|WAVE_GEN:u_wave_gen|ECG_GENERATOR:u_ecg_gen                                                                                     ; ECG_GENERATOR         ; work         ;
;          |altsyncram:r_ecg_data_rtl_0|             ; 0.0 (0.0)            ; 0.0 (0.0)                        ; 0.0 (0.0)                                         ; 0.0 (0.0)                        ; 0.0 (0.0)            ; 0 (0)               ; 0 (0)                     ; 0 (0)         ; 98304             ; 12    ; 0          ; 0    ; 0            ; |WAVE_GEN_TOP|WAVE_GEN:u_wave_gen|ECG_GENERATOR:u_ecg_gen|altsyncram:r_ecg_data_rtl_0                                                         ; altsyncram            ; work         ;
;             |altsyncram_7ce1:auto_generated|       ; 0.0 (0.0)            ; 0.0 (0.0)                        ; 0.0 (0.0)                                         ; 0.0 (0.0)                        ; 0.0 (0.0)            ; 0 (0)               ; 0 (0)                     ; 0 (0)         ; 98304             ; 12    ; 0          ; 0    ; 0            ; |WAVE_GEN_TOP|WAVE_GEN:u_wave_gen|ECG_GENERATOR:u_ecg_gen|altsyncram:r_ecg_data_rtl_0|altsyncram_7ce1:auto_generated                          ; altsyncram_7ce1       ; work         ;
;       |NEGATIVE_MULTIPLIER:u_neg_mult|             ; 23.5 (23.5)          ; 23.5 (23.5)                      ; 0.0 (0.0)                                         ; 0.0 (0.0)                        ; 0.0 (0.0)            ; 47 (47)             ; 0 (0)                     ; 0 (0)         ; 0                 ; 0     ; 1          ; 0    ; 0            ; |WAVE_GEN_TOP|WAVE_GEN:u_wave_gen|NEGATIVE_MULTIPLIER:u_neg_mult                                                                              ; NEGATIVE_MULTIPLIER   ; work         ;
;       |PHASE_ACCUMULATOR:u_phase_accumulator|      ; 27.5 (27.5)          ; 27.8 (27.8)                      ; 0.3 (0.3)                                         ; 0.0 (0.0)                        ; 0.0 (0.0)            ; 71 (71)             ; 49 (49)                   ; 0 (0)         ; 0                 ; 0     ; 0          ; 0    ; 0            ; |WAVE_GEN_TOP|WAVE_GEN:u_wave_gen|PHASE_ACCUMULATOR:u_phase_accumulator                                                                       ; PHASE_ACCUMULATOR     ; work         ;
;       |PRBS_GENERATOR:u_prbs_gen|                  ; 4.5 (4.5)            ; 9.7 (9.7)                        ; 5.2 (5.2)                                         ; 0.0 (0.0)                        ; 0.0 (0.0)            ; 1 (1)               ; 24 (24)                   ; 0 (0)         ; 0                 ; 0     ; 0          ; 0    ; 0            ; |WAVE_GEN_TOP|WAVE_GEN:u_wave_gen|PRBS_GENERATOR:u_prbs_gen                                                                                   ; PRBS_GENERATOR        ; work         ;
;       |SINE_GENERATOR:u_sine_gen|                  ; 16.7 (11.7)          ; 16.8 (11.7)                      ; 0.2 (0.0)                                         ; 0.0 (0.0)                        ; 0.0 (0.0)            ; 37 (24)             ; 2 (1)                     ; 0 (0)         ; 98304             ; 12    ; 0          ; 0    ; 0            ; |WAVE_GEN_TOP|WAVE_GEN:u_wave_gen|SINE_GENERATOR:u_sine_gen                                                                                   ; SINE_GENERATOR        ; work         ;
;          |SINE_LUT:u_sine_lut|                     ; 0.0 (0.0)            ; 0.5 (0.5)                        ; 0.5 (0.5)                                         ; 0.0 (0.0)                        ; 0.0 (0.0)            ; 1 (1)               ; 1 (1)                     ; 0 (0)         ; 98304             ; 12    ; 0          ; 0    ; 0            ; |WAVE_GEN_TOP|WAVE_GEN:u_wave_gen|SINE_GENERATOR:u_sine_gen|SINE_LUT:u_sine_lut                                                               ; SINE_LUT              ; work         ;
;             |altsyncram:r_sine_sample_rtl_0|       ; 0.0 (0.0)            ; 0.0 (0.0)                        ; 0.0 (0.0)                                         ; 0.0 (0.0)                        ; 0.0 (0.0)            ; 0 (0)               ; 0 (0)                     ; 0 (0)         ; 98304             ; 12    ; 0          ; 0    ; 0            ; |WAVE_GEN_TOP|WAVE_GEN:u_wave_gen|SINE_GENERATOR:u_sine_gen|SINE_LUT:u_sine_lut|altsyncram:r_sine_sample_rtl_0                                ; altsyncram            ; work         ;
;                |altsyncram_5vd1:auto_generated|    ; 0.0 (0.0)            ; 0.0 (0.0)                        ; 0.0 (0.0)                                         ; 0.0 (0.0)                        ; 0.0 (0.0)            ; 0 (0)               ; 0 (0)                     ; 0 (0)         ; 98304             ; 12    ; 0          ; 0    ; 0            ; |WAVE_GEN_TOP|WAVE_GEN:u_wave_gen|SINE_GENERATOR:u_sine_gen|SINE_LUT:u_sine_lut|altsyncram:r_sine_sample_rtl_0|altsyncram_5vd1:auto_generated ; altsyncram_5vd1       ; work         ;
;          |SINE_PHASE_MAPPER:u_phase_mapper|        ; 4.7 (4.7)            ; 4.7 (4.7)                        ; 0.0 (0.0)                                         ; 0.0 (0.0)                        ; 0.0 (0.0)            ; 12 (12)             ; 0 (0)                     ; 0 (0)         ; 0                 ; 0     ; 0          ; 0    ; 0            ; |WAVE_GEN_TOP|WAVE_GEN:u_wave_gen|SINE_GENERATOR:u_sine_gen|SINE_PHASE_MAPPER:u_phase_mapper                                                  ; SINE_PHASE_MAPPER     ; work         ;
;       |SQUARE_GENERATOR:u_square_gen|              ; 14.6 (14.6)          ; 14.6 (14.6)                      ; 0.0 (0.0)                                         ; 0.0 (0.0)                        ; 0.0 (0.0)            ; 30 (30)             ; 0 (0)                     ; 0 (0)         ; 0                 ; 0     ; 0          ; 0    ; 0            ; |WAVE_GEN_TOP|WAVE_GEN:u_wave_gen|SQUARE_GENERATOR:u_square_gen                                                                               ; SQUARE_GENERATOR      ; work         ;
;       |TRIANGLE_GENERATOR:u_triangle_gen|          ; 0.2 (0.2)            ; 0.2 (0.2)                        ; 0.0 (0.0)                                         ; 0.0 (0.0)                        ; 0.0 (0.0)            ; 1 (1)               ; 0 (0)                     ; 0 (0)         ; 0                 ; 0     ; 0          ; 0    ; 0            ; |WAVE_GEN_TOP|WAVE_GEN:u_wave_gen|TRIANGLE_GENERATOR:u_triangle_gen                                                                           ; TRIANGLE_GENERATOR    ; work         ;
+----------------------------------------------------+----------------------+----------------------------------+---------------------------------------------------+----------------------------------+----------------------+---------------------+---------------------------+---------------+-------------------+-------+------------+------+--------------+-----------------------------------------------------------------------------------------------------------------------------------------------+-----------------------+--------------+
Note: For table entries with two numbers listed, the numbers in parentheses indicate the number of resources of the given type used by the specific entity alone. The numbers listed outside of parentheses indicate the total resources of the given type used by the specific entity and all of its sub-entities in the hierarchy.


+-----------------------------------------------------------------------------------------------------------------------------------------+
; Delay Chain Summary                                                                                                                     ;
+--------------------------+----------+----+------+------+----+------+-------+--------+------------------------+--------------------------+
; Name                     ; Pin Type ; D1 ; D3_0 ; D3_1 ; D4 ; D5   ; D5 OE ; D5 OCT ; T11 (Postamble Gating) ; T11 (Postamble Ungating) ;
+--------------------------+----------+----+------+------+----+------+-------+--------+------------------------+--------------------------+
; O_PHASE_FREQ_RANGE_ERROR ; Output   ; -- ; --   ; --   ; -- ; (0)  ; (31)  ; --     ; --                     ; --                       ;
; O_WAVE_DATA[0]           ; Output   ; -- ; --   ; --   ; -- ; (0)  ; (31)  ; --     ; --                     ; --                       ;
; O_WAVE_DATA[1]           ; Output   ; -- ; --   ; --   ; -- ; (0)  ; (31)  ; --     ; --                     ; --                       ;
; O_WAVE_DATA[2]           ; Output   ; -- ; --   ; --   ; -- ; (0)  ; (31)  ; --     ; --                     ; --                       ;
; O_WAVE_DATA[3]           ; Output   ; -- ; --   ; --   ; -- ; (0)  ; (31)  ; --     ; --                     ; --                       ;
; O_WAVE_DATA[4]           ; Output   ; -- ; --   ; --   ; -- ; (0)  ; (31)  ; --     ; --                     ; --                       ;
; O_WAVE_DATA[5]           ; Output   ; -- ; --   ; --   ; -- ; (0)  ; (31)  ; --     ; --                     ; --                       ;
; O_WAVE_DATA[6]           ; Output   ; -- ; --   ; --   ; -- ; (0)  ; (31)  ; --     ; --                     ; --                       ;
; O_WAVE_DATA[7]           ; Output   ; -- ; --   ; --   ; -- ; (0)  ; (31)  ; --     ; --                     ; --                       ;
; O_WAVE_DATA[8]           ; Output   ; -- ; --   ; --   ; -- ; (0)  ; (31)  ; --     ; --                     ; --                       ;
; O_WAVE_DATA[9]           ; Output   ; -- ; --   ; --   ; -- ; (0)  ; (31)  ; --     ; --                     ; --                       ;
; O_WAVE_DATA[10]          ; Output   ; -- ; --   ; --   ; -- ; (0)  ; (31)  ; --     ; --                     ; --                       ;
; O_WAVE_DATA[11]          ; Output   ; -- ; --   ; --   ; -- ; (0)  ; (31)  ; --     ; --                     ; --                       ;
; O_WAVE_DATA[12]          ; Output   ; -- ; --   ; --   ; -- ; (0)  ; (31)  ; --     ; --                     ; --                       ;
; O_WAVE_DATA[13]          ; Output   ; -- ; --   ; --   ; -- ; (0)  ; (31)  ; --     ; --                     ; --                       ;
; O_WAVE_DATA[14]          ; Output   ; -- ; --   ; --   ; -- ; (0)  ; (31)  ; --     ; --                     ; --                       ;
; O_WAVE_DATA[15]          ; Output   ; -- ; --   ; --   ; -- ; (0)  ; (31)  ; --     ; --                     ; --                       ;
; O_WAVE_DATA[16]          ; Output   ; -- ; --   ; --   ; -- ; (0)  ; (31)  ; --     ; --                     ; --                       ;
; O_WAVE_DATA[17]          ; Output   ; -- ; --   ; --   ; -- ; (0)  ; (31)  ; --     ; --                     ; --                       ;
; O_WAVE_DATA[18]          ; Output   ; -- ; --   ; --   ; -- ; (0)  ; (31)  ; --     ; --                     ; --                       ;
; O_WAVE_DATA[19]          ; Output   ; -- ; --   ; --   ; -- ; (0)  ; (31)  ; --     ; --                     ; --                       ;
; O_WAVE_DATA[20]          ; Output   ; -- ; --   ; --   ; -- ; (0)  ; (31)  ; --     ; --                     ; --                       ;
; O_WAVE_DATA[21]          ; Output   ; -- ; --   ; --   ; -- ; (0)  ; (31)  ; --     ; --                     ; --                       ;
; O_WAVE_DATA[22]          ; Output   ; -- ; --   ; --   ; -- ; (0)  ; (31)  ; --     ; --                     ; --                       ;
; O_WAVE_DATA[23]          ; Output   ; -- ; --   ; --   ; -- ; (0)  ; (31)  ; --     ; --                     ; --                       ;
; I_NOISE_INJECT_EN        ; Input    ; -- ; (0)  ; --   ; -- ; --   ; --    ; --     ; --                     ; --                       ;
; I_CLK                    ; Input    ; -- ; (0)  ; --   ; -- ; --   ; --    ; --     ; --                     ; --                       ;
; I_RESET_N                ; Input    ; -- ; (0)  ; --   ; -- ; --   ; --    ; --     ; --                     ; --                       ;
; I_WAVE_SELECT[2]         ; Input    ; -- ; (0)  ; --   ; -- ; --   ; --    ; --     ; --                     ; --                       ;
; I_WAVE_SELECT[1]         ; Input    ; -- ; (0)  ; --   ; -- ; --   ; --    ; --     ; --                     ; --                       ;
; I_WAVE_SELECT[0]         ; Input    ; -- ; --   ; (0)  ; -- ; --   ; --    ; --     ; --                     ; --                       ;
; I_PHASE_CLEAR            ; Input    ; -- ; --   ; (0)  ; -- ; --   ; --    ; --     ; --                     ; --                       ;
; I_PHASE_SAMPLE_EN        ; Input    ; -- ; (0)  ; --   ; -- ; --   ; --    ; --     ; --                     ; --                       ;
; I_UP                     ; Input    ; -- ; --   ; (0)  ; -- ; --   ; --    ; --     ; --                     ; --                       ;
; I_DOWN                   ; Input    ; -- ; (0)  ; --   ; -- ; --   ; --    ; --     ; --                     ; --                       ;
; I_CHANGE_MODE            ; Input    ; -- ; (0)  ; --   ; -- ; --   ; --    ; --     ; --                     ; --                       ;
; I_START                  ; Input    ; -- ; --   ; (0)  ; -- ; --   ; --    ; --     ; --                     ; --                       ;
+--------------------------+----------+----+------+------+----+------+-------+--------+------------------------+--------------------------+


+----------------------------------------------------------------------------------------+
; Pad To Core Delay Chain Fanout                                                         ;
+----------------------------------------------------------+-------------------+---------+
; Source Pin / Fanout                                      ; Pad To Core Index ; Setting ;
+----------------------------------------------------------+-------------------+---------+
; I_NOISE_INJECT_EN                                        ;                   ;         ;
;      - WAVE_GEN:u_wave_gen|O_WAVE_DATA[0]~0              ; 0                 ; 0       ;
;      - WAVE_GEN:u_wave_gen|O_WAVE_DATA[1]~1              ; 0                 ; 0       ;
;      - WAVE_GEN:u_wave_gen|O_WAVE_DATA[2]~2              ; 0                 ; 0       ;
;      - WAVE_GEN:u_wave_gen|O_WAVE_DATA[3]~3              ; 0                 ; 0       ;
;      - WAVE_GEN:u_wave_gen|O_WAVE_DATA[4]~4              ; 0                 ; 0       ;
;      - WAVE_GEN:u_wave_gen|O_WAVE_DATA[5]~5              ; 0                 ; 0       ;
;      - WAVE_GEN:u_wave_gen|O_WAVE_DATA[6]~6              ; 0                 ; 0       ;
;      - WAVE_GEN:u_wave_gen|O_WAVE_DATA[7]~7              ; 0                 ; 0       ;
;      - WAVE_GEN:u_wave_gen|O_WAVE_DATA[8]~8              ; 0                 ; 0       ;
;      - WAVE_GEN:u_wave_gen|O_WAVE_DATA[9]~9              ; 0                 ; 0       ;
;      - WAVE_GEN:u_wave_gen|O_WAVE_DATA[10]~10            ; 0                 ; 0       ;
;      - WAVE_GEN:u_wave_gen|O_WAVE_DATA[11]~11            ; 0                 ; 0       ;
;      - WAVE_GEN:u_wave_gen|O_WAVE_DATA[12]~12            ; 0                 ; 0       ;
;      - WAVE_GEN:u_wave_gen|O_WAVE_DATA[13]~13            ; 0                 ; 0       ;
;      - WAVE_GEN:u_wave_gen|O_WAVE_DATA[14]~14            ; 0                 ; 0       ;
;      - WAVE_GEN:u_wave_gen|O_WAVE_DATA[15]~15            ; 0                 ; 0       ;
;      - WAVE_GEN:u_wave_gen|O_WAVE_DATA[16]~16            ; 0                 ; 0       ;
;      - WAVE_GEN:u_wave_gen|O_WAVE_DATA[17]~17            ; 0                 ; 0       ;
;      - WAVE_GEN:u_wave_gen|O_WAVE_DATA[18]~18            ; 0                 ; 0       ;
;      - WAVE_GEN:u_wave_gen|O_WAVE_DATA[19]~19            ; 0                 ; 0       ;
;      - WAVE_GEN:u_wave_gen|O_WAVE_DATA[20]~20            ; 0                 ; 0       ;
;      - WAVE_GEN:u_wave_gen|O_WAVE_DATA[21]~21            ; 0                 ; 0       ;
;      - WAVE_GEN:u_wave_gen|O_WAVE_DATA[22]~22            ; 0                 ; 0       ;
;      - WAVE_GEN:u_wave_gen|O_WAVE_DATA[23]~23            ; 0                 ; 0       ;
; I_CLK                                                    ;                   ;         ;
; I_RESET_N                                                ;                   ;         ;
; I_WAVE_SELECT[2]                                         ;                   ;         ;
;      - WAVE_GEN:u_wave_gen|r_wave_select[2]~feeder       ; 0                 ; 0       ;
; I_WAVE_SELECT[1]                                         ;                   ;         ;
;      - WAVE_GEN:u_wave_gen|r_wave_select[1]              ; 0                 ; 0       ;
; I_WAVE_SELECT[0]                                         ;                   ;         ;
;      - WAVE_GEN:u_wave_gen|r_wave_select[0]              ; 1                 ; 0       ;
; I_PHASE_CLEAR                                            ;                   ;         ;
;      - WAVE_GEN:u_wave_gen|r_phase_clear                 ; 1                 ; 0       ;
; I_PHASE_SAMPLE_EN                                        ;                   ;         ;
;      - WAVE_GEN:u_wave_gen|r_phase_sample_en~feeder      ; 0                 ; 0       ;
; I_UP                                                     ;                   ;         ;
;      - INPUT_CONTROL:u_input_control|r_async_1[1]        ; 1                 ; 0       ;
; I_DOWN                                                   ;                   ;         ;
;      - INPUT_CONTROL:u_input_control|r_async_1[0]~feeder ; 0                 ; 0       ;
; I_CHANGE_MODE                                            ;                   ;         ;
;      - INPUT_CONTROL:u_input_control|r_async_1[2]~feeder ; 0                 ; 0       ;
; I_START                                                  ;                   ;         ;
;      - INPUT_CONTROL:u_input_control|r_async_1[3]        ; 1                 ; 0       ;
+----------------------------------------------------------+-------------------+---------+


+-----------------------------------------------------------------------------------------------------------------------------------------------------------------------------------------------------------------------+
; Control Signals                                                                                                                                                                                                       ;
+-----------------------------------------------------------------------------------------+---------------------+---------+--------------+--------+----------------------+------------------+---------------------------+
; Name                                                                                    ; Location            ; Fan-Out ; Usage        ; Global ; Global Resource Used ; Global Line Name ; Enable Signal Source Name ;
+-----------------------------------------------------------------------------------------+---------------------+---------+--------------+--------+----------------------+------------------+---------------------------+
; INPUT_CONTROL:u_input_control|FALLING_EDGE_DETECTOR:u_detect_change_mode|O_FALLING_EDGE ; LABCELL_X35_Y11_N24 ; 3       ; Clock enable ; no     ; --                   ; --               ; --                        ;
; INPUT_CONTROL:u_input_control|r_amplitude[3]~2                                          ; LABCELL_X35_Y11_N3  ; 22      ; Clock enable ; no     ; --                   ; --               ; --                        ;
; INPUT_CONTROL:u_input_control|r_amplitude[4]~1                                          ; LABCELL_X31_Y11_N39 ; 21      ; Sync. clear  ; no     ; --                   ; --               ; --                        ;
; INPUT_CONTROL:u_input_control|r_duty_cycle_th[31]~0                                     ; LABCELL_X35_Y11_N0  ; 37      ; Clock enable ; no     ; --                   ; --               ; --                        ;
; INPUT_CONTROL:u_input_control|r_phase_ftw[2]~5                                          ; LABCELL_X35_Y10_N24 ; 34      ; Sync. clear  ; no     ; --                   ; --               ; --                        ;
; INPUT_CONTROL:u_input_control|r_phase_ftw[31]~6                                         ; LABCELL_X35_Y11_N21 ; 36      ; Clock enable ; no     ; --                   ; --               ; --                        ;
; I_CLK                                                                                   ; PIN_M16             ; 338     ; Clock        ; yes    ; Global Clock         ; GCLK9            ; --                        ;
; I_RESET_N                                                                               ; PIN_M9              ; 314     ; Async. clear ; yes    ; Global Clock         ; GCLK6            ; --                        ;
; WAVE_GEN:u_wave_gen|PHASE_ACCUMULATOR:u_phase_accumulator|r_phase_counter[18]~0         ; LABCELL_X40_Y11_N57 ; 49      ; Clock enable ; no     ; --                   ; --               ; --                        ;
; WAVE_GEN:u_wave_gen|PHASE_ACCUMULATOR:u_phase_accumulator|r_phase_counter[31]           ; FF_X39_Y10_N35      ; 39      ; Sync. load   ; no     ; --                   ; --               ; --                        ;
; WAVE_GEN:u_wave_gen|r_phase_clear                                                       ; FF_X40_Y11_N59      ; 50      ; Sync. clear  ; no     ; --                   ; --               ; --                        ;
; WAVE_GEN:u_wave_gen|r_phase_sample_en                                                   ; FF_X31_Y11_N11      ; 25      ; Clock enable ; no     ; --                   ; --               ; --                        ;
+-----------------------------------------------------------------------------------------+---------------------+---------+--------------+--------+----------------------+------------------+---------------------------+


+------------------------------------------------------------------------------------------------------+
; Global & Other Fast Signals                                                                          ;
+-----------+----------+---------+----------------------+------------------+---------------------------+
; Name      ; Location ; Fan-Out ; Global Resource Used ; Global Line Name ; Enable Signal Source Name ;
+-----------+----------+---------+----------------------+------------------+---------------------------+
; I_CLK     ; PIN_M16  ; 338     ; Global Clock         ; GCLK9            ; --                        ;
; I_RESET_N ; PIN_M9   ; 314     ; Global Clock         ; GCLK6            ; --                        ;
+-----------+----------+---------+----------------------+------------------+---------------------------+


+-----------------------------------------------------------------------------------------------------------------------------------------------------------------------------------------------------------------------------------------------------------------------------------------------------------------------------------------------------------------------------------------------------------------------------------------------------------------------------------------------------------------------------------------------------------------------------------------------------------------------------------------------------------------------------------------------------------------------------------------------------------------------------------------------------------------------------------------------------------------------------------------------------------------+
; Fitter RAM Summary                                                                                                                                                                                                                                                                                                                                                                                                                                                                                                                                                                                                                                                                                                                                                                                                                                                                                              ;
+--------------------------------------------------------------------------------------------------------------------------------------------+------+------+--------------+--------------+--------------+--------------+--------------+------------------------+-------------------------+------------------------+-------------------------+-------+-----------------------------+-----------------------------+-----------------------------+-----------------------------+---------------------+-------------+-------+-----------------------------------------------------+------------------------------------------------------------------------------------------------------------------------------------------------------------------------------------------------------------+----------------------+-----------------+-----------------+----------+------------------------+-----------------------+
; Name                                                                                                                                       ; Type ; Mode ; Clock Mode   ; Port A Depth ; Port A Width ; Port B Depth ; Port B Width ; Port A Input Registers ; Port A Output Registers ; Port B Input Registers ; Port B Output Registers ; Size  ; Implementation Port A Depth ; Implementation Port A Width ; Implementation Port B Depth ; Implementation Port B Width ; Implementation Bits ; M10K blocks ; MLABs ; MIF                                                 ; Location                                                                                                                                                                                                   ; Mixed Width RDW Mode ; Port A RDW Mode ; Port B RDW Mode ; ECC Mode ; ECC Pipeline Registers ; Fits in MLABs         ;
+--------------------------------------------------------------------------------------------------------------------------------------------+------+------+--------------+--------------+--------------+--------------+--------------+------------------------+-------------------------+------------------------+-------------------------+-------+-----------------------------+-----------------------------+-----------------------------+-----------------------------+---------------------+-------------+-------+-----------------------------------------------------+------------------------------------------------------------------------------------------------------------------------------------------------------------------------------------------------------------+----------------------+-----------------+-----------------+----------+------------------------+-----------------------+
; WAVE_GEN:u_wave_gen|ECG_GENERATOR:u_ecg_gen|altsyncram:r_ecg_data_rtl_0|altsyncram_7ce1:auto_generated|ALTSYNCRAM                          ; AUTO ; ROM  ; Single Clock ; 4096         ; 24           ; --           ; --           ; yes                    ; no                      ; --                     ; --                      ; 98304 ; 4096                        ; 24                          ; --                          ; --                          ; 98304               ; 12          ; 0     ; db/WAVE_GEN_TOP.ram0_ECG_GENERATOR_4e879e81.hdl.mif ; M10K_X38_Y13_N0, M10K_X41_Y11_N0, M10K_X38_Y14_N0, M10K_X38_Y12_N0, M10K_X49_Y12_N0, M10K_X49_Y13_N0, M10K_X41_Y14_N0, M10K_X41_Y12_N0, M10K_X49_Y11_N0, M10K_X38_Y10_N0, M10K_X41_Y13_N0, M10K_X38_Y11_N0 ; Don't care           ; New data        ; New data        ; Off      ; No                     ; No - Address Too Wide ;
; WAVE_GEN:u_wave_gen|SINE_GENERATOR:u_sine_gen|SINE_LUT:u_sine_lut|altsyncram:r_sine_sample_rtl_0|altsyncram_5vd1:auto_generated|ALTSYNCRAM ; AUTO ; ROM  ; Single Clock ; 4096         ; 24           ; --           ; --           ; yes                    ; no                      ; --                     ; --                      ; 98304 ; 4096                        ; 24                          ; --                          ; --                          ; 98304               ; 12          ; 0     ; db/WAVE_GEN_TOP.ram0_SINE_LUT_f4f2a91b.hdl.mif      ; M10K_X49_Y9_N0, M10K_X41_Y8_N0, M10K_X49_Y8_N0, M10K_X41_Y10_N0, M10K_X41_Y6_N0, M10K_X49_Y10_N0, M10K_X38_Y6_N0, M10K_X38_Y9_N0, M10K_X41_Y7_N0, M10K_X38_Y7_N0, M10K_X41_Y9_N0, M10K_X38_Y8_N0           ; Don't care           ; New data        ; New data        ; Off      ; No                     ; No - Address Too Wide ;
+--------------------------------------------------------------------------------------------------------------------------------------------+------+------+--------------+--------------+--------------+--------------+--------------+------------------------+-------------------------+------------------------+-------------------------+-------+-----------------------------+-----------------------------+-----------------------------+-----------------------------+---------------------+-------------+-------+-----------------------------------------------------+------------------------------------------------------------------------------------------------------------------------------------------------------------------------------------------------------------+----------------------+-----------------+-----------------+----------+------------------------+-----------------------+
Note: Fitter may spread logical memories into multiple blocks to improve timing. The actual required RAM blocks can be found in the Fitter Resource Usage section.


+-----------------------------------------------+
; Fitter DSP Block Usage Summary                ;
+---------------------------------+-------------+
; Statistic                       ; Number Used ;
+---------------------------------+-------------+
; Independent 27x27               ; 2           ;
; Total number of DSP blocks      ; 2           ;
;                                 ;             ;
; Fixed Point Unsigned Multiplier ; 2           ;
+---------------------------------+-------------+


+----------------------------------------------------------------------------------------------------------------------------------------------------------------------------------------------------------------------------------------------------------------------------------------------------------------------------------------------------------------------------------------------------------------------------------------------------+
; DSP Block Details                                                                                                                                                                                                                                                                                                                                                                                                                                  ;
+------------------------------------------------------------+-------------------+----------------+---------------------+------------------------+------------------------+------------------------+------------------------+------------------------+------------------------+-----------------+--------------------------------+---------------------+-------------------------------+------------------------------+------------------------------+
; Name                                                       ; Mode              ; Location       ; Sign Representation ; Data AX Input Register ; Data AY Input Register ; Data AZ Input Register ; Data BX Input Register ; Data BY Input Register ; Data BZ Input Register ; Output Register ; Dedicated Shift Register Chain ; Dedicated Pre-Adder ; Dedicated Coefficient Storage ; Dedicated Output Adder Chain ; Dedicated Output Accumulator ;
+------------------------------------------------------------+-------------------+----------------+---------------------+------------------------+------------------------+------------------------+------------------------+------------------------+------------------------+-----------------+--------------------------------+---------------------+-------------------------------+------------------------------+------------------------------+
; WAVE_GEN:u_wave_gen|Mult0~8                                ; Independent 27x27 ; DSP_X32_Y10_N0 ; Unsigned            ; no                     ; yes                    ; --                     ; --                     ; --                     ; --                     ; no              ; no                             ; no                  ; no                            ; no                           ; no                           ;
; WAVE_GEN:u_wave_gen|NEGATIVE_MULTIPLIER:u_neg_mult|Mult0~8 ; Independent 27x27 ; DSP_X32_Y12_N0 ; Unsigned            ; no                     ; yes                    ; --                     ; --                     ; --                     ; --                     ; no              ; no                             ; no                  ; no                            ; no                           ; no                           ;
+------------------------------------------------------------+-------------------+----------------+---------------------+------------------------+------------------------+------------------------+------------------------+------------------------+------------------------+-----------------+--------------------------------+---------------------+-------------------------------+------------------------------+------------------------------+


+----------------------------------------------------------+
; Routing Usage Summary                                    ;
+------------------------------+---------------------------+
; Routing Resource Type        ; Usage                     ;
+------------------------------+---------------------------+
; Block interconnects          ; 1,260 / 374,484 ( < 1 % ) ;
; C12 interconnects            ; 19 / 16,664 ( < 1 % )     ;
; C2 interconnects             ; 368 / 155,012 ( < 1 % )   ;
; C4 interconnects             ; 216 / 72,600 ( < 1 % )    ;
; DQS bus muxes                ; 0 / 30 ( 0 % )            ;
; DQS-18 I/O buses             ; 0 / 30 ( 0 % )            ;
; DQS-9 I/O buses              ; 0 / 30 ( 0 % )            ;
; Direct links                 ; 147 / 374,484 ( < 1 % )   ;
; Global clocks                ; 2 / 16 ( 13 % )           ;
; Horizontal periphery clocks  ; 0 / 72 ( 0 % )            ;
; Local interconnects          ; 211 / 112,960 ( < 1 % )   ;
; Quadrant clocks              ; 0 / 88 ( 0 % )            ;
; R14 interconnects            ; 12 / 15,868 ( < 1 % )     ;
; R14/C12 interconnect drivers ; 21 / 27,256 ( < 1 % )     ;
; R3 interconnects             ; 601 / 169,296 ( < 1 % )   ;
; R6 interconnects             ; 636 / 330,800 ( < 1 % )   ;
; Spine clocks                 ; 4 / 480 ( < 1 % )         ;
; Wire stub REs                ; 0 / 20,834 ( 0 % )        ;
+------------------------------+---------------------------+


+------------------------------------------+
; I/O Rules Summary                        ;
+----------------------------------+-------+
; I/O Rules Statistic              ; Total ;
+----------------------------------+-------+
; Total I/O Rules                  ; 28    ;
; Number of I/O Rules Passed       ; 6     ;
; Number of I/O Rules Failed       ; 0     ;
; Number of I/O Rules Unchecked    ; 0     ;
; Number of I/O Rules Inapplicable ; 22    ;
+----------------------------------+-------+


+-----------------------------------------------------------------------------------------------------------------------------------------------------------------------------------------------------------------------------------------------------------------------------------+
; I/O Rules Details                                                                                                                                                                                                                                                                 ;
+--------------+-----------+-----------------------------------+------------------------------------------------------------------------------------+----------+--------------------------------------------------------------------------+---------------------+-------------------+
; Status       ; ID        ; Category                          ; Rule Description                                                                   ; Severity ; Information                                                              ; Area                ; Extra Information ;
+--------------+-----------+-----------------------------------+------------------------------------------------------------------------------------+----------+--------------------------------------------------------------------------+---------------------+-------------------+
; Inapplicable ; IO_000001 ; Capacity Checks                   ; Number of pins in an I/O bank should not exceed the number of locations available. ; Critical ; No Location assignments found.                                           ; I/O                 ;                   ;
; Inapplicable ; IO_000002 ; Capacity Checks                   ; Number of clocks in an I/O bank should not exceed the number of clocks available.  ; Critical ; No Global Signal assignments found.                                      ; I/O                 ;                   ;
; Inapplicable ; IO_000003 ; Capacity Checks                   ; Number of pins in a Vrefgroup should not exceed the number of locations available. ; Critical ; No Location assignments found.                                           ; I/O                 ;                   ;
; Inapplicable ; IO_000004 ; Voltage Compatibility Checks      ; The I/O bank should support the requested VCCIO.                                   ; Critical ; No IOBANK_VCCIO assignments found.                                       ; I/O                 ;                   ;
; Inapplicable ; IO_000005 ; Voltage Compatibility Checks      ; The I/O bank should not have competing VREF values.                                ; Critical ; No VREF I/O Standard assignments found.                                  ; I/O                 ;                   ;
; Pass         ; IO_000006 ; Voltage Compatibility Checks      ; The I/O bank should not have competing VCCIO values.                               ; Critical ; 0 such failures found.                                                   ; I/O                 ;                   ;
; Inapplicable ; IO_000007 ; Valid Location Checks             ; Checks for unavailable locations.                                                  ; Critical ; No Location assignments found.                                           ; I/O                 ;                   ;
; Inapplicable ; IO_000008 ; Valid Location Checks             ; Checks for reserved locations.                                                     ; Critical ; No reserved LogicLock region found.                                      ; I/O                 ;                   ;
; Pass         ; IO_000009 ; I/O Properties Checks for One I/O ; The location should support the requested I/O standard.                            ; Critical ; 0 such failures found.                                                   ; I/O                 ;                   ;
; Pass         ; IO_000010 ; I/O Properties Checks for One I/O ; The location should support the requested I/O direction.                           ; Critical ; 0 such failures found.                                                   ; I/O                 ;                   ;
; Inapplicable ; IO_000011 ; I/O Properties Checks for One I/O ; The location should support the requested Current Strength.                        ; Critical ; No Current Strength assignments found.                                   ; I/O                 ;                   ;
; Pass         ; IO_000012 ; I/O Properties Checks for One I/O ; The location should support the requested On Chip Termination value.               ; Critical ; 0 such failures found.                                                   ; I/O                 ;                   ;
; Inapplicable ; IO_000013 ; I/O Properties Checks for One I/O ; The location should support the requested Bus Hold value.                          ; Critical ; No Enable Bus-Hold Circuitry assignments found.                          ; I/O                 ;                   ;
; Inapplicable ; IO_000014 ; I/O Properties Checks for One I/O ; The location should support the requested Weak Pull Up value.                      ; Critical ; No Weak Pull-Up Resistor assignments found.                              ; I/O                 ;                   ;
; Inapplicable ; IO_000015 ; I/O Properties Checks for One I/O ; The location should support the requested PCI Clamp Diode.                         ; Critical ; No Clamping Diode assignments found.                                     ; I/O                 ;                   ;
; Inapplicable ; IO_000018 ; I/O Properties Checks for One I/O ; The I/O standard should support the requested Current Strength.                    ; Critical ; No Current Strength assignments found.                                   ; I/O                 ;                   ;
; Pass         ; IO_000019 ; I/O Properties Checks for One I/O ; The I/O standard should support the requested On Chip Termination value.           ; Critical ; 0 such failures found.                                                   ; I/O                 ;                   ;
; Inapplicable ; IO_000020 ; I/O Properties Checks for One I/O ; The I/O standard should support the requested PCI Clamp Diode.                     ; Critical ; No Clamping Diode assignments found.                                     ; I/O                 ;                   ;
; Inapplicable ; IO_000021 ; I/O Properties Checks for One I/O ; The I/O standard should support the requested Weak Pull Up value.                  ; Critical ; No Weak Pull-Up Resistor assignments found.                              ; I/O                 ;                   ;
; Inapplicable ; IO_000022 ; I/O Properties Checks for One I/O ; The I/O standard should support the requested Bus Hold value.                      ; Critical ; No Enable Bus-Hold Circuitry assignments found.                          ; I/O                 ;                   ;
; Inapplicable ; IO_000023 ; I/O Properties Checks for One I/O ; The I/O standard should support the Open Drain value.                              ; Critical ; No open drain assignments found.                                         ; I/O                 ;                   ;
; Pass         ; IO_000024 ; I/O Properties Checks for One I/O ; The I/O direction should support the On Chip Termination value.                    ; Critical ; 0 such failures found.                                                   ; I/O                 ;                   ;
; Inapplicable ; IO_000026 ; I/O Properties Checks for One I/O ; On Chip Termination and Current Strength should not be used at the same time.      ; Critical ; No Current Strength assignments found.                                   ; I/O                 ;                   ;
; Inapplicable ; IO_000027 ; I/O Properties Checks for One I/O ; Weak Pull Up and Bus Hold should not be used at the same time.                     ; Critical ; No Enable Bus-Hold Circuitry or Weak Pull-Up Resistor assignments found. ; I/O                 ;                   ;
; Inapplicable ; IO_000045 ; I/O Properties Checks for One I/O ; The I/O standard should support the requested Slew Rate value.                     ; Critical ; No Slew Rate assignments found.                                          ; I/O                 ;                   ;
; Inapplicable ; IO_000046 ; I/O Properties Checks for One I/O ; The location should support the requested Slew Rate value.                         ; Critical ; No Slew Rate assignments found.                                          ; I/O                 ;                   ;
; Inapplicable ; IO_000047 ; I/O Properties Checks for One I/O ; On Chip Termination and Slew Rate should not be used at the same time.             ; Critical ; No Slew Rate assignments found.                                          ; I/O                 ;                   ;
; Inapplicable ; IO_000034 ; SI Related Distance Checks        ; Single-ended outputs should be 0 LAB row(s) away from a differential I/O.          ; High     ; No Differential I/O Standard assignments found.                          ; I/O                 ;                   ;
; ----         ; ----      ; Disclaimer                        ; OCT rules are checked but not reported.                                            ; None     ; ----                                                                     ; On Chip Termination ;                   ;
+--------------+-----------+-----------------------------------+------------------------------------------------------------------------------------+----------+--------------------------------------------------------------------------+---------------------+-------------------+


+-----------------------------------------------------------------------------------------------------------------------------------------------------------------------------------------------------------------------------------------------------------------------------------------------------------------------------------------------------------------------------------------------------------------------------------------------------+
; I/O Rules Matrix                                                                                                                                                                                                                                                                                                                                                                                                                                    ;
+--------------------------+--------------+--------------+--------------+--------------+--------------+-----------+--------------+--------------+-----------+-----------+--------------+--------------+--------------+--------------+--------------+--------------+--------------+--------------+--------------+--------------+--------------+--------------+--------------+--------------+--------------+--------------+--------------+--------------+
; Pin/Rules                ; IO_000001    ; IO_000002    ; IO_000003    ; IO_000004    ; IO_000005    ; IO_000006 ; IO_000007    ; IO_000008    ; IO_000009 ; IO_000010 ; IO_000011    ; IO_000012    ; IO_000013    ; IO_000014    ; IO_000015    ; IO_000018    ; IO_000019    ; IO_000020    ; IO_000021    ; IO_000022    ; IO_000023    ; IO_000024    ; IO_000026    ; IO_000027    ; IO_000045    ; IO_000046    ; IO_000047    ; IO_000034    ;
+--------------------------+--------------+--------------+--------------+--------------+--------------+-----------+--------------+--------------+-----------+-----------+--------------+--------------+--------------+--------------+--------------+--------------+--------------+--------------+--------------+--------------+--------------+--------------+--------------+--------------+--------------+--------------+--------------+--------------+
; Total Pass               ; 0            ; 0            ; 0            ; 0            ; 0            ; 37        ; 0            ; 0            ; 37        ; 37        ; 0            ; 25           ; 0            ; 0            ; 0            ; 0            ; 25           ; 0            ; 0            ; 0            ; 0            ; 25           ; 0            ; 0            ; 0            ; 0            ; 0            ; 0            ;
; Total Unchecked          ; 0            ; 0            ; 0            ; 0            ; 0            ; 0         ; 0            ; 0            ; 0         ; 0         ; 0            ; 0            ; 0            ; 0            ; 0            ; 0            ; 0            ; 0            ; 0            ; 0            ; 0            ; 0            ; 0            ; 0            ; 0            ; 0            ; 0            ; 0            ;
; Total Inapplicable       ; 37           ; 37           ; 37           ; 37           ; 37           ; 0         ; 37           ; 37           ; 0         ; 0         ; 37           ; 12           ; 37           ; 37           ; 37           ; 37           ; 12           ; 37           ; 37           ; 37           ; 37           ; 12           ; 37           ; 37           ; 37           ; 37           ; 37           ; 37           ;
; Total Fail               ; 0            ; 0            ; 0            ; 0            ; 0            ; 0         ; 0            ; 0            ; 0         ; 0         ; 0            ; 0            ; 0            ; 0            ; 0            ; 0            ; 0            ; 0            ; 0            ; 0            ; 0            ; 0            ; 0            ; 0            ; 0            ; 0            ; 0            ; 0            ;
; O_PHASE_FREQ_RANGE_ERROR ; Inapplicable ; Inapplicable ; Inapplicable ; Inapplicable ; Inapplicable ; Pass      ; Inapplicable ; Inapplicable ; Pass      ; Pass      ; Inapplicable ; Pass         ; Inapplicable ; Inapplicable ; Inapplicable ; Inapplicable ; Pass         ; Inapplicable ; Inapplicable ; Inapplicable ; Inapplicable ; Pass         ; Inapplicable ; Inapplicable ; Inapplicable ; Inapplicable ; Inapplicable ; Inapplicable ;
; O_WAVE_DATA[0]           ; Inapplicable ; Inapplicable ; Inapplicable ; Inapplicable ; Inapplicable ; Pass      ; Inapplicable ; Inapplicable ; Pass      ; Pass      ; Inapplicable ; Pass         ; Inapplicable ; Inapplicable ; Inapplicable ; Inapplicable ; Pass         ; Inapplicable ; Inapplicable ; Inapplicable ; Inapplicable ; Pass         ; Inapplicable ; Inapplicable ; Inapplicable ; Inapplicable ; Inapplicable ; Inapplicable ;
; O_WAVE_DATA[1]           ; Inapplicable ; Inapplicable ; Inapplicable ; Inapplicable ; Inapplicable ; Pass      ; Inapplicable ; Inapplicable ; Pass      ; Pass      ; Inapplicable ; Pass         ; Inapplicable ; Inapplicable ; Inapplicable ; Inapplicable ; Pass         ; Inapplicable ; Inapplicable ; Inapplicable ; Inapplicable ; Pass         ; Inapplicable ; Inapplicable ; Inapplicable ; Inapplicable ; Inapplicable ; Inapplicable ;
; O_WAVE_DATA[2]           ; Inapplicable ; Inapplicable ; Inapplicable ; Inapplicable ; Inapplicable ; Pass      ; Inapplicable ; Inapplicable ; Pass      ; Pass      ; Inapplicable ; Pass         ; Inapplicable ; Inapplicable ; Inapplicable ; Inapplicable ; Pass         ; Inapplicable ; Inapplicable ; Inapplicable ; Inapplicable ; Pass         ; Inapplicable ; Inapplicable ; Inapplicable ; Inapplicable ; Inapplicable ; Inapplicable ;
; O_WAVE_DATA[3]           ; Inapplicable ; Inapplicable ; Inapplicable ; Inapplicable ; Inapplicable ; Pass      ; Inapplicable ; Inapplicable ; Pass      ; Pass      ; Inapplicable ; Pass         ; Inapplicable ; Inapplicable ; Inapplicable ; Inapplicable ; Pass         ; Inapplicable ; Inapplicable ; Inapplicable ; Inapplicable ; Pass         ; Inapplicable ; Inapplicable ; Inapplicable ; Inapplicable ; Inapplicable ; Inapplicable ;
; O_WAVE_DATA[4]           ; Inapplicable ; Inapplicable ; Inapplicable ; Inapplicable ; Inapplicable ; Pass      ; Inapplicable ; Inapplicable ; Pass      ; Pass      ; Inapplicable ; Pass         ; Inapplicable ; Inapplicable ; Inapplicable ; Inapplicable ; Pass         ; Inapplicable ; Inapplicable ; Inapplicable ; Inapplicable ; Pass         ; Inapplicable ; Inapplicable ; Inapplicable ; Inapplicable ; Inapplicable ; Inapplicable ;
; O_WAVE_DATA[5]           ; Inapplicable ; Inapplicable ; Inapplicable ; Inapplicable ; Inapplicable ; Pass      ; Inapplicable ; Inapplicable ; Pass      ; Pass      ; Inapplicable ; Pass         ; Inapplicable ; Inapplicable ; Inapplicable ; Inapplicable ; Pass         ; Inapplicable ; Inapplicable ; Inapplicable ; Inapplicable ; Pass         ; Inapplicable ; Inapplicable ; Inapplicable ; Inapplicable ; Inapplicable ; Inapplicable ;
; O_WAVE_DATA[6]           ; Inapplicable ; Inapplicable ; Inapplicable ; Inapplicable ; Inapplicable ; Pass      ; Inapplicable ; Inapplicable ; Pass      ; Pass      ; Inapplicable ; Pass         ; Inapplicable ; Inapplicable ; Inapplicable ; Inapplicable ; Pass         ; Inapplicable ; Inapplicable ; Inapplicable ; Inapplicable ; Pass         ; Inapplicable ; Inapplicable ; Inapplicable ; Inapplicable ; Inapplicable ; Inapplicable ;
; O_WAVE_DATA[7]           ; Inapplicable ; Inapplicable ; Inapplicable ; Inapplicable ; Inapplicable ; Pass      ; Inapplicable ; Inapplicable ; Pass      ; Pass      ; Inapplicable ; Pass         ; Inapplicable ; Inapplicable ; Inapplicable ; Inapplicable ; Pass         ; Inapplicable ; Inapplicable ; Inapplicable ; Inapplicable ; Pass         ; Inapplicable ; Inapplicable ; Inapplicable ; Inapplicable ; Inapplicable ; Inapplicable ;
; O_WAVE_DATA[8]           ; Inapplicable ; Inapplicable ; Inapplicable ; Inapplicable ; Inapplicable ; Pass      ; Inapplicable ; Inapplicable ; Pass      ; Pass      ; Inapplicable ; Pass         ; Inapplicable ; Inapplicable ; Inapplicable ; Inapplicable ; Pass         ; Inapplicable ; Inapplicable ; Inapplicable ; Inapplicable ; Pass         ; Inapplicable ; Inapplicable ; Inapplicable ; Inapplicable ; Inapplicable ; Inapplicable ;
; O_WAVE_DATA[9]           ; Inapplicable ; Inapplicable ; Inapplicable ; Inapplicable ; Inapplicable ; Pass      ; Inapplicable ; Inapplicable ; Pass      ; Pass      ; Inapplicable ; Pass         ; Inapplicable ; Inapplicable ; Inapplicable ; Inapplicable ; Pass         ; Inapplicable ; Inapplicable ; Inapplicable ; Inapplicable ; Pass         ; Inapplicable ; Inapplicable ; Inapplicable ; Inapplicable ; Inapplicable ; Inapplicable ;
; O_WAVE_DATA[10]          ; Inapplicable ; Inapplicable ; Inapplicable ; Inapplicable ; Inapplicable ; Pass      ; Inapplicable ; Inapplicable ; Pass      ; Pass      ; Inapplicable ; Pass         ; Inapplicable ; Inapplicable ; Inapplicable ; Inapplicable ; Pass         ; Inapplicable ; Inapplicable ; Inapplicable ; Inapplicable ; Pass         ; Inapplicable ; Inapplicable ; Inapplicable ; Inapplicable ; Inapplicable ; Inapplicable ;
; O_WAVE_DATA[11]          ; Inapplicable ; Inapplicable ; Inapplicable ; Inapplicable ; Inapplicable ; Pass      ; Inapplicable ; Inapplicable ; Pass      ; Pass      ; Inapplicable ; Pass         ; Inapplicable ; Inapplicable ; Inapplicable ; Inapplicable ; Pass         ; Inapplicable ; Inapplicable ; Inapplicable ; Inapplicable ; Pass         ; Inapplicable ; Inapplicable ; Inapplicable ; Inapplicable ; Inapplicable ; Inapplicable ;
; O_WAVE_DATA[12]          ; Inapplicable ; Inapplicable ; Inapplicable ; Inapplicable ; Inapplicable ; Pass      ; Inapplicable ; Inapplicable ; Pass      ; Pass      ; Inapplicable ; Pass         ; Inapplicable ; Inapplicable ; Inapplicable ; Inapplicable ; Pass         ; Inapplicable ; Inapplicable ; Inapplicable ; Inapplicable ; Pass         ; Inapplicable ; Inapplicable ; Inapplicable ; Inapplicable ; Inapplicable ; Inapplicable ;
; O_WAVE_DATA[13]          ; Inapplicable ; Inapplicable ; Inapplicable ; Inapplicable ; Inapplicable ; Pass      ; Inapplicable ; Inapplicable ; Pass      ; Pass      ; Inapplicable ; Pass         ; Inapplicable ; Inapplicable ; Inapplicable ; Inapplicable ; Pass         ; Inapplicable ; Inapplicable ; Inapplicable ; Inapplicable ; Pass         ; Inapplicable ; Inapplicable ; Inapplicable ; Inapplicable ; Inapplicable ; Inapplicable ;
; O_WAVE_DATA[14]          ; Inapplicable ; Inapplicable ; Inapplicable ; Inapplicable ; Inapplicable ; Pass      ; Inapplicable ; Inapplicable ; Pass      ; Pass      ; Inapplicable ; Pass         ; Inapplicable ; Inapplicable ; Inapplicable ; Inapplicable ; Pass         ; Inapplicable ; Inapplicable ; Inapplicable ; Inapplicable ; Pass         ; Inapplicable ; Inapplicable ; Inapplicable ; Inapplicable ; Inapplicable ; Inapplicable ;
; O_WAVE_DATA[15]          ; Inapplicable ; Inapplicable ; Inapplicable ; Inapplicable ; Inapplicable ; Pass      ; Inapplicable ; Inapplicable ; Pass      ; Pass      ; Inapplicable ; Pass         ; Inapplicable ; Inapplicable ; Inapplicable ; Inapplicable ; Pass         ; Inapplicable ; Inapplicable ; Inapplicable ; Inapplicable ; Pass         ; Inapplicable ; Inapplicable ; Inapplicable ; Inapplicable ; Inapplicable ; Inapplicable ;
; O_WAVE_DATA[16]          ; Inapplicable ; Inapplicable ; Inapplicable ; Inapplicable ; Inapplicable ; Pass      ; Inapplicable ; Inapplicable ; Pass      ; Pass      ; Inapplicable ; Pass         ; Inapplicable ; Inapplicable ; Inapplicable ; Inapplicable ; Pass         ; Inapplicable ; Inapplicable ; Inapplicable ; Inapplicable ; Pass         ; Inapplicable ; Inapplicable ; Inapplicable ; Inapplicable ; Inapplicable ; Inapplicable ;
; O_WAVE_DATA[17]          ; Inapplicable ; Inapplicable ; Inapplicable ; Inapplicable ; Inapplicable ; Pass      ; Inapplicable ; Inapplicable ; Pass      ; Pass      ; Inapplicable ; Pass         ; Inapplicable ; Inapplicable ; Inapplicable ; Inapplicable ; Pass         ; Inapplicable ; Inapplicable ; Inapplicable ; Inapplicable ; Pass         ; Inapplicable ; Inapplicable ; Inapplicable ; Inapplicable ; Inapplicable ; Inapplicable ;
; O_WAVE_DATA[18]          ; Inapplicable ; Inapplicable ; Inapplicable ; Inapplicable ; Inapplicable ; Pass      ; Inapplicable ; Inapplicable ; Pass      ; Pass      ; Inapplicable ; Pass         ; Inapplicable ; Inapplicable ; Inapplicable ; Inapplicable ; Pass         ; Inapplicable ; Inapplicable ; Inapplicable ; Inapplicable ; Pass         ; Inapplicable ; Inapplicable ; Inapplicable ; Inapplicable ; Inapplicable ; Inapplicable ;
; O_WAVE_DATA[19]          ; Inapplicable ; Inapplicable ; Inapplicable ; Inapplicable ; Inapplicable ; Pass      ; Inapplicable ; Inapplicable ; Pass      ; Pass      ; Inapplicable ; Pass         ; Inapplicable ; Inapplicable ; Inapplicable ; Inapplicable ; Pass         ; Inapplicable ; Inapplicable ; Inapplicable ; Inapplicable ; Pass         ; Inapplicable ; Inapplicable ; Inapplicable ; Inapplicable ; Inapplicable ; Inapplicable ;
; O_WAVE_DATA[20]          ; Inapplicable ; Inapplicable ; Inapplicable ; Inapplicable ; Inapplicable ; Pass      ; Inapplicable ; Inapplicable ; Pass      ; Pass      ; Inapplicable ; Pass         ; Inapplicable ; Inapplicable ; Inapplicable ; Inapplicable ; Pass         ; Inapplicable ; Inapplicable ; Inapplicable ; Inapplicable ; Pass         ; Inapplicable ; Inapplicable ; Inapplicable ; Inapplicable ; Inapplicable ; Inapplicable ;
; O_WAVE_DATA[21]          ; Inapplicable ; Inapplicable ; Inapplicable ; Inapplicable ; Inapplicable ; Pass      ; Inapplicable ; Inapplicable ; Pass      ; Pass      ; Inapplicable ; Pass         ; Inapplicable ; Inapplicable ; Inapplicable ; Inapplicable ; Pass         ; Inapplicable ; Inapplicable ; Inapplicable ; Inapplicable ; Pass         ; Inapplicable ; Inapplicable ; Inapplicable ; Inapplicable ; Inapplicable ; Inapplicable ;
; O_WAVE_DATA[22]          ; Inapplicable ; Inapplicable ; Inapplicable ; Inapplicable ; Inapplicable ; Pass      ; Inapplicable ; Inapplicable ; Pass      ; Pass      ; Inapplicable ; Pass         ; Inapplicable ; Inapplicable ; Inapplicable ; Inapplicable ; Pass         ; Inapplicable ; Inapplicable ; Inapplicable ; Inapplicable ; Pass         ; Inapplicable ; Inapplicable ; Inapplicable ; Inapplicable ; Inapplicable ; Inapplicable ;
; O_WAVE_DATA[23]          ; Inapplicable ; Inapplicable ; Inapplicable ; Inapplicable ; Inapplicable ; Pass      ; Inapplicable ; Inapplicable ; Pass      ; Pass      ; Inapplicable ; Pass         ; Inapplicable ; Inapplicable ; Inapplicable ; Inapplicable ; Pass         ; Inapplicable ; Inapplicable ; Inapplicable ; Inapplicable ; Pass         ; Inapplicable ; Inapplicable ; Inapplicable ; Inapplicable ; Inapplicable ; Inapplicable ;
; I_NOISE_INJECT_EN        ; Inapplicable ; Inapplicable ; Inapplicable ; Inapplicable ; Inapplicable ; Pass      ; Inapplicable ; Inapplicable ; Pass      ; Pass      ; Inapplicable ; Inapplicable ; Inapplicable ; Inapplicable ; Inapplicable ; Inapplicable ; Inapplicable ; Inapplicable ; Inapplicable ; Inapplicable ; Inapplicable ; Inapplicable ; Inapplicable ; Inapplicable ; Inapplicable ; Inapplicable ; Inapplicable ; Inapplicable ;
; I_CLK                    ; Inapplicable ; Inapplicable ; Inapplicable ; Inapplicable ; Inapplicable ; Pass      ; Inapplicable ; Inapplicable ; Pass      ; Pass      ; Inapplicable ; Inapplicable ; Inapplicable ; Inapplicable ; Inapplicable ; Inapplicable ; Inapplicable ; Inapplicable ; Inapplicable ; Inapplicable ; Inapplicable ; Inapplicable ; Inapplicable ; Inapplicable ; Inapplicable ; Inapplicable ; Inapplicable ; Inapplicable ;
; I_RESET_N                ; Inapplicable ; Inapplicable ; Inapplicable ; Inapplicable ; Inapplicable ; Pass      ; Inapplicable ; Inapplicable ; Pass      ; Pass      ; Inapplicable ; Inapplicable ; Inapplicable ; Inapplicable ; Inapplicable ; Inapplicable ; Inapplicable ; Inapplicable ; Inapplicable ; Inapplicable ; Inapplicable ; Inapplicable ; Inapplicable ; Inapplicable ; Inapplicable ; Inapplicable ; Inapplicable ; Inapplicable ;
; I_WAVE_SELECT[2]         ; Inapplicable ; Inapplicable ; Inapplicable ; Inapplicable ; Inapplicable ; Pass      ; Inapplicable ; Inapplicable ; Pass      ; Pass      ; Inapplicable ; Inapplicable ; Inapplicable ; Inapplicable ; Inapplicable ; Inapplicable ; Inapplicable ; Inapplicable ; Inapplicable ; Inapplicable ; Inapplicable ; Inapplicable ; Inapplicable ; Inapplicable ; Inapplicable ; Inapplicable ; Inapplicable ; Inapplicable ;
; I_WAVE_SELECT[1]         ; Inapplicable ; Inapplicable ; Inapplicable ; Inapplicable ; Inapplicable ; Pass      ; Inapplicable ; Inapplicable ; Pass      ; Pass      ; Inapplicable ; Inapplicable ; Inapplicable ; Inapplicable ; Inapplicable ; Inapplicable ; Inapplicable ; Inapplicable ; Inapplicable ; Inapplicable ; Inapplicable ; Inapplicable ; Inapplicable ; Inapplicable ; Inapplicable ; Inapplicable ; Inapplicable ; Inapplicable ;
; I_WAVE_SELECT[0]         ; Inapplicable ; Inapplicable ; Inapplicable ; Inapplicable ; Inapplicable ; Pass      ; Inapplicable ; Inapplicable ; Pass      ; Pass      ; Inapplicable ; Inapplicable ; Inapplicable ; Inapplicable ; Inapplicable ; Inapplicable ; Inapplicable ; Inapplicable ; Inapplicable ; Inapplicable ; Inapplicable ; Inapplicable ; Inapplicable ; Inapplicable ; Inapplicable ; Inapplicable ; Inapplicable ; Inapplicable ;
; I_PHASE_CLEAR            ; Inapplicable ; Inapplicable ; Inapplicable ; Inapplicable ; Inapplicable ; Pass      ; Inapplicable ; Inapplicable ; Pass      ; Pass      ; Inapplicable ; Inapplicable ; Inapplicable ; Inapplicable ; Inapplicable ; Inapplicable ; Inapplicable ; Inapplicable ; Inapplicable ; Inapplicable ; Inapplicable ; Inapplicable ; Inapplicable ; Inapplicable ; Inapplicable ; Inapplicable ; Inapplicable ; Inapplicable ;
; I_PHASE_SAMPLE_EN        ; Inapplicable ; Inapplicable ; Inapplicable ; Inapplicable ; Inapplicable ; Pass      ; Inapplicable ; Inapplicable ; Pass      ; Pass      ; Inapplicable ; Inapplicable ; Inapplicable ; Inapplicable ; Inapplicable ; Inapplicable ; Inapplicable ; Inapplicable ; Inapplicable ; Inapplicable ; Inapplicable ; Inapplicable ; Inapplicable ; Inapplicable ; Inapplicable ; Inapplicable ; Inapplicable ; Inapplicable ;
; I_UP                     ; Inapplicable ; Inapplicable ; Inapplicable ; Inapplicable ; Inapplicable ; Pass      ; Inapplicable ; Inapplicable ; Pass      ; Pass      ; Inapplicable ; Inapplicable ; Inapplicable ; Inapplicable ; Inapplicable ; Inapplicable ; Inapplicable ; Inapplicable ; Inapplicable ; Inapplicable ; Inapplicable ; Inapplicable ; Inapplicable ; Inapplicable ; Inapplicable ; Inapplicable ; Inapplicable ; Inapplicable ;
; I_DOWN                   ; Inapplicable ; Inapplicable ; Inapplicable ; Inapplicable ; Inapplicable ; Pass      ; Inapplicable ; Inapplicable ; Pass      ; Pass      ; Inapplicable ; Inapplicable ; Inapplicable ; Inapplicable ; Inapplicable ; Inapplicable ; Inapplicable ; Inapplicable ; Inapplicable ; Inapplicable ; Inapplicable ; Inapplicable ; Inapplicable ; Inapplicable ; Inapplicable ; Inapplicable ; Inapplicable ; Inapplicable ;
; I_CHANGE_MODE            ; Inapplicable ; Inapplicable ; Inapplicable ; Inapplicable ; Inapplicable ; Pass      ; Inapplicable ; Inapplicable ; Pass      ; Pass      ; Inapplicable ; Inapplicable ; Inapplicable ; Inapplicable ; Inapplicable ; Inapplicable ; Inapplicable ; Inapplicable ; Inapplicable ; Inapplicable ; Inapplicable ; Inapplicable ; Inapplicable ; Inapplicable ; Inapplicable ; Inapplicable ; Inapplicable ; Inapplicable ;
; I_START                  ; Inapplicable ; Inapplicable ; Inapplicable ; Inapplicable ; Inapplicable ; Pass      ; Inapplicable ; Inapplicable ; Pass      ; Pass      ; Inapplicable ; Inapplicable ; Inapplicable ; Inapplicable ; Inapplicable ; Inapplicable ; Inapplicable ; Inapplicable ; Inapplicable ; Inapplicable ; Inapplicable ; Inapplicable ; Inapplicable ; Inapplicable ; Inapplicable ; Inapplicable ; Inapplicable ; Inapplicable ;
+--------------------------+--------------+--------------+--------------+--------------+--------------+-----------+--------------+--------------+-----------+-----------+--------------+--------------+--------------+--------------+--------------+--------------+--------------+--------------+--------------+--------------+--------------+--------------+--------------+--------------+--------------+--------------+--------------+--------------+


+------------------------------------------------------------------------------------------------+
; Fitter Device Options                                                                          ;
+------------------------------------------------------------------+-----------------------------+
; Option                                                           ; Setting                     ;
+------------------------------------------------------------------+-----------------------------+
; Enable user-supplied start-up clock (CLKUSR)                     ; Off                         ;
; Enable device-wide reset (DEV_CLRn)                              ; Off                         ;
; Enable device-wide output enable (DEV_OE)                        ; Off                         ;
; Enable INIT_DONE output                                          ; Off                         ;
; Configuration scheme                                             ; Passive Serial              ;
; Enable Error Detection CRC_ERROR pin                             ; Off                         ;
; Enable CvP_CONFDONE pin                                          ; Off                         ;
; Enable open drain on CRC_ERROR pin                               ; On                          ;
; Enable open drain on CvP_CONFDONE pin                            ; On                          ;
; Enable open drain on INIT_DONE pin                               ; On                          ;
; Enable open drain on Partial Reconfiguration pins                ; Off                         ;
; Enable open drain on nCEO pin                                    ; On                          ;
; Enable Partial Reconfiguration pins                              ; Off                         ;
; Enable input tri-state on active configuration pins in user mode ; Off                         ;
; Enable internal scrubbing                                        ; Off                         ;
; Active Serial clock source                                       ; 100 MHz Internal Oscillator ;
; Device initialization clock source                               ; Internal Oscillator         ;
; Configuration via Protocol                                       ; Off                         ;
; Configuration Voltage Level                                      ; Auto                        ;
; Force Configuration Voltage Level                                ; Off                         ;
; Enable nCEO output                                               ; Off                         ;
; Data[15..8]                                                      ; Unreserved                  ;
; Data[7..5]                                                       ; Unreserved                  ;
; Base pin-out file on sameframe device                            ; Off                         ;
+------------------------------------------------------------------+-----------------------------+


+------------------------------------+
; Operating Settings and Conditions  ;
+---------------------------+--------+
; Setting                   ; Value  ;
+---------------------------+--------+
; Nominal Core Voltage      ; 1.10 V ;
; Low Junction Temperature  ; 0 °C   ;
; High Junction Temperature ; 85 °C  ;
+---------------------------+--------+


+------------------------------------------------------------+
; Estimated Delay Added for Hold Timing Summary              ;
+-----------------+----------------------+-------------------+
; Source Clock(s) ; Destination Clock(s) ; Delay Added in ns ;
+-----------------+----------------------+-------------------+
; CLOCK_TOP       ; CLOCK_TOP            ; 33.9              ;
+-----------------+----------------------+-------------------+
Note: For more information on problematic transfers, consider running the Fitter again with the Optimize hold timing option (Settings Menu) turned off.
This will disable optimization of problematic paths and expose them for further analysis using the Timing Analyzer.


+------------------------------------------------------------------------------------------------------------------------------------------------------------------------------------+
; Estimated Delay Added for Hold Timing Details                                                                                                                                      ;
+--------------------------------------------------------------------------------+-------------------------------------------------------------------------------+-------------------+
; Source Register                                                                ; Destination Register                                                          ; Delay Added in ns ;
+--------------------------------------------------------------------------------+-------------------------------------------------------------------------------+-------------------+
; WAVE_GEN:u_wave_gen|r_duty_cycle_th[7]                                         ; WAVE_GEN:u_wave_gen|r_square_delay[23]                                        ; 1.287             ;
; WAVE_GEN:u_wave_gen|r_duty_cycle_th[9]                                         ; WAVE_GEN:u_wave_gen|r_square_delay[23]                                        ; 1.287             ;
; WAVE_GEN:u_wave_gen|r_duty_cycle_th[8]                                         ; WAVE_GEN:u_wave_gen|r_square_delay[23]                                        ; 1.287             ;
; WAVE_GEN:u_wave_gen|r_duty_cycle_th[1]                                         ; WAVE_GEN:u_wave_gen|r_square_delay[23]                                        ; 1.287             ;
; WAVE_GEN:u_wave_gen|r_duty_cycle_th[0]                                         ; WAVE_GEN:u_wave_gen|r_square_delay[23]                                        ; 1.287             ;
; WAVE_GEN:u_wave_gen|r_duty_cycle_th[3]                                         ; WAVE_GEN:u_wave_gen|r_square_delay[23]                                        ; 1.287             ;
; WAVE_GEN:u_wave_gen|r_duty_cycle_th[2]                                         ; WAVE_GEN:u_wave_gen|r_square_delay[23]                                        ; 1.287             ;
; WAVE_GEN:u_wave_gen|r_duty_cycle_th[5]                                         ; WAVE_GEN:u_wave_gen|r_square_delay[23]                                        ; 1.287             ;
; WAVE_GEN:u_wave_gen|r_duty_cycle_th[4]                                         ; WAVE_GEN:u_wave_gen|r_square_delay[23]                                        ; 1.287             ;
; WAVE_GEN:u_wave_gen|r_duty_cycle_th[6]                                         ; WAVE_GEN:u_wave_gen|r_square_delay[23]                                        ; 1.287             ;
; WAVE_GEN:u_wave_gen|r_duty_cycle_th[11]                                        ; WAVE_GEN:u_wave_gen|r_square_delay[23]                                        ; 1.287             ;
; WAVE_GEN:u_wave_gen|r_duty_cycle_th[10]                                        ; WAVE_GEN:u_wave_gen|r_square_delay[23]                                        ; 1.287             ;
; WAVE_GEN:u_wave_gen|r_duty_cycle_th[14]                                        ; WAVE_GEN:u_wave_gen|r_square_delay[23]                                        ; 1.287             ;
; WAVE_GEN:u_wave_gen|r_duty_cycle_th[13]                                        ; WAVE_GEN:u_wave_gen|r_square_delay[23]                                        ; 1.287             ;
; WAVE_GEN:u_wave_gen|r_duty_cycle_th[12]                                        ; WAVE_GEN:u_wave_gen|r_square_delay[23]                                        ; 1.287             ;
; WAVE_GEN:u_wave_gen|r_duty_cycle_th[16]                                        ; WAVE_GEN:u_wave_gen|r_square_delay[23]                                        ; 1.287             ;
; WAVE_GEN:u_wave_gen|r_duty_cycle_th[15]                                        ; WAVE_GEN:u_wave_gen|r_square_delay[23]                                        ; 1.287             ;
; WAVE_GEN:u_wave_gen|r_duty_cycle_th[18]                                        ; WAVE_GEN:u_wave_gen|r_square_delay[23]                                        ; 1.287             ;
; WAVE_GEN:u_wave_gen|r_duty_cycle_th[17]                                        ; WAVE_GEN:u_wave_gen|r_square_delay[23]                                        ; 1.287             ;
; WAVE_GEN:u_wave_gen|r_duty_cycle_th[21]                                        ; WAVE_GEN:u_wave_gen|r_square_delay[23]                                        ; 1.287             ;
; WAVE_GEN:u_wave_gen|r_duty_cycle_th[20]                                        ; WAVE_GEN:u_wave_gen|r_square_delay[23]                                        ; 1.287             ;
; WAVE_GEN:u_wave_gen|r_duty_cycle_th[19]                                        ; WAVE_GEN:u_wave_gen|r_square_delay[23]                                        ; 1.287             ;
; WAVE_GEN:u_wave_gen|r_duty_cycle_th[23]                                        ; WAVE_GEN:u_wave_gen|r_square_delay[23]                                        ; 1.287             ;
; WAVE_GEN:u_wave_gen|r_duty_cycle_th[22]                                        ; WAVE_GEN:u_wave_gen|r_square_delay[23]                                        ; 1.287             ;
; WAVE_GEN:u_wave_gen|r_duty_cycle_th[25]                                        ; WAVE_GEN:u_wave_gen|r_square_delay[23]                                        ; 1.287             ;
; WAVE_GEN:u_wave_gen|r_duty_cycle_th[24]                                        ; WAVE_GEN:u_wave_gen|r_square_delay[23]                                        ; 1.287             ;
; WAVE_GEN:u_wave_gen|r_duty_cycle_th[28]                                        ; WAVE_GEN:u_wave_gen|r_square_delay[23]                                        ; 1.287             ;
; WAVE_GEN:u_wave_gen|r_duty_cycle_th[27]                                        ; WAVE_GEN:u_wave_gen|r_square_delay[23]                                        ; 1.287             ;
; WAVE_GEN:u_wave_gen|r_duty_cycle_th[26]                                        ; WAVE_GEN:u_wave_gen|r_square_delay[23]                                        ; 1.287             ;
; WAVE_GEN:u_wave_gen|PHASE_ACCUMULATOR:u_phase_accumulator|r_phase_counter[28]  ; WAVE_GEN:u_wave_gen|r_square_delay[23]                                        ; 1.287             ;
; WAVE_GEN:u_wave_gen|PHASE_ACCUMULATOR:u_phase_accumulator|r_phase_counter[27]  ; WAVE_GEN:u_wave_gen|r_square_delay[23]                                        ; 1.287             ;
; WAVE_GEN:u_wave_gen|PHASE_ACCUMULATOR:u_phase_accumulator|r_phase_counter[26]  ; WAVE_GEN:u_wave_gen|r_square_delay[23]                                        ; 1.287             ;
; WAVE_GEN:u_wave_gen|PHASE_ACCUMULATOR:u_phase_accumulator|r_phase_counter[25]  ; WAVE_GEN:u_wave_gen|r_square_delay[23]                                        ; 1.287             ;
; WAVE_GEN:u_wave_gen|PHASE_ACCUMULATOR:u_phase_accumulator|r_phase_counter[24]  ; WAVE_GEN:u_wave_gen|r_square_delay[23]                                        ; 1.287             ;
; WAVE_GEN:u_wave_gen|PHASE_ACCUMULATOR:u_phase_accumulator|r_phase_counter[23]  ; WAVE_GEN:u_wave_gen|r_square_delay[23]                                        ; 1.287             ;
; WAVE_GEN:u_wave_gen|PHASE_ACCUMULATOR:u_phase_accumulator|r_phase_counter[22]  ; WAVE_GEN:u_wave_gen|r_square_delay[23]                                        ; 1.287             ;
; WAVE_GEN:u_wave_gen|PHASE_ACCUMULATOR:u_phase_accumulator|r_phase_counter[21]  ; WAVE_GEN:u_wave_gen|r_square_delay[23]                                        ; 1.287             ;
; WAVE_GEN:u_wave_gen|PHASE_ACCUMULATOR:u_phase_accumulator|r_phase_counter[20]  ; WAVE_GEN:u_wave_gen|r_square_delay[23]                                        ; 1.287             ;
; WAVE_GEN:u_wave_gen|PHASE_ACCUMULATOR:u_phase_accumulator|r_phase_counter[19]  ; WAVE_GEN:u_wave_gen|r_square_delay[23]                                        ; 1.287             ;
; WAVE_GEN:u_wave_gen|PHASE_ACCUMULATOR:u_phase_accumulator|r_phase_counter[18]  ; WAVE_GEN:u_wave_gen|r_square_delay[23]                                        ; 1.287             ;
; WAVE_GEN:u_wave_gen|PHASE_ACCUMULATOR:u_phase_accumulator|r_phase_counter[17]  ; WAVE_GEN:u_wave_gen|r_square_delay[23]                                        ; 1.287             ;
; WAVE_GEN:u_wave_gen|PHASE_ACCUMULATOR:u_phase_accumulator|r_phase_counter[16]  ; WAVE_GEN:u_wave_gen|r_square_delay[23]                                        ; 1.287             ;
; WAVE_GEN:u_wave_gen|PHASE_ACCUMULATOR:u_phase_accumulator|r_phase_counter[15]  ; WAVE_GEN:u_wave_gen|r_square_delay[23]                                        ; 1.287             ;
; WAVE_GEN:u_wave_gen|PHASE_ACCUMULATOR:u_phase_accumulator|r_phase_counter[14]  ; WAVE_GEN:u_wave_gen|r_square_delay[23]                                        ; 1.287             ;
; WAVE_GEN:u_wave_gen|PHASE_ACCUMULATOR:u_phase_accumulator|r_phase_counter[13]  ; WAVE_GEN:u_wave_gen|r_square_delay[23]                                        ; 1.287             ;
; WAVE_GEN:u_wave_gen|PHASE_ACCUMULATOR:u_phase_accumulator|r_phase_counter[12]  ; WAVE_GEN:u_wave_gen|r_square_delay[23]                                        ; 1.287             ;
; WAVE_GEN:u_wave_gen|PHASE_ACCUMULATOR:u_phase_accumulator|r_phase_counter[11]  ; WAVE_GEN:u_wave_gen|r_square_delay[23]                                        ; 1.287             ;
; WAVE_GEN:u_wave_gen|PHASE_ACCUMULATOR:u_phase_accumulator|r_phase_counter[10]  ; WAVE_GEN:u_wave_gen|r_square_delay[23]                                        ; 1.287             ;
; WAVE_GEN:u_wave_gen|PHASE_ACCUMULATOR:u_phase_accumulator|r_phase_counter[9]   ; WAVE_GEN:u_wave_gen|r_square_delay[23]                                        ; 1.287             ;
; WAVE_GEN:u_wave_gen|PHASE_ACCUMULATOR:u_phase_accumulator|r_phase_counter[8]   ; WAVE_GEN:u_wave_gen|r_square_delay[23]                                        ; 1.287             ;
; WAVE_GEN:u_wave_gen|PHASE_ACCUMULATOR:u_phase_accumulator|r_phase_counter[7]   ; WAVE_GEN:u_wave_gen|r_square_delay[23]                                        ; 1.287             ;
; WAVE_GEN:u_wave_gen|PHASE_ACCUMULATOR:u_phase_accumulator|r_phase_counter[6]   ; WAVE_GEN:u_wave_gen|r_square_delay[23]                                        ; 1.287             ;
; WAVE_GEN:u_wave_gen|PHASE_ACCUMULATOR:u_phase_accumulator|r_phase_counter[5]   ; WAVE_GEN:u_wave_gen|r_square_delay[23]                                        ; 1.287             ;
; WAVE_GEN:u_wave_gen|PHASE_ACCUMULATOR:u_phase_accumulator|r_phase_counter[4]   ; WAVE_GEN:u_wave_gen|r_square_delay[23]                                        ; 1.287             ;
; WAVE_GEN:u_wave_gen|PHASE_ACCUMULATOR:u_phase_accumulator|r_phase_counter[3]   ; WAVE_GEN:u_wave_gen|r_square_delay[23]                                        ; 1.287             ;
; WAVE_GEN:u_wave_gen|PHASE_ACCUMULATOR:u_phase_accumulator|r_phase_counter[2]   ; WAVE_GEN:u_wave_gen|r_square_delay[23]                                        ; 1.287             ;
; WAVE_GEN:u_wave_gen|PHASE_ACCUMULATOR:u_phase_accumulator|r_phase_counter[1]   ; WAVE_GEN:u_wave_gen|r_square_delay[23]                                        ; 1.287             ;
; WAVE_GEN:u_wave_gen|PHASE_ACCUMULATOR:u_phase_accumulator|r_phase_counter[0]   ; WAVE_GEN:u_wave_gen|r_square_delay[23]                                        ; 1.287             ;
; WAVE_GEN:u_wave_gen|r_duty_cycle_th[30]                                        ; WAVE_GEN:u_wave_gen|r_square_delay[23]                                        ; 0.799             ;
; WAVE_GEN:u_wave_gen|r_duty_cycle_th[29]                                        ; WAVE_GEN:u_wave_gen|r_square_delay[23]                                        ; 0.799             ;
; WAVE_GEN:u_wave_gen|PHASE_ACCUMULATOR:u_phase_accumulator|r_phase_counter[30]  ; WAVE_GEN:u_wave_gen|r_square_delay[23]                                        ; 0.799             ;
; WAVE_GEN:u_wave_gen|PHASE_ACCUMULATOR:u_phase_accumulator|r_phase_counter[29]  ; WAVE_GEN:u_wave_gen|r_square_delay[23]                                        ; 0.799             ;
; INPUT_CONTROL:u_input_control|r_phase_ftw[31]                                  ; INPUT_CONTROL:u_input_control|r_phase_ftw[19]                                 ; 0.674             ;
; INPUT_CONTROL:u_input_control|r_phase_ftw[19]                                  ; INPUT_CONTROL:u_input_control|r_phase_ftw[19]                                 ; 0.674             ;
; INPUT_CONTROL:u_input_control|r_phase_ftw[26]                                  ; INPUT_CONTROL:u_input_control|r_phase_ftw[19]                                 ; 0.674             ;
; INPUT_CONTROL:u_input_control|r_phase_ftw[25]                                  ; INPUT_CONTROL:u_input_control|r_phase_ftw[19]                                 ; 0.674             ;
; INPUT_CONTROL:u_input_control|r_phase_ftw[20]                                  ; INPUT_CONTROL:u_input_control|r_phase_ftw[19]                                 ; 0.674             ;
; INPUT_CONTROL:u_input_control|r_phase_ftw[16]                                  ; INPUT_CONTROL:u_input_control|r_phase_ftw[19]                                 ; 0.674             ;
; INPUT_CONTROL:u_input_control|r_phase_ftw[12]                                  ; INPUT_CONTROL:u_input_control|r_phase_ftw[19]                                 ; 0.674             ;
; INPUT_CONTROL:u_input_control|r_phase_ftw[8]                                   ; INPUT_CONTROL:u_input_control|r_phase_ftw[19]                                 ; 0.674             ;
; INPUT_CONTROL:u_input_control|r_phase_ftw[7]                                   ; INPUT_CONTROL:u_input_control|r_phase_ftw[19]                                 ; 0.674             ;
; INPUT_CONTROL:u_input_control|r_phase_ftw[6]                                   ; INPUT_CONTROL:u_input_control|r_phase_ftw[19]                                 ; 0.674             ;
; INPUT_CONTROL:u_input_control|r_phase_ftw[5]                                   ; INPUT_CONTROL:u_input_control|r_phase_ftw[19]                                 ; 0.674             ;
; INPUT_CONTROL:u_input_control|r_phase_ftw[4]                                   ; INPUT_CONTROL:u_input_control|r_phase_ftw[19]                                 ; 0.674             ;
; INPUT_CONTROL:u_input_control|r_phase_ftw[11]                                  ; INPUT_CONTROL:u_input_control|r_phase_ftw[19]                                 ; 0.674             ;
; INPUT_CONTROL:u_input_control|r_phase_ftw[10]                                  ; INPUT_CONTROL:u_input_control|r_phase_ftw[19]                                 ; 0.674             ;
; INPUT_CONTROL:u_input_control|r_phase_ftw[9]                                   ; INPUT_CONTROL:u_input_control|r_phase_ftw[19]                                 ; 0.674             ;
; INPUT_CONTROL:u_input_control|r_phase_ftw[15]                                  ; INPUT_CONTROL:u_input_control|r_phase_ftw[19]                                 ; 0.674             ;
; INPUT_CONTROL:u_input_control|r_phase_ftw[14]                                  ; INPUT_CONTROL:u_input_control|r_phase_ftw[19]                                 ; 0.674             ;
; INPUT_CONTROL:u_input_control|r_phase_ftw[13]                                  ; INPUT_CONTROL:u_input_control|r_phase_ftw[19]                                 ; 0.674             ;
; INPUT_CONTROL:u_input_control|r_phase_ftw[18]                                  ; INPUT_CONTROL:u_input_control|r_phase_ftw[19]                                 ; 0.674             ;
; INPUT_CONTROL:u_input_control|r_phase_ftw[17]                                  ; INPUT_CONTROL:u_input_control|r_phase_ftw[19]                                 ; 0.674             ;
; INPUT_CONTROL:u_input_control|r_phase_ftw[22]                                  ; INPUT_CONTROL:u_input_control|r_phase_ftw[19]                                 ; 0.674             ;
; INPUT_CONTROL:u_input_control|r_phase_ftw[27]                                  ; INPUT_CONTROL:u_input_control|r_phase_ftw[19]                                 ; 0.674             ;
; INPUT_CONTROL:u_input_control|r_phase_ftw[21]                                  ; INPUT_CONTROL:u_input_control|r_phase_ftw[19]                                 ; 0.674             ;
; INPUT_CONTROL:u_input_control|r_phase_ftw[29]                                  ; INPUT_CONTROL:u_input_control|r_phase_ftw[19]                                 ; 0.674             ;
; INPUT_CONTROL:u_input_control|r_phase_ftw[30]                                  ; INPUT_CONTROL:u_input_control|r_phase_ftw[19]                                 ; 0.674             ;
; INPUT_CONTROL:u_input_control|r_phase_ftw[24]                                  ; INPUT_CONTROL:u_input_control|r_phase_ftw[19]                                 ; 0.674             ;
; INPUT_CONTROL:u_input_control|r_phase_ftw[28]                                  ; INPUT_CONTROL:u_input_control|r_phase_ftw[19]                                 ; 0.674             ;
; INPUT_CONTROL:u_input_control|r_phase_ftw[3]                                   ; INPUT_CONTROL:u_input_control|r_phase_ftw[19]                                 ; 0.674             ;
; INPUT_CONTROL:u_input_control|r_phase_ftw[23]                                  ; INPUT_CONTROL:u_input_control|r_phase_ftw[19]                                 ; 0.674             ;
; INPUT_CONTROL:u_input_control|FALLING_EDGE_DETECTOR:u_detect_up|r_signal_dly   ; INPUT_CONTROL:u_input_control|r_phase_ftw[19]                                 ; 0.674             ;
; INPUT_CONTROL:u_input_control|r_async_2[1]                                     ; INPUT_CONTROL:u_input_control|r_phase_ftw[19]                                 ; 0.674             ;
; INPUT_CONTROL:u_input_control|FALLING_EDGE_DETECTOR:u_detect_down|r_signal_dly ; INPUT_CONTROL:u_input_control|r_phase_ftw[19]                                 ; 0.674             ;
; INPUT_CONTROL:u_input_control|r_async_2[0]                                     ; INPUT_CONTROL:u_input_control|r_phase_ftw[19]                                 ; 0.674             ;
; INPUT_CONTROL:u_input_control|r_phase_ftw[2]                                   ; INPUT_CONTROL:u_input_control|r_phase_ftw[19]                                 ; 0.674             ;
; WAVE_GEN:u_wave_gen|r_phase_ftw[21]                                            ; WAVE_GEN:u_wave_gen|PHASE_ACCUMULATOR:u_phase_accumulator|r_phase_counter[30] ; 0.628             ;
; WAVE_GEN:u_wave_gen|r_phase_ftw[24]                                            ; WAVE_GEN:u_wave_gen|PHASE_ACCUMULATOR:u_phase_accumulator|r_phase_counter[30] ; 0.613             ;
; WAVE_GEN:u_wave_gen|r_phase_ftw[20]                                            ; WAVE_GEN:u_wave_gen|PHASE_ACCUMULATOR:u_phase_accumulator|r_phase_counter[30] ; 0.527             ;
; INPUT_CONTROL:u_input_control|r_amplitude[12]                                  ; INPUT_CONTROL:u_input_control|r_amplitude[14]                                 ; 0.493             ;
+--------------------------------------------------------------------------------+-------------------------------------------------------------------------------+-------------------+
Note: This table only shows the top 100 path(s) that have the largest delay added for hold.


+-----------------+
; Fitter Messages ;
+-----------------+
Warning (18236): Number of processors has not been specified which may cause overloading on shared machines.  Set the global assignment NUM_PARALLEL_PROCESSORS in your QSF to an appropriate value for best performance.
Info (20030): Parallel compilation is enabled and will use 14 of the 14 processors detected
Info (119006): Selected device 5CGXFC7C7F23C8 for design "WAVE_GEN_TOP"
Info (21077): Low junction temperature is 0 degrees C
Info (21077): High junction temperature is 85 degrees C
Info (171003): Fitter is performing an Auto Fit compilation, which may decrease Fitter effort to reduce compilation time
Warning (292013): Feature LogicLock is only available with a valid subscription license. You can purchase a software subscription to gain full access to this feature.
Warning (15714): Some pins have incomplete I/O assignments. Refer to the I/O Assignment Warnings report for details
Info (176045): Design uses memory blocks. Violating setup or hold times of memory block address registers for either read or write operations could cause memory contents to be corrupted. Make sure that all memory block address registers meet the setup and hold time requirements.
Critical Warning (169085): No exact pin location assignment(s) for 37 pins of 37 total pins. For the list of pins please refer to the I/O Assignment Warnings table in the fitter report.
Info (184020): Starting Fitter periphery placement operations
Info (11191): Automatically promoted 2 clocks (2 global)
    Info (11162): I_CLK~inputCLKENA0 with 329 fanout uses global clock CLKCTRL_G9
    Info (11162): I_RESET_N~inputCLKENA0 with 281 fanout uses global clock CLKCTRL_G6
Info (184021): Fitter periphery placement operations ending: elapsed time is 00:00:00
Info (176233): Starting register packing
Info (332104): Reading SDC File: '../02_sim/SDC.sdc'
Info (332143): No user constrained clock uncertainty found in the design. Calling "derive_clock_uncertainty"
Info (332123): Deriving Clock Uncertainty. Please refer to report_sdc in the Timing Analyzer to see clock uncertainties.
Info (332129): Detected timing requirements -- optimizing circuit to achieve only the specified requirements
Info (332111): Found 1 clocks
    Info (332111):   Period   Clock Name
    Info (332111): ======== ============
    Info (332111):   20.000    CLOCK_TOP
Info (176235): Finished register packing
    Extra Info (176218): Packed 26 registers into blocks of type DSP block
    Extra Info (176220): Created 13 register duplicates
Info (11798): Fitter preparation operations ending: elapsed time is 00:00:06
Info (170189): Fitter placement preparation operations beginning
Info (14951): The Fitter is using Advanced Physical Optimization.
Info (170190): Fitter placement preparation operations ending: elapsed time is 00:00:42
Info (170191): Fitter placement operations beginning
Info (170137): Fitter placement was successful
Info (170192): Fitter placement operations ending: elapsed time is 00:00:01
Info (170193): Fitter routing operations beginning
Info (170195): Router estimated average interconnect usage is 0% of the available device resources
    Info (170196): Router estimated peak interconnect usage is 3% of the available device resources in the region that extends from location X33_Y0 to location X44_Y10
Info (170199): The Fitter performed an Auto Fit compilation.  Optimizations were skipped to reduce compilation time.
    Info (170201): Optimizations that may affect the design's routability were skipped
    Info (170200): Optimizations that may affect the design's timing were skipped
Info (170194): Fitter routing operations ending: elapsed time is 00:00:01
Info (11888): Total time spent on timing analysis during the Fitter is 0.76 seconds.
Info (334003): Started post-fitting delay annotation
Info (334004): Delay annotation completed successfully
Info (334003): Started post-fitting delay annotation
Info (334004): Delay annotation completed successfully
Info (11801): Fitter post-fit operations ending: elapsed time is 00:00:03
Info (144001): Generated suppressed messages file C:/SystemVerilog/Waveform_Generator/quartus/output_files/WAVE_GEN_TOP.fit.smsg
Info: Quartus Prime Fitter was successful. 0 errors, 4 warnings
    Info: Peak virtual memory: 7925 megabytes
    Info: Processing ended: Sat Sep  5 12:39:39 2026
    Info: Elapsed time: 00:01:49
    Info: Total CPU time (on all processors): 00:10:28


+----------------------------+
; Fitter Suppressed Messages ;
+----------------------------+
The suppressed messages can be found in C:/SystemVerilog/Waveform_Generator/quartus/output_files/WAVE_GEN_TOP.fit.smsg.


