-- begin_signature
-- SINE_LUT
-- end_signature
WIDTH=24;
DEPTH=4096;

ADDRESS_RADIX=UNS;
DATA_RADIX=BIN;

CONTENT BEGIN
	4095 :	011111111111111111111110;
	4094 :	011111111111111111111101;
	4093 :	011111111111111111111001;
	4092 :	011111111111111111110101;
	4091 :	011111111111111111110000;
	4090 :	011111111111111111101001;
	4089 :	011111111111111111100001;
	4088 :	011111111111111111011000;
	4087 :	011111111111111111001101;
	4086 :	011111111111111111000001;
	4085 :	011111111111111110110100;
	4084 :	011111111111111110100110;
	4083 :	011111111111111110010111;
	4082 :	011111111111111110000110;
	4081 :	011111111111111101110100;
	4080 :	011111111111111101100001;
	4079 :	011111111111111101001101;
	4078 :	011111111111111100110111;
	4077 :	011111111111111100100000;
	4076 :	011111111111111100001000;
	4075 :	011111111111111011101111;
	4074 :	011111111111111011010100;
	4073 :	011111111111111010111001;
	4072 :	011111111111111010011100;
	4071 :	011111111111111001111101;
	4070 :	011111111111111001011110;
	4069 :	011111111111111000111101;
	4068 :	011111111111111000011011;
	4067 :	011111111111110111111000;
	4066 :	011111111111110111010100;
	4065 :	011111111111110110101110;
	4064 :	011111111111110110000111;
	4063 :	011111111111110101011111;
	4062 :	011111111111110100110110;
	4061 :	011111111111110100001011;
	4060 :	011111111111110011100000;
	4059 :	011111111111110010110011;
	4058 :	011111111111110010000100;
	4057 :	011111111111110001010101;
	4056 :	011111111111110000100100;
	4055 :	011111111111101111110010;
	4054 :	011111111111101110111111;
	4053 :	011111111111101110001010;
	4052 :	011111111111101101010101;
	4051 :	011111111111101100011110;
	4050 :	011111111111101011100110;
	4049 :	011111111111101010101100;
	4048 :	011111111111101001110010;
	4047 :	011111111111101000110110;
	4046 :	011111111111100111111001;
	4045 :	011111111111100110111011;
	4044 :	011111111111100101111011;
	4043 :	011111111111100100111010;
	4042 :	011111111111100011111000;
	4041 :	011111111111100010110101;
	4040 :	011111111111100001110001;
	4039 :	011111111111100000101011;
	4038 :	011111111111011111100100;
	4037 :	011111111111011110011100;
	4036 :	011111111111011101010010;
	4035 :	011111111111011100001000;
	4034 :	011111111111011010111100;
	4033 :	011111111111011001101111;
	4032 :	011111111111011000100001;
	4031 :	011111111111010111010001;
	4030 :	011111111111010110000000;
	4029 :	011111111111010100101110;
	4028 :	011111111111010011011011;
	4027 :	011111111111010010000110;
	4026 :	011111111111010000110001;
	4025 :	011111111111001111011010;
	4024 :	011111111111001110000001;
	4023 :	011111111111001100101000;
	4022 :	011111111111001011001101;
	4021 :	011111111111001001110001;
	4020 :	011111111111001000010100;
	4019 :	011111111111000110110110;
	4018 :	011111111111000101010110;
	4017 :	011111111111000011110110;
	4016 :	011111111111000010010011;
	4015 :	011111111111000000110000;
	4014 :	011111111110111111001100;
	4013 :	011111111110111101100110;
	4012 :	011111111110111011111111;
	4011 :	011111111110111010010111;
	4010 :	011111111110111000101101;
	4009 :	011111111110110111000010;
	4008 :	011111111110110101010111;
	4007 :	011111111110110011101001;
	4006 :	011111111110110001111011;
	4005 :	011111111110110000001011;
	4004 :	011111111110101110011011;
	4003 :	011111111110101100101000;
	4002 :	011111111110101010110101;
	4001 :	011111111110101001000001;
	4000 :	011111111110100111001011;
	3999 :	011111111110100101010100;
	3998 :	011111111110100011011011;
	3997 :	011111111110100001100010;
	3996 :	011111111110011111100111;
	3995 :	011111111110011101101011;
	3994 :	011111111110011011101110;
	3993 :	011111111110011001110000;
	3992 :	011111111110010111110000;
	3991 :	011111111110010101101111;
	3990 :	011111111110010011101101;
	3989 :	011111111110010001101010;
	3988 :	011111111110001111100101;
	3987 :	011111111110001101011111;
	3986 :	011111111110001011011000;
	3985 :	011111111110001001010000;
	3984 :	011111111110000111000110;
	3983 :	011111111110000100111100;
	3982 :	011111111110000010110000;
	3981 :	011111111110000000100010;
	3980 :	011111111101111110010100;
	3979 :	011111111101111100000100;
	3978 :	011111111101111001110011;
	3977 :	011111111101110111100001;
	3976 :	011111111101110101001110;
	3975 :	011111111101110010111001;
	3974 :	011111111101110000100011;
	3973 :	011111111101101110001100;
	3972 :	011111111101101011110100;
	3971 :	011111111101101001011011;
	3970 :	011111111101100111000000;
	3969 :	011111111101100100100100;
	3968 :	011111111101100010000111;
	3967 :	011111111101011111101000;
	3966 :	011111111101011101001000;
	3965 :	011111111101011010100111;
	3964 :	011111111101011000000101;
	3963 :	011111111101010101100010;
	3962 :	011111111101010010111101;
	3961 :	011111111101010000010111;
	3960 :	011111111101001101110000;
	3959 :	011111111101001011001000;
	3958 :	011111111101001000011110;
	3957 :	011111111101000101110100;
	3956 :	011111111101000011001000;
	3955 :	011111111101000000011010;
	3954 :	011111111100111101101100;
	3953 :	011111111100111010111100;
	3952 :	011111111100111000001011;
	3951 :	011111111100110101011001;
	3950 :	011111111100110010100110;
	3949 :	011111111100101111110001;
	3948 :	011111111100101100111011;
	3947 :	011111111100101010000100;
	3946 :	011111111100100111001100;
	3945 :	011111111100100100010010;
	3944 :	011111111100100001010111;
	3943 :	011111111100011110011011;
	3942 :	011111111100011011011110;
	3941 :	011111111100011000100000;
	3940 :	011111111100010101100000;
	3939 :	011111111100010010011111;
	3938 :	011111111100001111011101;
	3937 :	011111111100001100011001;
	3936 :	011111111100001001010101;
	3935 :	011111111100000110001111;
	3934 :	011111111100000011001000;
	3933 :	011111111011111111111111;
	3932 :	011111111011111100110110;
	3931 :	011111111011111001101011;
	3930 :	011111111011110110011111;
	3929 :	011111111011110011010010;
	3928 :	011111111011110000000011;
	3927 :	011111111011101100110011;
	3926 :	011111111011101001100010;
	3925 :	011111111011100110010000;
	3924 :	011111111011100010111101;
	3923 :	011111111011011111101000;
	3922 :	011111111011011100010010;
	3921 :	011111111011011000111011;
	3920 :	011111111011010101100011;
	3919 :	011111111011010010001001;
	3918 :	011111111011001110101110;
	3917 :	011111111011001011010010;
	3916 :	011111111011000111110101;
	3915 :	011111111011000100010110;
	3914 :	011111111011000000110111;
	3913 :	011111111010111101010110;
	3912 :	011111111010111001110100;
	3911 :	011111111010110110010000;
	3910 :	011111111010110010101011;
	3909 :	011111111010101111000110;
	3908 :	011111111010101011011110;
	3907 :	011111111010100111110110;
	3906 :	011111111010100100001101;
	3905 :	011111111010100000100010;
	3904 :	011111111010011100110110;
	3903 :	011111111010011001001000;
	3902 :	011111111010010101011010;
	3901 :	011111111010010001101010;
	3900 :	011111111010001101111001;
	3899 :	011111111010001010000111;
	3898 :	011111111010000110010100;
	3897 :	011111111010000010011111;
	3896 :	011111111001111110101001;
	3895 :	011111111001111010110010;
	3894 :	011111111001110110111010;
	3893 :	011111111001110011000000;
	3892 :	011111111001101111000101;
	3891 :	011111111001101011001001;
	3890 :	011111111001100111001100;
	3889 :	011111111001100011001101;
	3888 :	011111111001011111001110;
	3887 :	011111111001011011001101;
	3886 :	011111111001010111001011;
	3885 :	011111111001010011000111;
	3884 :	011111111001001111000011;
	3883 :	011111111001001010111101;
	3882 :	011111111001000110110110;
	3881 :	011111111001000010101101;
	3880 :	011111111000111110100100;
	3879 :	011111111000111010011001;
	3878 :	011111111000110110001101;
	3877 :	011111111000110010000000;
	3876 :	011111111000101101110001;
	3875 :	011111111000101001100001;
	3874 :	011111111000100101010001;
	3873 :	011111111000100000111110;
	3872 :	011111111000011100101011;
	3871 :	011111111000011000010110;
	3870 :	011111111000010100000000;
	3869 :	011111111000001111101001;
	3868 :	011111111000001011010001;
	3867 :	011111111000000110111000;
	3866 :	011111111000000010011101;
	3865 :	011111110111111110000001;
	3864 :	011111110111111001100100;
	3863 :	011111110111110101000101;
	3862 :	011111110111110000100101;
	3861 :	011111110111101100000100;
	3860 :	011111110111100111100010;
	3859 :	011111110111100010111111;
	3858 :	011111110111011110011010;
	3857 :	011111110111011001110101;
	3856 :	011111110111010101001110;
	3855 :	011111110111010000100101;
	3854 :	011111110111001011111100;
	3853 :	011111110111000111010001;
	3852 :	011111110111000010100101;
	3851 :	011111110110111101111000;
	3850 :	011111110110111001001001;
	3849 :	011111110110110100011010;
	3848 :	011111110110101111101001;
	3847 :	011111110110101010110111;
	3846 :	011111110110100110000011;
	3845 :	011111110110100001001111;
	3844 :	011111110110011100011001;
	3843 :	011111110110010111100010;
	3842 :	011111110110010010101010;
	3841 :	011111110110001101110000;
	3840 :	011111110110001000110110;
	3839 :	011111110110000011111010;
	3838 :	011111110101111110111100;
	3837 :	011111110101111001111110;
	3836 :	011111110101110100111110;
	3835 :	011111110101101111111110;
	3834 :	011111110101101010111100;
	3833 :	011111110101100101111000;
	3832 :	011111110101100000110100;
	3831 :	011111110101011011101110;
	3830 :	011111110101010110100111;
	3829 :	011111110101010001011111;
	3828 :	011111110101001100010101;
	3827 :	011111110101000111001011;
	3826 :	011111110101000001111111;
	3825 :	011111110100111100110010;
	3824 :	011111110100110111100011;
	3823 :	011111110100110010010100;
	3822 :	011111110100101101000011;
	3821 :	011111110100100111110001;
	3820 :	011111110100100010011110;
	3819 :	011111110100011101001001;
	3818 :	011111110100010111110011;
	3817 :	011111110100010010011101;
	3816 :	011111110100001101000100;
	3815 :	011111110100000111101011;
	3814 :	011111110100000010010000;
	3813 :	011111110011111100110101;
	3812 :	011111110011110111010111;
	3811 :	011111110011110001111001;
	3810 :	011111110011101100011010;
	3809 :	011111110011100110111001;
	3808 :	011111110011100001010111;
	3807 :	011111110011011011110100;
	3806 :	011111110011010110001111;
	3805 :	011111110011010000101010;
	3804 :	011111110011001011000011;
	3803 :	011111110011000101011011;
	3802 :	011111110010111111110001;
	3801 :	011111110010111010000111;
	3800 :	011111110010110100011011;
	3799 :	011111110010101110101110;
	3798 :	011111110010101001000000;
	3797 :	011111110010100011010000;
	3796 :	011111110010011101100000;
	3795 :	011111110010010111101110;
	3794 :	011111110010010001111011;
	3793 :	011111110010001100000110;
	3792 :	011111110010000110010001;
	3791 :	011111110010000000011010;
	3790 :	011111110001111010100010;
	3789 :	011111110001110100101001;
	3788 :	011111110001101110101110;
	3787 :	011111110001101000110010;
	3786 :	011111110001100010110101;
	3785 :	011111110001011100110111;
	3784 :	011111110001010110111000;
	3783 :	011111110001010000110111;
	3782 :	011111110001001010110101;
	3781 :	011111110001000100110010;
	3780 :	011111110000111110101110;
	3779 :	011111110000111000101001;
	3778 :	011111110000110010100010;
	3777 :	011111110000101100011010;
	3776 :	011111110000100110010001;
	3775 :	011111110000100000000110;
	3774 :	011111110000011001111011;
	3773 :	011111110000010011101110;
	3772 :	011111110000001101100000;
	3771 :	011111110000000111010000;
	3770 :	011111110000000001000000;
	3769 :	011111101111111010101110;
	3768 :	011111101111110100011011;
	3767 :	011111101111101110000111;
	3766 :	011111101111100111110010;
	3765 :	011111101111100001011011;
	3764 :	011111101111011011000011;
	3763 :	011111101111010100101010;
	3762 :	011111101111001110010000;
	3761 :	011111101111000111110100;
	3760 :	011111101111000001010111;
	3759 :	011111101110111010111001;
	3758 :	011111101110110100011010;
	3757 :	011111101110101101111010;
	3756 :	011111101110100111011000;
	3755 :	011111101110100000110101;
	3754 :	011111101110011010010001;
	3753 :	011111101110010011101100;
	3752 :	011111101110001101000101;
	3751 :	011111101110000110011101;
	3750 :	011111101101111111110100;
	3749 :	011111101101111001001010;
	3748 :	011111101101110010011111;
	3747 :	011111101101101011110010;
	3746 :	011111101101100101000100;
	3745 :	011111101101011110010101;
	3744 :	011111101101010111100101;
	3743 :	011111101101010000110011;
	3742 :	011111101101001010000000;
	3741 :	011111101101000011001100;
	3740 :	011111101100111100010111;
	3739 :	011111101100110101100001;
	3738 :	011111101100101110101001;
	3737 :	011111101100100111110000;
	3736 :	011111101100100000110110;
	3735 :	011111101100011001111011;
	3734 :	011111101100010010111110;
	3733 :	011111101100001100000000;
	3732 :	011111101100000101000001;
	3731 :	011111101011111110000001;
	3730 :	011111101011110111000000;
	3729 :	011111101011101111111101;
	3728 :	011111101011101000111001;
	3727 :	011111101011100001110100;
	3726 :	011111101011011010101110;
	3725 :	011111101011010011100110;
	3724 :	011111101011001100011101;
	3723 :	011111101011000101010011;
	3722 :	011111101010111110001000;
	3721 :	011111101010110110111100;
	3720 :	011111101010101111101110;
	3719 :	011111101010101000011111;
	3718 :	011111101010100001001111;
	3717 :	011111101010011001111110;
	3716 :	011111101010010010101011;
	3715 :	011111101010001011011000;
	3714 :	011111101010000100000011;
	3713 :	011111101001111100101100;
	3712 :	011111101001110101010101;
	3711 :	011111101001101101111100;
	3710 :	011111101001100110100010;
	3709 :	011111101001011111000111;
	3708 :	011111101001010111101011;
	3707 :	011111101001010000001110;
	3706 :	011111101001001000101111;
	3705 :	011111101001000001001111;
	3704 :	011111101000111001101110;
	3703 :	011111101000110010001011;
	3702 :	011111101000101010101000;
	3701 :	011111101000100011000011;
	3700 :	011111101000011011011101;
	3699 :	011111101000010011110110;
	3698 :	011111101000001100001101;
	3697 :	011111101000000100100011;
	3696 :	011111100111111100111000;
	3695 :	011111100111110101001100;
	3694 :	011111100111101101011111;
	3693 :	011111100111100101110000;
	3692 :	011111100111011110000000;
	3691 :	011111100111010110001111;
	3690 :	011111100111001110011101;
	3689 :	011111100111000110101010;
	3688 :	011111100110111110110101;
	3687 :	011111100110110110111111;
	3686 :	011111100110101111001000;
	3685 :	011111100110100111010000;
	3684 :	011111100110011111010110;
	3683 :	011111100110010111011011;
	3682 :	011111100110001111011111;
	3681 :	011111100110000111100010;
	3680 :	011111100101111111100100;
	3679 :	011111100101110111100100;
	3678 :	011111100101101111100011;
	3677 :	011111100101100111100001;
	3676 :	011111100101011111011110;
	3675 :	011111100101010111011001;
	3674 :	011111100101001111010011;
	3673 :	011111100101000111001100;
	3672 :	011111100100111111000100;
	3671 :	011111100100110110111011;
	3670 :	011111100100101110110000;
	3669 :	011111100100100110100100;
	3668 :	011111100100011110010111;
	3667 :	011111100100010110001001;
	3666 :	011111100100001101111010;
	3665 :	011111100100000101101001;
	3664 :	011111100011111101010111;
	3663 :	011111100011110101000100;
	3662 :	011111100011101100110000;
	3661 :	011111100011100100011010;
	3660 :	011111100011011100000011;
	3659 :	011111100011010011101011;
	3658 :	011111100011001011010010;
	3657 :	011111100011000010111000;
	3656 :	011111100010111010011100;
	3655 :	011111100010110001111111;
	3654 :	011111100010101001100001;
	3653 :	011111100010100001000010;
	3652 :	011111100010011000100001;
	3651 :	011111100010001111111111;
	3650 :	011111100010000111011100;
	3649 :	011111100001111110111000;
	3648 :	011111100001110110010011;
	3647 :	011111100001101101101100;
	3646 :	011111100001100101000101;
	3645 :	011111100001011100011100;
	3644 :	011111100001010011110001;
	3643 :	011111100001001011000110;
	3642 :	011111100001000010011001;
	3641 :	011111100000111001101011;
	3640 :	011111100000110000111100;
	3639 :	011111100000101000001100;
	3638 :	011111100000011111011010;
	3637 :	011111100000010110101000;
	3636 :	011111100000001101110100;
	3635 :	011111100000000100111110;
	3634 :	011111011111111100001000;
	3633 :	011111011111110011010000;
	3632 :	011111011111101010011000;
	3631 :	011111011111100001011110;
	3630 :	011111011111011000100010;
	3629 :	011111011111001111100110;
	3628 :	011111011111000110101000;
	3627 :	011111011110111101101001;
	3626 :	011111011110110100101001;
	3625 :	011111011110101011101000;
	3624 :	011111011110100010100101;
	3623 :	011111011110011001100010;
	3622 :	011111011110010000011101;
	3621 :	011111011110000111010111;
	3620 :	011111011101111110001111;
	3619 :	011111011101110101000111;
	3618 :	011111011101101011111101;
	3617 :	011111011101100010110010;
	3616 :	011111011101011001100110;
	3615 :	011111011101010000011000;
	3614 :	011111011101000111001001;
	3613 :	011111011100111101111010;
	3612 :	011111011100110100101001;
	3611 :	011111011100101011010110;
	3610 :	011111011100100010000011;
	3609 :	011111011100011000101110;
	3608 :	011111011100001111011000;
	3607 :	011111011100000110000001;
	3606 :	011111011011111100101001;
	3605 :	011111011011110011001111;
	3604 :	011111011011101001110100;
	3603 :	011111011011100000011000;
	3602 :	011111011011010110111011;
	3601 :	011111011011001101011101;
	3600 :	011111011011000011111101;
	3599 :	011111011010111010011100;
	3598 :	011111011010110000111010;
	3597 :	011111011010100111010111;
	3596 :	011111011010011101110010;
	3595 :	011111011010010100001101;
	3594 :	011111011010001010100110;
	3593 :	011111011010000000111110;
	3592 :	011111011001110111010100;
	3591 :	011111011001101101101010;
	3590 :	011111011001100011111110;
	3589 :	011111011001011010010001;
	3588 :	011111011001010000100011;
	3587 :	011111011001000110110100;
	3586 :	011111011000111101000011;
	3585 :	011111011000110011010001;
	3584 :	011111011000101001011110;
	3583 :	011111011000011111101010;
	3582 :	011111011000010101110101;
	3581 :	011111011000001011111110;
	3580 :	011111011000000010000110;
	3579 :	011111010111111000001101;
	3578 :	011111010111101110010011;
	3577 :	011111010111100100010111;
	3576 :	011111010111011010011011;
	3575 :	011111010111010000011101;
	3574 :	011111010111000110011110;
	3573 :	011111010110111100011101;
	3572 :	011111010110110010011100;
	3571 :	011111010110101000011001;
	3570 :	011111010110011110010101;
	3569 :	011111010110010100010000;
	3568 :	011111010110001010001010;
	3567 :	011111010110000000000010;
	3566 :	011111010101110101111001;
	3565 :	011111010101101011110000;
	3564 :	011111010101100001100100;
	3563 :	011111010101010111011000;
	3562 :	011111010101001101001010;
	3561 :	011111010101000010111100;
	3560 :	011111010100111000101100;
	3559 :	011111010100101110011010;
	3558 :	011111010100100100001000;
	3557 :	011111010100011001110100;
	3556 :	011111010100001111011111;
	3555 :	011111010100000101001001;
	3554 :	011111010011111010110010;
	3553 :	011111010011110000011010;
	3552 :	011111010011100110000000;
	3551 :	011111010011011011100101;
	3550 :	011111010011010001001001;
	3549 :	011111010011000110101100;
	3548 :	011111010010111100001101;
	3547 :	011111010010110001101101;
	3546 :	011111010010100111001101;
	3545 :	011111010010011100101010;
	3544 :	011111010010010010000111;
	3543 :	011111010010000111100011;
	3542 :	011111010001111100111101;
	3541 :	011111010001110010010110;
	3540 :	011111010001100111101110;
	3539 :	011111010001011101000100;
	3538 :	011111010001010010011010;
	3537 :	011111010001000111101110;
	3536 :	011111010000111101000001;
	3535 :	011111010000110010010011;
	3534 :	011111010000100111100100;
	3533 :	011111010000011100110011;
	3532 :	011111010000010010000001;
	3531 :	011111010000000111001110;
	3530 :	011111001111111100011010;
	3529 :	011111001111110001100101;
	3528 :	011111001111100110101110;
	3527 :	011111001111011011110110;
	3526 :	011111001111010000111101;
	3525 :	011111001111000110000011;
	3524 :	011111001110111011000111;
	3523 :	011111001110110000001011;
	3522 :	011111001110100101001101;
	3521 :	011111001110011010001110;
	3520 :	011111001110001111001110;
	3519 :	011111001110000100001100;
	3518 :	011111001101111001001010;
	3517 :	011111001101101110000110;
	3516 :	011111001101100011000001;
	3515 :	011111001101010111111010;
	3514 :	011111001101001100110011;
	3513 :	011111001101000001101010;
	3512 :	011111001100110110100000;
	3511 :	011111001100101011010101;
	3510 :	011111001100100000001001;
	3509 :	011111001100010100111100;
	3508 :	011111001100001001101101;
	3507 :	011111001011111110011101;
	3506 :	011111001011110011001100;
	3505 :	011111001011100111111010;
	3504 :	011111001011011100100110;
	3503 :	011111001011010001010001;
	3502 :	011111001011000101111100;
	3501 :	011111001010111010100100;
	3500 :	011111001010101111001100;
	3499 :	011111001010100011110011;
	3498 :	011111001010011000011000;
	3497 :	011111001010001100111100;
	3496 :	011111001010000001011111;
	3495 :	011111001001110110000001;
	3494 :	011111001001101010100001;
	3493 :	011111001001011111000000;
	3492 :	011111001001010011011111;
	3491 :	011111001001000111111011;
	3490 :	011111001000111100010111;
	3489 :	011111001000110000110010;
	3488 :	011111001000100101001011;
	3487 :	011111001000011001100011;
	3486 :	011111001000001101111010;
	3485 :	011111001000000010010000;
	3484 :	011111000111110110100100;
	3483 :	011111000111101010110111;
	3482 :	011111000111011111001001;
	3481 :	011111000111010011011010;
	3480 :	011111000111000111101010;
	3479 :	011111000110111011111000;
	3478 :	011111000110110000000110;
	3477 :	011111000110100100010010;
	3476 :	011111000110011000011101;
	3475 :	011111000110001100100110;
	3474 :	011111000110000000101111;
	3473 :	011111000101110100110110;
	3472 :	011111000101101000111100;
	3471 :	011111000101011101000001;
	3470 :	011111000101010001000101;
	3469 :	011111000101000101000111;
	3468 :	011111000100111001001001;
	3467 :	011111000100101101001001;
	3466 :	011111000100100001001000;
	3465 :	011111000100010101000101;
	3464 :	011111000100001001000010;
	3463 :	011111000011111100111101;
	3462 :	011111000011110000110111;
	3461 :	011111000011100100110000;
	3460 :	011111000011011000101000;
	3459 :	011111000011001100011111;
	3458 :	011111000011000000010100;
	3457 :	011111000010110100001000;
	3456 :	011111000010100111111011;
	3455 :	011111000010011011101101;
	3454 :	011111000010001111011101;
	3453 :	011111000010000011001101;
	3452 :	011111000001110110111011;
	3451 :	011111000001101010101000;
	3450 :	011111000001011110010011;
	3449 :	011111000001010001111110;
	3448 :	011111000001000101100111;
	3447 :	011111000000111001010000;
	3446 :	011111000000101100110110;
	3445 :	011111000000100000011100;
	3444 :	011111000000010100000001;
	3443 :	011111000000000111100100;
	3442 :	011110111111111011000110;
	3441 :	011110111111101110100111;
	3440 :	011110111111100010000111;
	3439 :	011110111111010101100110;
	3438 :	011110111111001001000011;
	3437 :	011110111110111100011111;
	3436 :	011110111110101111111010;
	3435 :	011110111110100011010100;
	3434 :	011110111110010110101101;
	3433 :	011110111110001010000100;
	3432 :	011110111101111101011011;
	3431 :	011110111101110000110000;
	3430 :	011110111101100100000100;
	3429 :	011110111101010111010110;
	3428 :	011110111101001010101000;
	3427 :	011110111100111101111000;
	3426 :	011110111100110001000111;
	3425 :	011110111100100100010101;
	3424 :	011110111100010111100010;
	3423 :	011110111100001010101101;
	3422 :	011110111011111101110111;
	3421 :	011110111011110001000001;
	3420 :	011110111011100100001000;
	3419 :	011110111011010111001111;
	3418 :	011110111011001010010101;
	3417 :	011110111010111101011001;
	3416 :	011110111010110000011100;
	3415 :	011110111010100011011110;
	3414 :	011110111010010110011111;
	3413 :	011110111010001001011111;
	3412 :	011110111001111100011101;
	3411 :	011110111001101111011010;
	3410 :	011110111001100010010110;
	3409 :	011110111001010101010001;
	3408 :	011110111001001000001011;
	3407 :	011110111000111011000011;
	3406 :	011110111000101101111010;
	3405 :	011110111000100000110000;
	3404 :	011110111000010011100101;
	3403 :	011110111000000110011001;
	3402 :	011110110111111001001011;
	3401 :	011110110111101011111101;
	3400 :	011110110111011110101101;
	3399 :	011110110111010001011100;
	3398 :	011110110111000100001001;
	3397 :	011110110110110110110110;
	3396 :	011110110110101001100001;
	3395 :	011110110110011100001011;
	3394 :	011110110110001110110100;
	3393 :	011110110110000001011100;
	3392 :	011110110101110100000011;
	3391 :	011110110101100110101000;
	3390 :	011110110101011001001100;
	3389 :	011110110101001011101111;
	3388 :	011110110100111110010001;
	3387 :	011110110100110000110010;
	3386 :	011110110100100011010001;
	3385 :	011110110100010101101111;
	3384 :	011110110100001000001101;
	3383 :	011110110011111010101000;
	3382 :	011110110011101101000011;
	3381 :	011110110011011111011101;
	3380 :	011110110011010001110101;
	3379 :	011110110011000100001100;
	3378 :	011110110010110110100010;
	3377 :	011110110010101000110111;
	3376 :	011110110010011011001010;
	3375 :	011110110010001101011101;
	3374 :	011110110001111111101110;
	3373 :	011110110001110001111110;
	3372 :	011110110001100100001101;
	3371 :	011110110001010110011010;
	3370 :	011110110001001000100111;
	3369 :	011110110000111010110010;
	3368 :	011110110000101100111100;
	3367 :	011110110000011111000101;
	3366 :	011110110000010001001101;
	3365 :	011110110000000011010011;
	3364 :	011110101111110101011001;
	3363 :	011110101111100111011101;
	3362 :	011110101111011001100000;
	3361 :	011110101111001011100010;
	3360 :	011110101110111101100010;
	3359 :	011110101110101111100010;
	3358 :	011110101110100001100000;
	3357 :	011110101110010011011101;
	3356 :	011110101110000101011001;
	3355 :	011110101101110111010011;
	3354 :	011110101101101001001101;
	3353 :	011110101101011011000101;
	3352 :	011110101101001100111100;
	3351 :	011110101100111110110010;
	3350 :	011110101100110000100111;
	3349 :	011110101100100010011011;
	3348 :	011110101100010100001101;
	3347 :	011110101100000101111110;
	3346 :	011110101011110111101110;
	3345 :	011110101011101001011101;
	3344 :	011110101011011011001011;
	3343 :	011110101011001100110111;
	3342 :	011110101010111110100010;
	3341 :	011110101010110000001101;
	3340 :	011110101010100001110101;
	3339 :	011110101010010011011101;
	3338 :	011110101010000101000100;
	3337 :	011110101001110110101001;
	3336 :	011110101001101000001101;
	3335 :	011110101001011001110000;
	3334 :	011110101001001011010010;
	3333 :	011110101000111100110011;
	3332 :	011110101000101110010010;
	3331 :	011110101000011111110001;
	3330 :	011110101000010001001110;
	3329 :	011110101000000010101010;
	3328 :	011110100111110100000100;
	3327 :	011110100111100101011110;
	3326 :	011110100111010110110110;
	3325 :	011110100111001000001110;
	3324 :	011110100110111001100100;
	3323 :	011110100110101010111000;
	3322 :	011110100110011100001100;
	3321 :	011110100110001101011111;
	3320 :	011110100101111110110000;
	3319 :	011110100101110000000000;
	3318 :	011110100101100001001111;
	3317 :	011110100101010010011101;
	3316 :	011110100101000011101001;
	3315 :	011110100100110100110101;
	3314 :	011110100100100101111111;
	3313 :	011110100100010111001000;
	3312 :	011110100100001000010000;
	3311 :	011110100011111001010111;
	3310 :	011110100011101010011100;
	3309 :	011110100011011011100000;
	3308 :	011110100011001100100100;
	3307 :	011110100010111101100110;
	3306 :	011110100010101110100110;
	3305 :	011110100010011111100110;
	3304 :	011110100010010000100100;
	3303 :	011110100010000001100010;
	3302 :	011110100001110010011110;
	3301 :	011110100001100011011001;
	3300 :	011110100001010100010011;
	3299 :	011110100001000101001011;
	3298 :	011110100000110110000010;
	3297 :	011110100000100110111001;
	3296 :	011110100000010111101110;
	3295 :	011110100000001000100010;
	3294 :	011110011111111001010100;
	3293 :	011110011111101010000110;
	3292 :	011110011111011010110110;
	3291 :	011110011111001011100101;
	3290 :	011110011110111100010011;
	3289 :	011110011110101101000000;
	3288 :	011110011110011101101100;
	3287 :	011110011110001110010110;
	3286 :	011110011101111110111111;
	3285 :	011110011101101111101000;
	3284 :	011110011101100000001110;
	3283 :	011110011101010000110100;
	3282 :	011110011101000001011001;
	3281 :	011110011100110001111100;
	3280 :	011110011100100010011110;
	3279 :	011110011100010011000000;
	3278 :	011110011100000011011111;
	3277 :	011110011011110011111110;
	3276 :	011110011011100100011100;
	3275 :	011110011011010100111000;
	3274 :	011110011011000101010011;
	3273 :	011110011010110101101101;
	3272 :	011110011010100110000110;
	3271 :	011110011010010110011110;
	3270 :	011110011010000110110100;
	3269 :	011110011001110111001010;
	3268 :	011110011001100111011110;
	3267 :	011110011001010111110001;
	3266 :	011110011001001000000011;
	3265 :	011110011000111000010011;
	3264 :	011110011000101000100011;
	3263 :	011110011000011000110001;
	3262 :	011110011000001000111110;
	3261 :	011110010111111001001010;
	3260 :	011110010111101001010101;
	3259 :	011110010111011001011111;
	3258 :	011110010111001001100111;
	3257 :	011110010110111001101110;
	3256 :	011110010110101001110100;
	3255 :	011110010110011001111001;
	3254 :	011110010110001001111101;
	3253 :	011110010101111010000000;
	3252 :	011110010101101010000001;
	3251 :	011110010101011010000001;
	3250 :	011110010101001010000000;
	3249 :	011110010100111001111110;
	3248 :	011110010100101001111011;
	3247 :	011110010100011001110111;
	3246 :	011110010100001001110001;
	3245 :	011110010011111001101010;
	3244 :	011110010011101001100010;
	3243 :	011110010011011001011001;
	3242 :	011110010011001001001111;
	3241 :	011110010010111001000100;
	3240 :	011110010010101000110111;
	3239 :	011110010010011000101001;
	3238 :	011110010010001000011010;
	3237 :	011110010001111000001010;
	3236 :	011110010001100111111001;
	3235 :	011110010001010111100111;
	3234 :	011110010001000111010011;
	3233 :	011110010000110110111110;
	3232 :	011110010000100110101000;
	3231 :	011110010000010110010001;
	3230 :	011110010000000101111001;
	3229 :	011110001111110101011111;
	3228 :	011110001111100101000101;
	3227 :	011110001111010100101001;
	3226 :	011110001111000100001100;
	3225 :	011110001110110011101110;
	3224 :	011110001110100011001111;
	3223 :	011110001110010010101110;
	3222 :	011110001110000010001101;
	3221 :	011110001101110001101010;
	3220 :	011110001101100001000110;
	3219 :	011110001101010000100001;
	3218 :	011110001100111111111011;
	3217 :	011110001100101111010011;
	3216 :	011110001100011110101011;
	3215 :	011110001100001110000001;
	3214 :	011110001011111101010110;
	3213 :	011110001011101100101010;
	3212 :	011110001011011011111101;
	3211 :	011110001011001011001110;
	3210 :	011110001010111010011111;
	3209 :	011110001010101001101110;
	3208 :	011110001010011000111100;
	3207 :	011110001010001000001001;
	3206 :	011110001001110111010101;
	3205 :	011110001001100110011111;
	3204 :	011110001001010101101001;
	3203 :	011110001001000100110001;
	3202 :	011110001000110011111000;
	3201 :	011110001000100010111110;
	3200 :	011110001000010010000011;
	3199 :	011110001000000001000111;
	3198 :	011110000111110000001001;
	3197 :	011110000111011111001011;
	3196 :	011110000111001110001011;
	3195 :	011110000110111101001010;
	3194 :	011110000110101100001000;
	3193 :	011110000110011011000100;
	3192 :	011110000110001010000000;
	3191 :	011110000101111000111010;
	3190 :	011110000101100111110011;
	3189 :	011110000101010110101011;
	3188 :	011110000101000101100010;
	3187 :	011110000100110100011000;
	3186 :	011110000100100011001101;
	3185 :	011110000100010010000000;
	3184 :	011110000100000000110010;
	3183 :	011110000011101111100011;
	3182 :	011110000011011110010011;
	3181 :	011110000011001101000010;
	3180 :	011110000010111011110000;
	3179 :	011110000010101010011100;
	3178 :	011110000010011001000111;
	3177 :	011110000010000111110001;
	3176 :	011110000001110110011010;
	3175 :	011110000001100101000010;
	3174 :	011110000001010011101001;
	3173 :	011110000001000010001110;
	3172 :	011110000000110000110011;
	3171 :	011110000000011111010110;
	3170 :	011110000000001101111000;
	3169 :	011101111111111100011001;
	3168 :	011101111111101010111001;
	3167 :	011101111111011001010111;
	3166 :	011101111111000111110101;
	3165 :	011101111110110110010001;
	3164 :	011101111110100100101100;
	3163 :	011101111110010011000110;
	3162 :	011101111110000001011111;
	3161 :	011101111101101111110110;
	3160 :	011101111101011110001101;
	3159 :	011101111101001100100010;
	3158 :	011101111100111010110110;
	3157 :	011101111100101001001001;
	3156 :	011101111100010111011011;
	3155 :	011101111100000101101100;
	3154 :	011101111011110011111011;
	3153 :	011101111011100010001010;
	3152 :	011101111011010000010111;
	3151 :	011101111010111110100011;
	3150 :	011101111010101100101110;
	3149 :	011101111010011010111000;
	3148 :	011101111010001001000000;
	3147 :	011101111001110111001000;
	3146 :	011101111001100101001110;
	3145 :	011101111001010011010011;
	3144 :	011101111001000001010111;
	3143 :	011101111000101111011010;
	3142 :	011101111000011101011100;
	3141 :	011101111000001011011100;
	3140 :	011101110111111001011100;
	3139 :	011101110111100111011010;
	3138 :	011101110111010101010111;
	3137 :	011101110111000011010011;
	3136 :	011101110110110001001110;
	3135 :	011101110110011111001000;
	3134 :	011101110110001101000000;
	3133 :	011101110101111010110111;
	3132 :	011101110101101000101110;
	3131 :	011101110101010110100011;
	3130 :	011101110101000100010111;
	3129 :	011101110100110010001001;
	3128 :	011101110100011111111011;
	3127 :	011101110100001101101011;
	3126 :	011101110011111011011011;
	3125 :	011101110011101001001001;
	3124 :	011101110011010110110110;
	3123 :	011101110011000100100010;
	3122 :	011101110010110010001100;
	3121 :	011101110010011111110110;
	3120 :	011101110010001101011110;
	3119 :	011101110001111011000101;
	3118 :	011101110001101000101100;
	3117 :	011101110001010110010001;
	3116 :	011101110001000011110100;
	3115 :	011101110000110001010111;
	3114 :	011101110000011110111001;
	3113 :	011101110000001100011001;
	3112 :	011101101111111001111000;
	3111 :	011101101111100111010110;
	3110 :	011101101111010100110011;
	3109 :	011101101111000010001111;
	3108 :	011101101110101111101010;
	3107 :	011101101110011101000011;
	3106 :	011101101110001010011011;
	3105 :	011101101101110111110011;
	3104 :	011101101101100101001001;
	3103 :	011101101101010010011110;
	3102 :	011101101100111111110001;
	3101 :	011101101100101101000100;
	3100 :	011101101100011010010101;
	3099 :	011101101100000111100110;
	3098 :	011101101011110100110101;
	3097 :	011101101011100010000011;
	3096 :	011101101011001111010000;
	3095 :	011101101010111100011100;
	3094 :	011101101010101001100110;
	3093 :	011101101010010110110000;
	3092 :	011101101010000011111000;
	3091 :	011101101001110000111111;
	3090 :	011101101001011110000101;
	3089 :	011101101001001011001010;
	3088 :	011101101000111000001110;
	3087 :	011101101000100101010000;
	3086 :	011101101000010010010010;
	3085 :	011101100111111111010010;
	3084 :	011101100111101100010001;
	3083 :	011101100111011001001111;
	3082 :	011101100111000110001100;
	3081 :	011101100110110011001000;
	3080 :	011101100110100000000011;
	3079 :	011101100110001100111100;
	3078 :	011101100101111001110100;
	3077 :	011101100101100110101100;
	3076 :	011101100101010011100010;
	3075 :	011101100101000000010110;
	3074 :	011101100100101101001010;
	3073 :	011101100100011001111101;
	3072 :	011101100100000110101110;
	3071 :	011101100011110011011111;
	3070 :	011101100011100000001110;
	3069 :	011101100011001100111100;
	3068 :	011101100010111001101001;
	3067 :	011101100010100110010101;
	3066 :	011101100010010010111111;
	3065 :	011101100001111111101001;
	3064 :	011101100001101100010001;
	3063 :	011101100001011000111000;
	3062 :	011101100001000101011110;
	3061 :	011101100000110010000011;
	3060 :	011101100000011110100111;
	3059 :	011101100000001011001010;
	3058 :	011101011111110111101011;
	3057 :	011101011111100100001100;
	3056 :	011101011111010000101011;
	3055 :	011101011110111101001001;
	3054 :	011101011110101001100110;
	3053 :	011101011110010110000010;
	3052 :	011101011110000010011101;
	3051 :	011101011101101110110110;
	3050 :	011101011101011011001111;
	3049 :	011101011101000111100110;
	3048 :	011101011100110011111100;
	3047 :	011101011100100000010001;
	3046 :	011101011100001100100101;
	3045 :	011101011011111000111000;
	3044 :	011101011011100101001010;
	3043 :	011101011011010001011010;
	3042 :	011101011010111101101010;
	3041 :	011101011010101001111000;
	3040 :	011101011010010110000101;
	3039 :	011101011010000010010001;
	3038 :	011101011001101110011100;
	3037 :	011101011001011010100101;
	3036 :	011101011001000110101110;
	3035 :	011101011000110010110101;
	3034 :	011101011000011110111100;
	3033 :	011101011000001011000001;
	3032 :	011101010111110111000101;
	3031 :	011101010111100011001000;
	3030 :	011101010111001111001010;
	3029 :	011101010110111011001010;
	3028 :	011101010110100111001010;
	3027 :	011101010110010011001000;
	3026 :	011101010101111111000101;
	3025 :	011101010101101011000001;
	3024 :	011101010101010110111100;
	3023 :	011101010101000010110110;
	3022 :	011101010100101110101111;
	3021 :	011101010100011010100111;
	3020 :	011101010100000110011101;
	3019 :	011101010011110010010010;
	3018 :	011101010011011110000111;
	3017 :	011101010011001001111010;
	3016 :	011101010010110101101100;
	3015 :	011101010010100001011100;
	3014 :	011101010010001101001100;
	3013 :	011101010001111000111011;
	3012 :	011101010001100100101000;
	3011 :	011101010001010000010100;
	3010 :	011101010000111011111111;
	3009 :	011101010000100111101001;
	3008 :	011101010000010011010010;
	3007 :	011101001111111110111010;
	3006 :	011101001111101010100001;
	3005 :	011101001111010110000110;
	3004 :	011101001111000001101011;
	3003 :	011101001110101101001110;
	3002 :	011101001110011000110000;
	3001 :	011101001110000100010001;
	3000 :	011101001101101111110001;
	2999 :	011101001101011011010000;
	2998 :	011101001101000110101101;
	2997 :	011101001100110010001010;
	2996 :	011101001100011101100101;
	2995 :	011101001100001001000000;
	2994 :	011101001011110100011001;
	2993 :	011101001011011111110001;
	2992 :	011101001011001011001000;
	2991 :	011101001010110110011101;
	2990 :	011101001010100001110010;
	2989 :	011101001010001101000110;
	2988 :	011101001001111000011000;
	2987 :	011101001001100011101001;
	2986 :	011101001001001110111001;
	2985 :	011101001000111010001000;
	2984 :	011101001000100101010110;
	2983 :	011101001000010000100011;
	2982 :	011101000111111011101111;
	2981 :	011101000111100110111001;
	2980 :	011101000111010010000011;
	2979 :	011101000110111101001011;
	2978 :	011101000110101000010010;
	2977 :	011101000110010011011000;
	2976 :	011101000101111110011101;
	2975 :	011101000101101001100001;
	2974 :	011101000101010100100011;
	2973 :	011101000100111111100101;
	2972 :	011101000100101010100101;
	2971 :	011101000100010101100101;
	2970 :	011101000100000000100011;
	2969 :	011101000011101011100000;
	2968 :	011101000011010110011100;
	2967 :	011101000011000001010111;
	2966 :	011101000010101100010000;
	2965 :	011101000010010111001001;
	2964 :	011101000010000010000000;
	2963 :	011101000001101100110111;
	2962 :	011101000001010111101100;
	2961 :	011101000001000010100000;
	2960 :	011101000000101101010011;
	2959 :	011101000000011000000101;
	2958 :	011101000000000010110110;
	2957 :	011100111111101101100101;
	2956 :	011100111111011000010100;
	2955 :	011100111111000011000001;
	2954 :	011100111110101101101110;
	2953 :	011100111110011000011001;
	2952 :	011100111110000011000011;
	2951 :	011100111101101101101100;
	2950 :	011100111101011000010011;
	2949 :	011100111101000010111010;
	2948 :	011100111100101101100000;
	2947 :	011100111100011000000100;
	2946 :	011100111100000010101000;
	2945 :	011100111011101101001010;
	2944 :	011100111011010111101011;
	2943 :	011100111011000010001011;
	2942 :	011100111010101100101010;
	2941 :	011100111010010111001000;
	2940 :	011100111010000001100100;
	2939 :	011100111001101100000000;
	2938 :	011100111001010110011010;
	2937 :	011100111001000000110100;
	2936 :	011100111000101011001100;
	2935 :	011100111000010101100011;
	2934 :	011100110111111111111001;
	2933 :	011100110111101010001110;
	2932 :	011100110111010100100001;
	2931 :	011100110110111110110100;
	2930 :	011100110110101001000110;
	2929 :	011100110110010011010110;
	2928 :	011100110101111101100101;
	2927 :	011100110101100111110011;
	2926 :	011100110101010010000001;
	2925 :	011100110100111100001100;
	2924 :	011100110100100110010111;
	2923 :	011100110100010000100001;
	2922 :	011100110011111010101010;
	2921 :	011100110011100100110001;
	2920 :	011100110011001110111000;
	2919 :	011100110010111000111101;
	2918 :	011100110010100011000001;
	2917 :	011100110010001101000100;
	2916 :	011100110001110111000110;
	2915 :	011100110001100001000111;
	2914 :	011100110001001011000111;
	2913 :	011100110000110101000101;
	2912 :	011100110000011111000011;
	2911 :	011100110000001000111111;
	2910 :	011100101111110010111011;
	2909 :	011100101111011100110101;
	2908 :	011100101111000110101110;
	2907 :	011100101110110000100110;
	2906 :	011100101110011010011101;
	2905 :	011100101110000100010011;
	2904 :	011100101101101110000111;
	2903 :	011100101101010111111011;
	2902 :	011100101101000001101101;
	2901 :	011100101100101011011111;
	2900 :	011100101100010101001111;
	2899 :	011100101011111110111110;
	2898 :	011100101011101000101100;
	2897 :	011100101011010010011001;
	2896 :	011100101010111100000101;
	2895 :	011100101010100101101111;
	2894 :	011100101010001111011001;
	2893 :	011100101001111001000010;
	2892 :	011100101001100010101001;
	2891 :	011100101001001100001111;
	2890 :	011100101000110101110100;
	2889 :	011100101000011111011001;
	2888 :	011100101000001000111100;
	2887 :	011100100111110010011101;
	2886 :	011100100111011011111110;
	2885 :	011100100111000101011110;
	2884 :	011100100110101110111100;
	2883 :	011100100110011000011010;
	2882 :	011100100110000001110110;
	2881 :	011100100101101011010001;
	2880 :	011100100101010100101100;
	2879 :	011100100100111110000101;
	2878 :	011100100100100111011101;
	2877 :	011100100100010000110011;
	2876 :	011100100011111010001001;
	2875 :	011100100011100011011110;
	2874 :	011100100011001100110001;
	2873 :	011100100010110110000100;
	2872 :	011100100010011111010101;
	2871 :	011100100010001000100101;
	2870 :	011100100001110001110101;
	2869 :	011100100001011011000011;
	2868 :	011100100001000100010000;
	2867 :	011100100000101101011011;
	2866 :	011100100000010110100110;
	2865 :	011100011111111111110000;
	2864 :	011100011111101000111000;
	2863 :	011100011111010010000000;
	2862 :	011100011110111011000110;
	2861 :	011100011110100100001011;
	2860 :	011100011110001101010000;
	2859 :	011100011101110110010011;
	2858 :	011100011101011111010101;
	2857 :	011100011101001000010101;
	2856 :	011100011100110001010101;
	2855 :	011100011100011010010100;
	2854 :	011100011100000011010010;
	2853 :	011100011011101100001110;
	2852 :	011100011011010101001001;
	2851 :	011100011010111110000100;
	2850 :	011100011010100110111101;
	2849 :	011100011010001111110101;
	2848 :	011100011001111000101100;
	2847 :	011100011001100001100010;
	2846 :	011100011001001010010111;
	2845 :	011100011000110011001010;
	2844 :	011100011000011011111101;
	2843 :	011100011000000100101111;
	2842 :	011100010111101101011111;
	2841 :	011100010111010110001110;
	2840 :	011100010110111110111101;
	2839 :	011100010110100111101010;
	2838 :	011100010110010000010110;
	2837 :	011100010101111001000001;
	2836 :	011100010101100001101011;
	2835 :	011100010101001010010011;
	2834 :	011100010100110010111011;
	2833 :	011100010100011011100010;
	2832 :	011100010100000100000111;
	2831 :	011100010011101100101100;
	2830 :	011100010011010101001111;
	2829 :	011100010010111101110001;
	2828 :	011100010010100110010010;
	2827 :	011100010010001110110010;
	2826 :	011100010001110111010001;
	2825 :	011100010001011111101111;
	2824 :	011100010001001000001100;
	2823 :	011100010000110000101000;
	2822 :	011100010000011001000010;
	2821 :	011100010000000001011100;
	2820 :	011100001111101001110100;
	2819 :	011100001111010010001011;
	2818 :	011100001110111010100010;
	2817 :	011100001110100010110111;
	2816 :	011100001110001011001011;
	2815 :	011100001101110011011110;
	2814 :	011100001101011011110000;
	2813 :	011100001101000100000001;
	2812 :	011100001100101100010000;
	2811 :	011100001100010100011111;
	2810 :	011100001011111100101100;
	2809 :	011100001011100100111001;
	2808 :	011100001011001101000100;
	2807 :	011100001010110101001111;
	2806 :	011100001010011101011000;
	2805 :	011100001010000101100000;
	2804 :	011100001001101101100111;
	2803 :	011100001001010101101101;
	2802 :	011100001000111101110010;
	2801 :	011100001000100101110101;
	2800 :	011100001000001101111000;
	2799 :	011100000111110101111010;
	2798 :	011100000111011101111010;
	2797 :	011100000111000101111010;
	2796 :	011100000110101101111000;
	2795 :	011100000110010101110101;
	2794 :	011100000101111101110001;
	2793 :	011100000101100101101101;
	2792 :	011100000101001101100111;
	2791 :	011100000100110101011111;
	2790 :	011100000100011101010111;
	2789 :	011100000100000101001110;
	2788 :	011100000011101101000100;
	2787 :	011100000011010100111000;
	2786 :	011100000010111100101100;
	2785 :	011100000010100100011110;
	2784 :	011100000010001100010000;
	2783 :	011100000001110100000000;
	2782 :	011100000001011011101111;
	2781 :	011100000001000011011101;
	2780 :	011100000000101011001010;
	2779 :	011100000000010010110110;
	2778 :	011011111111111010100001;
	2777 :	011011111111100010001011;
	2776 :	011011111111001001110100;
	2775 :	011011111110110001011011;
	2774 :	011011111110011001000010;
	2773 :	011011111110000000100111;
	2772 :	011011111101101000001100;
	2771 :	011011111101001111101111;
	2770 :	011011111100110111010001;
	2769 :	011011111100011110110011;
	2768 :	011011111100000110010011;
	2767 :	011011111011101101110010;
	2766 :	011011111011010101010000;
	2765 :	011011111010111100101100;
	2764 :	011011111010100100001000;
	2763 :	011011111010001011100011;
	2762 :	011011111001110010111101;
	2761 :	011011111001011010010101;
	2760 :	011011111001000001101101;
	2759 :	011011111000101001000011;
	2758 :	011011111000010000011000;
	2757 :	011011110111110111101101;
	2756 :	011011110111011111000000;
	2755 :	011011110111000110010010;
	2754 :	011011110110101101100011;
	2753 :	011011110110010100110011;
	2752 :	011011110101111100000010;
	2751 :	011011110101100011010000;
	2750 :	011011110101001010011100;
	2749 :	011011110100110001101000;
	2748 :	011011110100011000110011;
	2747 :	011011110011111111111100;
	2746 :	011011110011100111000101;
	2745 :	011011110011001110001100;
	2744 :	011011110010110101010010;
	2743 :	011011110010011100011000;
	2742 :	011011110010000011011100;
	2741 :	011011110001101010011111;
	2740 :	011011110001010001100001;
	2739 :	011011110000111000100010;
	2738 :	011011110000011111100010;
	2737 :	011011110000000110100000;
	2736 :	011011101111101101011110;
	2735 :	011011101111010100011011;
	2734 :	011011101110111011010110;
	2733 :	011011101110100010010001;
	2732 :	011011101110001001001010;
	2731 :	011011101101110000000011;
	2730 :	011011101101010110111010;
	2729 :	011011101100111101110000;
	2728 :	011011101100100100100110;
	2727 :	011011101100001011011010;
	2726 :	011011101011110010001101;
	2725 :	011011101011011000111111;
	2724 :	011011101010111111110000;
	2723 :	011011101010100110100000;
	2722 :	011011101010001101001110;
	2721 :	011011101001110011111100;
	2720 :	011011101001011010101001;
	2719 :	011011101001000001010100;
	2718 :	011011101000100111111111;
	2717 :	011011101000001110101000;
	2716 :	011011100111110101010001;
	2715 :	011011100111011011111000;
	2714 :	011011100111000010011110;
	2713 :	011011100110101001000100;
	2712 :	011011100110001111101000;
	2711 :	011011100101110110001011;
	2710 :	011011100101011100101101;
	2709 :	011011100101000011001110;
	2708 :	011011100100101001101110;
	2707 :	011011100100010000001100;
	2706 :	011011100011110110101010;
	2705 :	011011100011011101000111;
	2704 :	011011100011000011100010;
	2703 :	011011100010101001111101;
	2702 :	011011100010010000010111;
	2701 :	011011100001110110101111;
	2700 :	011011100001011101000110;
	2699 :	011011100001000011011101;
	2698 :	011011100000101001110010;
	2697 :	011011100000010000000110;
	2696 :	011011011111110110011001;
	2695 :	011011011111011100101011;
	2694 :	011011011111000010111100;
	2693 :	011011011110101001001100;
	2692 :	011011011110001111011011;
	2691 :	011011011101110101101001;
	2690 :	011011011101011011110110;
	2689 :	011011011101000010000010;
	2688 :	011011011100101000001100;
	2687 :	011011011100001110010110;
	2686 :	011011011011110100011110;
	2685 :	011011011011011010100110;
	2684 :	011011011011000000101100;
	2683 :	011011011010100110110010;
	2682 :	011011011010001100110110;
	2681 :	011011011001110010111001;
	2680 :	011011011001011000111011;
	2679 :	011011011000111110111101;
	2678 :	011011011000100100111101;
	2677 :	011011011000001010111100;
	2676 :	011011010111110000111010;
	2675 :	011011010111010110110111;
	2674 :	011011010110111100110011;
	2673 :	011011010110100010101101;
	2672 :	011011010110001000100111;
	2671 :	011011010101101110100000;
	2670 :	011011010101010100010111;
	2669 :	011011010100111010001110;
	2668 :	011011010100100000000100;
	2667 :	011011010100000101111000;
	2666 :	011011010011101011101100;
	2665 :	011011010011010001011110;
	2664 :	011011010010110111001111;
	2663 :	011011010010011101000000;
	2662 :	011011010010000010101111;
	2661 :	011011010001101000011101;
	2660 :	011011010001001110001010;
	2659 :	011011010000110011110110;
	2658 :	011011010000011001100001;
	2657 :	011011001111111111001011;
	2656 :	011011001111100100110100;
	2655 :	011011001111001010011100;
	2654 :	011011001110110000000011;
	2653 :	011011001110010101101001;
	2652 :	011011001101111011001101;
	2651 :	011011001101100000110001;
	2650 :	011011001101000110010100;
	2649 :	011011001100101011110101;
	2648 :	011011001100010001010110;
	2647 :	011011001011110110110101;
	2646 :	011011001011011100010100;
	2645 :	011011001011000001110001;
	2644 :	011011001010100111001101;
	2643 :	011011001010001100101001;
	2642 :	011011001001110010000011;
	2641 :	011011001001010111011100;
	2640 :	011011001000111100110100;
	2639 :	011011001000100010001011;
	2638 :	011011001000000111100001;
	2637 :	011011000111101100110110;
	2636 :	011011000111010010001010;
	2635 :	011011000110110111011101;
	2634 :	011011000110011100101111;
	2633 :	011011000110000010000000;
	2632 :	011011000101100111010000;
	2631 :	011011000101001100011111;
	2630 :	011011000100110001101100;
	2629 :	011011000100010110111001;
	2628 :	011011000011111100000101;
	2627 :	011011000011100001001111;
	2626 :	011011000011000110011001;
	2625 :	011011000010101011100001;
	2624 :	011011000010010000101001;
	2623 :	011011000001110101101111;
	2622 :	011011000001011010110100;
	2621 :	011011000000111111111001;
	2620 :	011011000000100100111100;
	2619 :	011011000000001001111110;
	2618 :	011010111111101110111111;
	2617 :	011010111111010011111111;
	2616 :	011010111110111000111111;
	2615 :	011010111110011101111101;
	2614 :	011010111110000010111010;
	2613 :	011010111101100111110110;
	2612 :	011010111101001100110001;
	2611 :	011010111100110001101010;
	2610 :	011010111100010110100011;
	2609 :	011010111011111011011011;
	2608 :	011010111011100000010010;
	2607 :	011010111011000101001000;
	2606 :	011010111010101001111100;
	2605 :	011010111010001110110000;
	2604 :	011010111001110011100011;
	2603 :	011010111001011000010100;
	2602 :	011010111000111101000101;
	2601 :	011010111000100001110100;
	2600 :	011010111000000110100011;
	2599 :	011010110111101011010000;
	2598 :	011010110111001111111101;
	2597 :	011010110110110100101000;
	2596 :	011010110110011001010011;
	2595 :	011010110101111101111100;
	2594 :	011010110101100010100100;
	2593 :	011010110101000111001011;
	2592 :	011010110100101011110010;
	2591 :	011010110100010000010111;
	2590 :	011010110011110100111011;
	2589 :	011010110011011001011110;
	2588 :	011010110010111110000000;
	2587 :	011010110010100010100001;
	2586 :	011010110010000111000001;
	2585 :	011010110001101011100000;
	2584 :	011010110001001111111110;
	2583 :	011010110000110100011011;
	2582 :	011010110000011000110111;
	2581 :	011010101111111101010010;
	2580 :	011010101111100001101100;
	2579 :	011010101111000110000100;
	2578 :	011010101110101010011100;
	2577 :	011010101110001110110011;
	2576 :	011010101101110011001001;
	2575 :	011010101101010111011101;
	2574 :	011010101100111011110001;
	2573 :	011010101100100000000011;
	2572 :	011010101100000100010101;
	2571 :	011010101011101000100110;
	2570 :	011010101011001100110101;
	2569 :	011010101010110001000100;
	2568 :	011010101010010101010001;
	2567 :	011010101001111001011110;
	2566 :	011010101001011101101001;
	2565 :	011010101001000001110011;
	2564 :	011010101000100101111101;
	2563 :	011010101000001010000101;
	2562 :	011010100111101110001100;
	2561 :	011010100111010010010011;
	2560 :	011010100110110110011000;
	2559 :	011010100110011010011100;
	2558 :	011010100101111110011111;
	2557 :	011010100101100010100001;
	2556 :	011010100101000110100011;
	2555 :	011010100100101010100011;
	2554 :	011010100100001110100010;
	2553 :	011010100011110010100000;
	2552 :	011010100011010110011101;
	2551 :	011010100010111010011001;
	2550 :	011010100010011110010100;
	2549 :	011010100010000010001110;
	2548 :	011010100001100110000111;
	2547 :	011010100001001001111111;
	2546 :	011010100000101101110110;
	2545 :	011010100000010001101100;
	2544 :	011010011111110101100000;
	2543 :	011010011111011001010100;
	2542 :	011010011110111101000111;
	2541 :	011010011110100000111001;
	2540 :	011010011110000100101010;
	2539 :	011010011101101000011001;
	2538 :	011010011101001100001000;
	2537 :	011010011100101111110110;
	2536 :	011010011100010011100011;
	2535 :	011010011011110111001110;
	2534 :	011010011011011010111001;
	2533 :	011010011010111110100011;
	2532 :	011010011010100010001011;
	2531 :	011010011010000101110011;
	2530 :	011010011001101001011001;
	2529 :	011010011001001100111111;
	2528 :	011010011000110000100100;
	2527 :	011010011000010100000111;
	2526 :	011010010111110111101010;
	2525 :	011010010111011011001011;
	2524 :	011010010110111110101100;
	2523 :	011010010110100010001011;
	2522 :	011010010110000101101010;
	2521 :	011010010101101001000111;
	2520 :	011010010101001100100011;
	2519 :	011010010100101111111111;
	2518 :	011010010100010011011001;
	2517 :	011010010011110110110011;
	2516 :	011010010011011010001011;
	2515 :	011010010010111101100010;
	2514 :	011010010010100000111001;
	2513 :	011010010010000100001110;
	2512 :	011010010001100111100010;
	2511 :	011010010001001010110110;
	2510 :	011010010000101110001000;
	2509 :	011010010000010001011001;
	2508 :	011010001111110100101001;
	2507 :	011010001111010111111001;
	2506 :	011010001110111011000111;
	2505 :	011010001110011110010100;
	2504 :	011010001110000001100000;
	2503 :	011010001101100100101100;
	2502 :	011010001101000111110110;
	2501 :	011010001100101010111111;
	2500 :	011010001100001110000111;
	2499 :	011010001011110001001110;
	2498 :	011010001011010100010100;
	2497 :	011010001010110111011010;
	2496 :	011010001010011010011110;
	2495 :	011010001001111101100001;
	2494 :	011010001001100000100011;
	2493 :	011010001001000011100100;
	2492 :	011010001000100110100100;
	2491 :	011010001000001001100011;
	2490 :	011010000111101100100001;
	2489 :	011010000111001111011110;
	2488 :	011010000110110010011010;
	2487 :	011010000110010101010110;
	2486 :	011010000101111000010000;
	2485 :	011010000101011011001001;
	2484 :	011010000100111110000001;
	2483 :	011010000100100000111000;
	2482 :	011010000100000011101110;
	2481 :	011010000011100110100011;
	2480 :	011010000011001001010111;
	2479 :	011010000010101100001010;
	2478 :	011010000010001110111100;
	2477 :	011010000001110001101101;
	2476 :	011010000001010100011101;
	2475 :	011010000000110111001100;
	2474 :	011010000000011001111010;
	2473 :	011001111111111100100111;
	2472 :	011001111111011111010011;
	2471 :	011001111111000001111110;
	2470 :	011001111110100100101000;
	2469 :	011001111110000111010001;
	2468 :	011001111101101001111001;
	2467 :	011001111101001100100000;
	2466 :	011001111100101111000110;
	2465 :	011001111100010001101011;
	2464 :	011001111011110100001111;
	2463 :	011001111011010110110010;
	2462 :	011001111010111001010100;
	2461 :	011001111010011011110101;
	2460 :	011001111001111110010101;
	2459 :	011001111001100000110100;
	2458 :	011001111001000011010010;
	2457 :	011001111000100101101111;
	2456 :	011001111000001000001011;
	2455 :	011001110111101010100110;
	2454 :	011001110111001101000000;
	2453 :	011001110110101111011001;
	2452 :	011001110110010001110001;
	2451 :	011001110101110100001000;
	2450 :	011001110101010110011110;
	2449 :	011001110100111000110011;
	2448 :	011001110100011011000111;
	2447 :	011001110011111101011010;
	2446 :	011001110011011111101100;
	2445 :	011001110011000001111101;
	2444 :	011001110010100100001101;
	2443 :	011001110010000110011100;
	2442 :	011001110001101000101010;
	2441 :	011001110001001010110111;
	2440 :	011001110000101101000011;
	2439 :	011001110000001111001111;
	2438 :	011001101111110001011001;
	2437 :	011001101111010011100010;
	2436 :	011001101110110101101010;
	2435 :	011001101110010111110001;
	2434 :	011001101101111001110111;
	2433 :	011001101101011011111100;
	2432 :	011001101100111110000000;
	2431 :	011001101100100000000011;
	2430 :	011001101100000010000110;
	2429 :	011001101011100100000111;
	2428 :	011001101011000110000111;
	2427 :	011001101010101000000110;
	2426 :	011001101010001010000100;
	2425 :	011001101001101100000010;
	2424 :	011001101001001101111110;
	2423 :	011001101000101111111001;
	2422 :	011001101000010001110011;
	2421 :	011001100111110011101100;
	2420 :	011001100111010101100101;
	2419 :	011001100110110111011100;
	2418 :	011001100110011001010010;
	2417 :	011001100101111011001000;
	2416 :	011001100101011100111100;
	2415 :	011001100100111110101111;
	2414 :	011001100100100000100010;
	2413 :	011001100100000010010011;
	2412 :	011001100011100100000011;
	2411 :	011001100011000101110011;
	2410 :	011001100010100111100001;
	2409 :	011001100010001001001111;
	2408 :	011001100001101010111011;
	2407 :	011001100001001100100110;
	2406 :	011001100000101110010001;
	2405 :	011001100000001111111010;
	2404 :	011001011111110001100011;
	2403 :	011001011111010011001010;
	2402 :	011001011110110100110001;
	2401 :	011001011110010110010110;
	2400 :	011001011101110111111011;
	2399 :	011001011101011001011111;
	2398 :	011001011100111011000001;
	2397 :	011001011100011100100011;
	2396 :	011001011011111110000011;
	2395 :	011001011011011111100011;
	2394 :	011001011011000001000010;
	2393 :	011001011010100010100000;
	2392 :	011001011010000011111100;
	2391 :	011001011001100101011000;
	2390 :	011001011001000110110011;
	2389 :	011001011000101000001101;
	2388 :	011001011000001001100101;
	2387 :	011001010111101010111101;
	2386 :	011001010111001100010100;
	2385 :	011001010110101101101010;
	2384 :	011001010110001110111111;
	2383 :	011001010101110000010011;
	2382 :	011001010101010001100110;
	2381 :	011001010100110010111000;
	2380 :	011001010100010100001001;
	2379 :	011001010011110101011001;
	2378 :	011001010011010110101000;
	2377 :	011001010010110111110110;
	2376 :	011001010010011001000011;
	2375 :	011001010001111010001111;
	2374 :	011001010001011011011010;
	2373 :	011001010000111100100100;
	2372 :	011001010000011101101101;
	2371 :	011001001111111110110110;
	2370 :	011001001111011111111101;
	2369 :	011001001111000001000011;
	2368 :	011001001110100010001000;
	2367 :	011001001110000011001101;
	2366 :	011001001101100100010000;
	2365 :	011001001101000101010010;
	2364 :	011001001100100110010100;
	2363 :	011001001100000111010100;
	2362 :	011001001011101000010100;
	2361 :	011001001011001001010010;
	2360 :	011001001010101010010000;
	2359 :	011001001010001011001100;
	2358 :	011001001001101100001000;
	2357 :	011001001001001101000010;
	2356 :	011001001000101101111100;
	2355 :	011001001000001110110101;
	2354 :	011001000111101111101100;
	2353 :	011001000111010000100011;
	2352 :	011001000110110001011001;
	2351 :	011001000110010010001110;
	2350 :	011001000101110011000010;
	2349 :	011001000101010011110100;
	2348 :	011001000100110100100110;
	2347 :	011001000100010101010111;
	2346 :	011001000011110110000111;
	2345 :	011001000011010110110110;
	2344 :	011001000010110111100100;
	2343 :	011001000010011000010001;
	2342 :	011001000001111000111101;
	2341 :	011001000001011001101001;
	2340 :	011001000000111010010011;
	2339 :	011001000000011010111100;
	2338 :	011000111111111011100100;
	2337 :	011000111111011100001011;
	2336 :	011000111110111100110010;
	2335 :	011000111110011101010111;
	2334 :	011000111101111101111100;
	2333 :	011000111101011110011111;
	2332 :	011000111100111111000001;
	2331 :	011000111100011111100011;
	2330 :	011000111100000000000011;
	2329 :	011000111011100000100011;
	2328 :	011000111011000001000010;
	2327 :	011000111010100001011111;
	2326 :	011000111010000001111100;
	2325 :	011000111001100010011000;
	2324 :	011000111001000010110011;
	2323 :	011000111000100011001100;
	2322 :	011000111000000011100101;
	2321 :	011000110111100011111101;
	2320 :	011000110111000100010100;
	2319 :	011000110110100100101010;
	2318 :	011000110110000100111111;
	2317 :	011000110101100101010011;
	2316 :	011000110101000101100110;
	2315 :	011000110100100101111000;
	2314 :	011000110100000110001010;
	2313 :	011000110011100110011010;
	2312 :	011000110011000110101001;
	2311 :	011000110010100110110111;
	2310 :	011000110010000111000101;
	2309 :	011000110001100111010001;
	2308 :	011000110001000111011101;
	2307 :	011000110000100111100111;
	2306 :	011000110000000111110001;
	2305 :	011000101111100111111001;
	2304 :	011000101111001000000001;
	2303 :	011000101110101000001000;
	2302 :	011000101110001000001101;
	2301 :	011000101101101000010010;
	2300 :	011000101101001000010110;
	2299 :	011000101100101000011001;
	2298 :	011000101100001000011011;
	2297 :	011000101011101000011100;
	2296 :	011000101011001000011100;
	2295 :	011000101010101000011011;
	2294 :	011000101010001000011001;
	2293 :	011000101001101000010110;
	2292 :	011000101001001000010010;
	2291 :	011000101000101000001110;
	2290 :	011000101000001000001000;
	2289 :	011000100111101000000001;
	2288 :	011000100111000111111010;
	2287 :	011000100110100111110001;
	2286 :	011000100110000111101000;
	2285 :	011000100101100111011101;
	2284 :	011000100101000111010010;
	2283 :	011000100100100111000110;
	2282 :	011000100100000110111000;
	2281 :	011000100011100110101010;
	2280 :	011000100011000110011011;
	2279 :	011000100010100110001011;
	2278 :	011000100010000101111010;
	2277 :	011000100001100101101000;
	2276 :	011000100001000101010101;
	2275 :	011000100000100101000001;
	2274 :	011000100000000100101100;
	2273 :	011000011111100100010110;
	2272 :	011000011111000011111111;
	2271 :	011000011110100011101000;
	2270 :	011000011110000011001111;
	2269 :	011000011101100010110110;
	2268 :	011000011101000010011011;
	2267 :	011000011100100010000000;
	2266 :	011000011100000001100011;
	2265 :	011000011011100001000110;
	2264 :	011000011011000000101000;
	2263 :	011000011010100000001000;
	2262 :	011000011001111111101000;
	2261 :	011000011001011111000111;
	2260 :	011000011000111110100101;
	2259 :	011000011000011110000010;
	2258 :	011000010111111101011110;
	2257 :	011000010111011100111001;
	2256 :	011000010110111100010100;
	2255 :	011000010110011011101101;
	2254 :	011000010101111011000101;
	2253 :	011000010101011010011101;
	2252 :	011000010100111001110011;
	2251 :	011000010100011001001001;
	2250 :	011000010011111000011101;
	2249 :	011000010011010111110001;
	2248 :	011000010010110111000100;
	2247 :	011000010010010110010101;
	2246 :	011000010001110101100110;
	2245 :	011000010001010100110110;
	2244 :	011000010000110100000101;
	2243 :	011000010000010011010011;
	2242 :	011000001111110010100000;
	2241 :	011000001111010001101100;
	2240 :	011000001110110000110111;
	2239 :	011000001110010000000010;
	2238 :	011000001101101111001011;
	2237 :	011000001101001110010011;
	2236 :	011000001100101101011011;
	2235 :	011000001100001100100010;
	2234 :	011000001011101011100111;
	2233 :	011000001011001010101100;
	2232 :	011000001010101001110000;
	2231 :	011000001010001000110010;
	2230 :	011000001001100111110100;
	2229 :	011000001001000110110101;
	2228 :	011000001000100101110101;
	2227 :	011000001000000100110100;
	2226 :	011000000111100011110011;
	2225 :	011000000111000010110000;
	2224 :	011000000110100001101100;
	2223 :	011000000110000000100111;
	2222 :	011000000101011111100010;
	2221 :	011000000100111110011011;
	2220 :	011000000100011101010100;
	2219 :	011000000011111100001100;
	2218 :	011000000011011011000010;
	2217 :	011000000010111001111000;
	2216 :	011000000010011000101101;
	2215 :	011000000001110111100001;
	2214 :	011000000001010110010100;
	2213 :	011000000000110101000110;
	2212 :	011000000000010011110111;
	2211 :	010111111111110010101000;
	2210 :	010111111111010001010111;
	2209 :	010111111110110000000101;
	2208 :	010111111110001110110011;
	2207 :	010111111101101101011111;
	2206 :	010111111101001100001011;
	2205 :	010111111100101010110110;
	2204 :	010111111100001001011111;
	2203 :	010111111011101000001000;
	2202 :	010111111011000110110000;
	2201 :	010111111010100101010111;
	2200 :	010111111010000011111101;
	2199 :	010111111001100010100011;
	2198 :	010111111001000001000111;
	2197 :	010111111000011111101010;
	2196 :	010111110111111110001101;
	2195 :	010111110111011100101110;
	2194 :	010111110110111011001111;
	2193 :	010111110110011001101110;
	2192 :	010111110101111000001101;
	2191 :	010111110101010110101011;
	2190 :	010111110100110101001000;
	2189 :	010111110100010011100100;
	2188 :	010111110011110001111111;
	2187 :	010111110011010000011001;
	2186 :	010111110010101110110010;
	2185 :	010111110010001101001010;
	2184 :	010111110001101011100010;
	2183 :	010111110001001001111000;
	2182 :	010111110000101000001110;
	2181 :	010111110000000110100010;
	2180 :	010111101111100100110110;
	2179 :	010111101111000011001001;
	2178 :	010111101110100001011011;
	2177 :	010111101101111111101100;
	2176 :	010111101101011101111100;
	2175 :	010111101100111100001011;
	2174 :	010111101100011010011001;
	2173 :	010111101011111000100110;
	2172 :	010111101011010110110011;
	2171 :	010111101010110100111110;
	2170 :	010111101010010011001001;
	2169 :	010111101001110001010011;
	2168 :	010111101001001111011011;
	2167 :	010111101000101101100011;
	2166 :	010111101000001011101010;
	2165 :	010111100111101001110000;
	2164 :	010111100111000111110101;
	2163 :	010111100110100101111001;
	2162 :	010111100110000011111101;
	2161 :	010111100101100001111111;
	2160 :	010111100101000000000001;
	2159 :	010111100100011110000001;
	2158 :	010111100011111100000001;
	2157 :	010111100011011010000000;
	2156 :	010111100010110111111101;
	2155 :	010111100010010101111010;
	2154 :	010111100001110011110110;
	2153 :	010111100001010001110001;
	2152 :	010111100000101111101100;
	2151 :	010111100000001101100101;
	2150 :	010111011111101011011101;
	2149 :	010111011111001001010101;
	2148 :	010111011110100111001011;
	2147 :	010111011110000101000001;
	2146 :	010111011101100010110110;
	2145 :	010111011101000000101010;
	2144 :	010111011100011110011101;
	2143 :	010111011011111100001111;
	2142 :	010111011011011010000000;
	2141 :	010111011010110111110000;
	2140 :	010111011010010101100000;
	2139 :	010111011001110011001110;
	2138 :	010111011001010000111100;
	2137 :	010111011000101110101000;
	2136 :	010111011000001100010100;
	2135 :	010111010111101001111111;
	2134 :	010111010111000111101001;
	2133 :	010111010110100101010010;
	2132 :	010111010110000010111010;
	2131 :	010111010101100000100001;
	2130 :	010111010100111110001000;
	2129 :	010111010100011011101101;
	2128 :	010111010011111001010001;
	2127 :	010111010011010110110101;
	2126 :	010111010010110100011000;
	2125 :	010111010010010001111010;
	2124 :	010111010001101111011011;
	2123 :	010111010001001100111011;
	2122 :	010111010000101010011010;
	2121 :	010111010000000111111000;
	2120 :	010111001111100101010101;
	2119 :	010111001111000010110010;
	2118 :	010111001110100000001110;
	2117 :	010111001101111101101000;
	2116 :	010111001101011011000010;
	2115 :	010111001100111000011011;
	2114 :	010111001100010101110011;
	2113 :	010111001011110011001010;
	2112 :	010111001011010000100000;
	2111 :	010111001010101101110101;
	2110 :	010111001010001011001010;
	2109 :	010111001001101000011101;
	2108 :	010111001001000101110000;
	2107 :	010111001000100011000010;
	2106 :	010111001000000000010011;
	2105 :	010111000111011101100011;
	2104 :	010111000110111010110010;
	2103 :	010111000110011000000000;
	2102 :	010111000101110101001101;
	2101 :	010111000101010010011001;
	2100 :	010111000100101111100101;
	2099 :	010111000100001100110000;
	2098 :	010111000011101001111001;
	2097 :	010111000011000111000010;
	2096 :	010111000010100100001010;
	2095 :	010111000010000001010001;
	2094 :	010111000001011110010111;
	2093 :	010111000000111011011101;
	2092 :	010111000000011000100001;
	2091 :	010110111111110101100100;
	2090 :	010110111111010010100111;
	2089 :	010110111110101111101001;
	2088 :	010110111110001100101010;
	2087 :	010110111101101001101010;
	2086 :	010110111101000110101001;
	2085 :	010110111100100011100111;
	2084 :	010110111100000000100100;
	2083 :	010110111011011101100001;
	2082 :	010110111010111010011100;
	2081 :	010110111010010111010111;
	2080 :	010110111001110100010001;
	2079 :	010110111001010001001001;
	2078 :	010110111000101110000010;
	2077 :	010110111000001010111001;
	2076 :	010110110111100111101111;
	2075 :	010110110111000100100100;
	2074 :	010110110110100001011001;
	2073 :	010110110101111110001100;
	2072 :	010110110101011010111111;
	2071 :	010110110100110111110001;
	2070 :	010110110100010100100010;
	2069 :	010110110011110001010010;
	2068 :	010110110011001110000001;
	2067 :	010110110010101010101111;
	2066 :	010110110010000111011101;
	2065 :	010110110001100100001001;
	2064 :	010110110001000000110101;
	2063 :	010110110000011101100000;
	2062 :	010110101111111010001010;
	2061 :	010110101111010110110011;
	2060 :	010110101110110011011011;
	2059 :	010110101110010000000010;
	2058 :	010110101101101100101001;
	2057 :	010110101101001001001110;
	2056 :	010110101100100101110011;
	2055 :	010110101100000010010111;
	2054 :	010110101011011110111010;
	2053 :	010110101010111011011100;
	2052 :	010110101010010111111101;
	2051 :	010110101001110100011101;
	2050 :	010110101001010000111101;
	2049 :	010110101000101101011011;
	2048 :	010110101000001001111001;
	2047 :	010110100111100110010110;
	2046 :	010110100111000010110010;
	2045 :	010110100110011111001101;
	2044 :	010110100101111011100111;
	2043 :	010110100101011000000000;
	2042 :	010110100100110100011001;
	2041 :	010110100100010000110000;
	2040 :	010110100011101101000111;
	2039 :	010110100011001001011101;
	2038 :	010110100010100101110010;
	2037 :	010110100010000010000110;
	2036 :	010110100001011110011001;
	2035 :	010110100000111010101011;
	2034 :	010110100000010110111101;
	2033 :	010110011111110011001110;
	2032 :	010110011111001111011101;
	2031 :	010110011110101011101100;
	2030 :	010110011110000111111010;
	2029 :	010110011101100100000111;
	2028 :	010110011101000000010100;
	2027 :	010110011100011100011111;
	2026 :	010110011011111000101010;
	2025 :	010110011011010100110011;
	2024 :	010110011010110000111100;
	2023 :	010110011010001101000100;
	2022 :	010110011001101001001011;
	2021 :	010110011001000101010010;
	2020 :	010110011000100001010111;
	2019 :	010110010111111101011100;
	2018 :	010110010111011001011111;
	2017 :	010110010110110101100010;
	2016 :	010110010110010001100100;
	2015 :	010110010101101101100101;
	2014 :	010110010101001001100101;
	2013 :	010110010100100101100101;
	2012 :	010110010100000001100011;
	2011 :	010110010011011101100001;
	2010 :	010110010010111001011101;
	2009 :	010110010010010101011001;
	2008 :	010110010001110001010100;
	2007 :	010110010001001101001111;
	2006 :	010110010000101001001000;
	2005 :	010110010000000101000000;
	2004 :	010110001111100000111000;
	2003 :	010110001110111100101111;
	2002 :	010110001110011000100101;
	2001 :	010110001101110100011010;
	2000 :	010110001101010000001110;
	1999 :	010110001100101100000001;
	1998 :	010110001100000111110100;
	1997 :	010110001011100011100101;
	1996 :	010110001010111111010110;
	1995 :	010110001010011011000110;
	1994 :	010110001001110110110101;
	1993 :	010110001001010010100011;
	1992 :	010110001000101110010001;
	1991 :	010110001000001001111101;
	1990 :	010110000111100101101001;
	1989 :	010110000111000001010011;
	1988 :	010110000110011100111101;
	1987 :	010110000101111000100110;
	1986 :	010110000101010100001111;
	1985 :	010110000100101111110110;
	1984 :	010110000100001011011101;
	1983 :	010110000011100111000010;
	1982 :	010110000011000010100111;
	1981 :	010110000010011110001011;
	1980 :	010110000001111001101110;
	1979 :	010110000001010101010001;
	1978 :	010110000000110000110010;
	1977 :	010110000000001100010011;
	1976 :	010101111111100111110010;
	1975 :	010101111111000011010001;
	1974 :	010101111110011110101111;
	1973 :	010101111101111010001100;
	1972 :	010101111101010101101001;
	1971 :	010101111100110001000100;
	1970 :	010101111100001100011111;
	1969 :	010101111011100111111001;
	1968 :	010101111011000011010010;
	1967 :	010101111010011110101010;
	1966 :	010101111001111010000001;
	1965 :	010101111001010101010111;
	1964 :	010101111000110000101101;
	1963 :	010101111000001100000010;
	1962 :	010101110111100111010110;
	1961 :	010101110111000010101001;
	1960 :	010101110110011101111011;
	1959 :	010101110101111001001100;
	1958 :	010101110101010100011101;
	1957 :	010101110100101111101101;
	1956 :	010101110100001010111011;
	1955 :	010101110011100110001001;
	1954 :	010101110011000001010110;
	1953 :	010101110010011100100011;
	1952 :	010101110001110111101110;
	1951 :	010101110001010010111001;
	1950 :	010101110000101110000011;
	1949 :	010101110000001001001100;
	1948 :	010101101111100100010100;
	1947 :	010101101110111111011011;
	1946 :	010101101110011010100010;
	1945 :	010101101101110101100111;
	1944 :	010101101101010000101100;
	1943 :	010101101100101011110000;
	1942 :	010101101100000110110011;
	1941 :	010101101011100001110101;
	1940 :	010101101010111100110111;
	1939 :	010101101010010111110111;
	1938 :	010101101001110010110111;
	1937 :	010101101001001101110110;
	1936 :	010101101000101000110100;
	1935 :	010101101000000011110001;
	1934 :	010101100111011110101110;
	1933 :	010101100110111001101001;
	1932 :	010101100110010100100100;
	1931 :	010101100101101111011110;
	1930 :	010101100101001010010111;
	1929 :	010101100100100101001111;
	1928 :	010101100100000000000111;
	1927 :	010101100011011010111101;
	1926 :	010101100010110101110011;
	1925 :	010101100010010000101000;
	1924 :	010101100001101011011100;
	1923 :	010101100001000110001111;
	1922 :	010101100000100001000010;
	1921 :	010101011111111011110011;
	1920 :	010101011111010110100100;
	1919 :	010101011110110001010100;
	1918 :	010101011110001100000011;
	1917 :	010101011101100110110010;
	1916 :	010101011101000001011111;
	1915 :	010101011100011100001100;
	1914 :	010101011011110110110111;
	1913 :	010101011011010001100010;
	1912 :	010101011010101100001101;
	1911 :	010101011010000110110110;
	1910 :	010101011001100001011110;
	1909 :	010101011000111100000110;
	1908 :	010101011000010110101101;
	1907 :	010101010111110001010011;
	1906 :	010101010111001011111000;
	1905 :	010101010110100110011101;
	1904 :	010101010110000001000000;
	1903 :	010101010101011011100011;
	1902 :	010101010100110110000101;
	1901 :	010101010100010000100110;
	1900 :	010101010011101011000110;
	1899 :	010101010011000101100110;
	1898 :	010101010010100000000100;
	1897 :	010101010001111010100010;
	1896 :	010101010001010100111111;
	1895 :	010101010000101111011011;
	1894 :	010101010000001001110111;
	1893 :	010101001111100100010001;
	1892 :	010101001110111110101011;
	1891 :	010101001110011001000100;
	1890 :	010101001101110011011100;
	1889 :	010101001101001101110011;
	1888 :	010101001100101000001010;
	1887 :	010101001100000010011111;
	1886 :	010101001011011100110100;
	1885 :	010101001010110111001000;
	1884 :	010101001010010001011011;
	1883 :	010101001001101011101110;
	1882 :	010101001001000101111111;
	1881 :	010101001000100000010000;
	1880 :	010101000111111010100000;
	1879 :	010101000111010100101111;
	1878 :	010101000110101110111101;
	1877 :	010101000110001001001011;
	1876 :	010101000101100011010111;
	1875 :	010101000100111101100011;
	1874 :	010101000100010111101110;
	1873 :	010101000011110001111000;
	1872 :	010101000011001100000010;
	1871 :	010101000010100110001010;
	1870 :	010101000010000000010010;
	1869 :	010101000001011010011001;
	1868 :	010101000000110100011111;
	1867 :	010101000000001110100101;
	1866 :	010100111111101000101001;
	1865 :	010100111111000010101101;
	1864 :	010100111110011100110000;
	1863 :	010100111101110110110010;
	1862 :	010100111101010000110011;
	1861 :	010100111100101010110100;
	1860 :	010100111100000100110100;
	1859 :	010100111011011110110010;
	1858 :	010100111010111000110001;
	1857 :	010100111010010010101110;
	1856 :	010100111001101100101010;
	1855 :	010100111001000110100110;
	1854 :	010100111000100000100001;
	1853 :	010100110111111010011011;
	1852 :	010100110111010100010100;
	1851 :	010100110110101110001101;
	1850 :	010100110110001000000100;
	1849 :	010100110101100001111011;
	1848 :	010100110100111011110001;
	1847 :	010100110100010101100110;
	1846 :	010100110011101111011011;
	1845 :	010100110011001001001110;
	1844 :	010100110010100011000001;
	1843 :	010100110001111100110011;
	1842 :	010100110001010110100100;
	1841 :	010100110000110000010101;
	1840 :	010100110000001010000100;
	1839 :	010100101111100011110011;
	1838 :	010100101110111101100001;
	1837 :	010100101110010111001111;
	1836 :	010100101101110000111011;
	1835 :	010100101101001010100111;
	1834 :	010100101100100100010001;
	1833 :	010100101011111101111011;
	1832 :	010100101011010111100101;
	1831 :	010100101010110001001101;
	1830 :	010100101010001010110101;
	1829 :	010100101001100100011100;
	1828 :	010100101000111110000010;
	1827 :	010100101000010111100111;
	1826 :	010100100111110001001011;
	1825 :	010100100111001010101111;
	1824 :	010100100110100100010010;
	1823 :	010100100101111101110100;
	1822 :	010100100101010111010101;
	1821 :	010100100100110000110110;
	1820 :	010100100100001010010101;
	1819 :	010100100011100011110100;
	1818 :	010100100010111101010010;
	1817 :	010100100010010110110000;
	1816 :	010100100001110000001100;
	1815 :	010100100001001001101000;
	1814 :	010100100000100011000011;
	1813 :	010100011111111100011101;
	1812 :	010100011111010101110110;
	1811 :	010100011110101111001111;
	1810 :	010100011110001000100111;
	1809 :	010100011101100001111110;
	1808 :	010100011100111011010100;
	1807 :	010100011100010100101001;
	1806 :	010100011011101101111110;
	1805 :	010100011011000111010010;
	1804 :	010100011010100000100101;
	1803 :	010100011001111001110111;
	1802 :	010100011001010011001000;
	1801 :	010100011000101100011001;
	1800 :	010100011000000101101001;
	1799 :	010100010111011110111000;
	1798 :	010100010110111000000110;
	1797 :	010100010110010001010100;
	1796 :	010100010101101010100001;
	1795 :	010100010101000011101101;
	1794 :	010100010100011100111000;
	1793 :	010100010011110110000010;
	1792 :	010100010011001111001100;
	1791 :	010100010010101000010101;
	1790 :	010100010010000001011101;
	1789 :	010100010001011010100100;
	1788 :	010100010000110011101011;
	1787 :	010100010000001100110000;
	1786 :	010100001111100101110101;
	1785 :	010100001110111110111001;
	1784 :	010100001110010111111101;
	1783 :	010100001101110000111111;
	1782 :	010100001101001010000001;
	1781 :	010100001100100011000010;
	1780 :	010100001011111100000010;
	1779 :	010100001011010101000010;
	1778 :	010100001010101110000001;
	1777 :	010100001010000110111111;
	1776 :	010100001001011111111100;
	1775 :	010100001000111000111000;
	1774 :	010100001000010001110100;
	1773 :	010100000111101010101111;
	1772 :	010100000111000011101001;
	1771 :	010100000110011100100010;
	1770 :	010100000101110101011010;
	1769 :	010100000101001110010010;
	1768 :	010100000100100111001001;
	1767 :	010100000011111111111111;
	1766 :	010100000011011000110101;
	1765 :	010100000010110001101001;
	1764 :	010100000010001010011101;
	1763 :	010100000001100011010000;
	1762 :	010100000000111100000010;
	1761 :	010100000000010100110100;
	1760 :	010011111111101101100101;
	1759 :	010011111111000110010101;
	1758 :	010011111110011111000100;
	1757 :	010011111101110111110010;
	1756 :	010011111101010000100000;
	1755 :	010011111100101001001101;
	1754 :	010011111100000001111001;
	1753 :	010011111011011010100100;
	1752 :	010011111010110011001111;
	1751 :	010011111010001011111001;
	1750 :	010011111001100100100010;
	1749 :	010011111000111101001010;
	1748 :	010011111000010101110010;
	1747 :	010011110111101110011001;
	1746 :	010011110111000110111111;
	1745 :	010011110110011111100100;
	1744 :	010011110101111000001000;
	1743 :	010011110101010000101100;
	1742 :	010011110100101001001111;
	1741 :	010011110100000001110001;
	1740 :	010011110011011010010011;
	1739 :	010011110010110010110011;
	1738 :	010011110010001011010011;
	1737 :	010011110001100011110010;
	1736 :	010011110000111100010001;
	1735 :	010011110000010100101110;
	1734 :	010011101111101101001011;
	1733 :	010011101111000101100111;
	1732 :	010011101110011110000010;
	1731 :	010011101101110110011101;
	1730 :	010011101101001110110111;
	1729 :	010011101100100111010000;
	1728 :	010011101011111111101000;
	1727 :	010011101011011000000000;
	1726 :	010011101010110000010110;
	1725 :	010011101010001000101100;
	1724 :	010011101001100001000010;
	1723 :	010011101000111001010110;
	1722 :	010011101000010001101010;
	1721 :	010011100111101001111101;
	1720 :	010011100111000010001111;
	1719 :	010011100110011010100000;
	1718 :	010011100101110010110001;
	1717 :	010011100101001011000001;
	1716 :	010011100100100011010000;
	1715 :	010011100011111011011111;
	1714 :	010011100011010011101100;
	1713 :	010011100010101011111001;
	1712 :	010011100010000100000101;
	1711 :	010011100001011100010001;
	1710 :	010011100000110100011100;
	1709 :	010011100000001100100101;
	1708 :	010011011111100100101111;
	1707 :	010011011110111100110111;
	1706 :	010011011110010100111111;
	1705 :	010011011101101101000110;
	1704 :	010011011101000101001100;
	1703 :	010011011100011101010001;
	1702 :	010011011011110101010110;
	1701 :	010011011011001101011010;
	1700 :	010011011010100101011101;
	1699 :	010011011001111101011111;
	1698 :	010011011001010101100001;
	1697 :	010011011000101101100010;
	1696 :	010011011000000101100010;
	1695 :	010011010111011101100010;
	1694 :	010011010110110101100000;
	1693 :	010011010110001101011110;
	1692 :	010011010101100101011011;
	1691 :	010011010100111101011000;
	1690 :	010011010100010101010100;
	1689 :	010011010011101101001110;
	1688 :	010011010011000101001001;
	1687 :	010011010010011101000010;
	1686 :	010011010001110100111011;
	1685 :	010011010001001100110011;
	1684 :	010011010000100100101010;
	1683 :	010011001111111100100001;
	1682 :	010011001111010100010110;
	1681 :	010011001110101100001011;
	1680 :	010011001110000100000000;
	1679 :	010011001101011011110011;
	1678 :	010011001100110011100110;
	1677 :	010011001100001011011000;
	1676 :	010011001011100011001001;
	1675 :	010011001010111010111010;
	1674 :	010011001010010010101010;
	1673 :	010011001001101010011001;
	1672 :	010011001001000010000111;
	1671 :	010011001000011001110101;
	1670 :	010011000111110001100010;
	1669 :	010011000111001001001110;
	1668 :	010011000110100000111001;
	1667 :	010011000101111000100100;
	1666 :	010011000101010000001110;
	1665 :	010011000100100111110111;
	1664 :	010011000011111111011111;
	1663 :	010011000011010111000111;
	1662 :	010011000010101110101110;
	1661 :	010011000010000110010100;
	1660 :	010011000001011101111010;
	1659 :	010011000000110101011111;
	1658 :	010011000000001101000011;
	1657 :	010010111111100100100110;
	1656 :	010010111110111100001001;
	1655 :	010010111110010011101010;
	1654 :	010010111101101011001100;
	1653 :	010010111101000010101100;
	1652 :	010010111100011010001100;
	1651 :	010010111011110001101011;
	1650 :	010010111011001001001001;
	1649 :	010010111010100000100110;
	1648 :	010010111001111000000011;
	1647 :	010010111001001111011111;
	1646 :	010010111000100110111010;
	1645 :	010010110111111110010101;
	1644 :	010010110111010101101111;
	1643 :	010010110110101101001000;
	1642 :	010010110110000100100000;
	1641 :	010010110101011011111000;
	1640 :	010010110100110011001111;
	1639 :	010010110100001010100101;
	1638 :	010010110011100001111010;
	1637 :	010010110010111001001111;
	1636 :	010010110010010000100011;
	1635 :	010010110001100111110110;
	1634 :	010010110000111111001001;
	1633 :	010010110000010110011011;
	1632 :	010010101111101101101100;
	1631 :	010010101111000100111100;
	1630 :	010010101110011100001100;
	1629 :	010010101101110011011011;
	1628 :	010010101101001010101001;
	1627 :	010010101100100001110111;
	1626 :	010010101011111001000100;
	1625 :	010010101011010000010000;
	1624 :	010010101010100111011011;
	1623 :	010010101001111110100110;
	1622 :	010010101001010101110000;
	1621 :	010010101000101100111001;
	1620 :	010010101000000100000001;
	1619 :	010010100111011011001001;
	1618 :	010010100110110010010000;
	1617 :	010010100110001001010110;
	1616 :	010010100101100000011100;
	1615 :	010010100100110111100001;
	1614 :	010010100100001110100101;
	1613 :	010010100011100101101001;
	1612 :	010010100010111100101011;
	1611 :	010010100010010011101101;
	1610 :	010010100001101010101111;
	1609 :	010010100001000001101111;
	1608 :	010010100000011000101111;
	1607 :	010010011111101111101110;
	1606 :	010010011111000110101101;
	1605 :	010010011110011101101011;
	1604 :	010010011101110100101000;
	1603 :	010010011101001011100100;
	1602 :	010010011100100010100000;
	1601 :	010010011011111001011010;
	1600 :	010010011011010000010101;
	1599 :	010010011010100111001110;
	1598 :	010010011001111110000111;
	1597 :	010010011001010100111111;
	1596 :	010010011000101011110110;
	1595 :	010010011000000010101101;
	1594 :	010010010111011001100011;
	1593 :	010010010110110000011000;
	1592 :	010010010110000111001101;
	1591 :	010010010101011110000000;
	1590 :	010010010100110100110100;
	1589 :	010010010100001011100110;
	1588 :	010010010011100010011000;
	1587 :	010010010010111001001001;
	1586 :	010010010010001111111001;
	1585 :	010010010001100110101000;
	1584 :	010010010000111101010111;
	1583 :	010010010000010100000110;
	1582 :	010010001111101010110011;
	1581 :	010010001111000001100000;
	1580 :	010010001110011000001100;
	1579 :	010010001101101110110111;
	1578 :	010010001101000101100010;
	1577 :	010010001100011100001100;
	1576 :	010010001011110010110101;
	1575 :	010010001011001001011110;
	1574 :	010010001010100000000101;
	1573 :	010010001001110110101101;
	1572 :	010010001001001101010011;
	1571 :	010010001000100011111001;
	1570 :	010010000111111010011110;
	1569 :	010010000111010001000010;
	1568 :	010010000110100111100110;
	1567 :	010010000101111110001001;
	1566 :	010010000101010100101011;
	1565 :	010010000100101011001101;
	1564 :	010010000100000001101101;
	1563 :	010010000011011000001110;
	1562 :	010010000010101110101101;
	1561 :	010010000010000101001100;
	1560 :	010010000001011011101010;
	1559 :	010010000000110010000111;
	1558 :	010010000000001000100100;
	1557 :	010001111111011111000000;
	1556 :	010001111110110101011011;
	1555 :	010001111110001011110110;
	1554 :	010001111101100010010000;
	1553 :	010001111100111000101001;
	1552 :	010001111100001111000010;
	1551 :	010001111011100101011001;
	1550 :	010001111010111011110001;
	1549 :	010001111010010010000111;
	1548 :	010001111001101000011101;
	1547 :	010001111000111110110010;
	1546 :	010001111000010101000110;
	1545 :	010001110111101011011010;
	1544 :	010001110111000001101101;
	1543 :	010001110110010111111111;
	1542 :	010001110101101110010001;
	1541 :	010001110101000100100010;
	1540 :	010001110100011010110010;
	1539 :	010001110011110001000010;
	1538 :	010001110011000111010001;
	1537 :	010001110010011101011111;
	1536 :	010001110001110011101100;
	1535 :	010001110001001001111001;
	1534 :	010001110000100000000101;
	1533 :	010001101111110110010001;
	1532 :	010001101111001100011100;
	1531 :	010001101110100010100110;
	1530 :	010001101101111000101111;
	1529 :	010001101101001110111000;
	1528 :	010001101100100101000000;
	1527 :	010001101011111011000111;
	1526 :	010001101011010001001110;
	1525 :	010001101010100111010100;
	1524 :	010001101001111101011001;
	1523 :	010001101001010011011110;
	1522 :	010001101000101001100010;
	1521 :	010001100111111111100101;
	1520 :	010001100111010101101000;
	1519 :	010001100110101011101010;
	1518 :	010001100110000001101011;
	1517 :	010001100101010111101011;
	1516 :	010001100100101101101011;
	1515 :	010001100100000011101010;
	1514 :	010001100011011001101001;
	1513 :	010001100010101111100111;
	1512 :	010001100010000101100100;
	1511 :	010001100001011011100000;
	1510 :	010001100000110001011100;
	1509 :	010001100000000111010111;
	1508 :	010001011111011101010010;
	1507 :	010001011110110011001100;
	1506 :	010001011110001001000101;
	1505 :	010001011101011110111101;
	1504 :	010001011100110100110101;
	1503 :	010001011100001010101100;
	1502 :	010001011011100000100011;
	1501 :	010001011010110110011000;
	1500 :	010001011010001100001101;
	1499 :	010001011001100010000010;
	1498 :	010001011000110111110110;
	1497 :	010001011000001101101001;
	1496 :	010001010111100011011011;
	1495 :	010001010110111001001101;
	1494 :	010001010110001110111110;
	1493 :	010001010101100100101110;
	1492 :	010001010100111010011110;
	1491 :	010001010100010000001101;
	1490 :	010001010011100101111011;
	1489 :	010001010010111011101001;
	1488 :	010001010010010001010110;
	1487 :	010001010001100111000011;
	1486 :	010001010000111100101110;
	1485 :	010001010000010010011001;
	1484 :	010001001111101000000100;
	1483 :	010001001110111101101110;
	1482 :	010001001110010011010111;
	1481 :	010001001101101000111111;
	1480 :	010001001100111110100111;
	1479 :	010001001100010100001110;
	1478 :	010001001011101001110100;
	1477 :	010001001010111111011010;
	1476 :	010001001010010100111111;
	1475 :	010001001001101010100011;
	1474 :	010001001001000000000111;
	1473 :	010001001000010101101010;
	1472 :	010001000111101011001101;
	1471 :	010001000111000000101111;
	1470 :	010001000110010110010000;
	1469 :	010001000101101011110000;
	1468 :	010001000101000001010000;
	1467 :	010001000100010110101111;
	1466 :	010001000011101100001110;
	1465 :	010001000011000001101011;
	1464 :	010001000010010111001001;
	1463 :	010001000001101100100101;
	1462 :	010001000001000010000001;
	1461 :	010001000000010111011100;
	1460 :	010000111111101100110111;
	1459 :	010000111111000010010001;
	1458 :	010000111110010111101010;
	1457 :	010000111101101101000010;
	1456 :	010000111101000010011010;
	1455 :	010000111100010111110010;
	1454 :	010000111011101101001000;
	1453 :	010000111011000010011110;
	1452 :	010000111010010111110100;
	1451 :	010000111001101101001000;
	1450 :	010000111001000010011100;
	1449 :	010000111000010111110000;
	1448 :	010000110111101101000010;
	1447 :	010000110111000010010100;
	1446 :	010000110110010111100110;
	1445 :	010000110101101100110111;
	1444 :	010000110101000010000111;
	1443 :	010000110100010111010110;
	1442 :	010000110011101100100101;
	1441 :	010000110011000001110011;
	1440 :	010000110010010111000001;
	1439 :	010000110001101100001110;
	1438 :	010000110001000001011010;
	1437 :	010000110000010110100101;
	1436 :	010000101111101011110000;
	1435 :	010000101111000000111011;
	1434 :	010000101110010110000100;
	1433 :	010000101101101011001101;
	1432 :	010000101101000000010110;
	1431 :	010000101100010101011101;
	1430 :	010000101011101010100100;
	1429 :	010000101010111111101011;
	1428 :	010000101010010100110001;
	1427 :	010000101001101001110110;
	1426 :	010000101000111110111010;
	1425 :	010000101000010011111110;
	1424 :	010000100111101001000001;
	1423 :	010000100110111110000100;
	1422 :	010000100110010011000110;
	1421 :	010000100101101000000111;
	1420 :	010000100100111101001000;
	1419 :	010000100100010010001000;
	1418 :	010000100011100111000111;
	1417 :	010000100010111100000110;
	1416 :	010000100010010001000100;
	1415 :	010000100001100110000001;
	1414 :	010000100000111010111110;
	1413 :	010000100000001111111010;
	1412 :	010000011111100100110110;
	1411 :	010000011110111001110001;
	1410 :	010000011110001110101011;
	1409 :	010000011101100011100101;
	1408 :	010000011100111000011110;
	1407 :	010000011100001101010110;
	1406 :	010000011011100010001110;
	1405 :	010000011010110111000101;
	1404 :	010000011010001011111100;
	1403 :	010000011001100000110001;
	1402 :	010000011000110101100111;
	1401 :	010000011000001010011011;
	1400 :	010000010111011111001111;
	1399 :	010000010110110100000010;
	1398 :	010000010110001000110101;
	1397 :	010000010101011101100111;
	1396 :	010000010100110010011001;
	1395 :	010000010100000111001001;
	1394 :	010000010011011011111010;
	1393 :	010000010010110000101001;
	1392 :	010000010010000101011000;
	1391 :	010000010001011010000110;
	1390 :	010000010000101110110100;
	1389 :	010000010000000011100001;
	1388 :	010000001111011000001101;
	1387 :	010000001110101100111001;
	1386 :	010000001110000001100100;
	1385 :	010000001101010110001111;
	1384 :	010000001100101010111001;
	1383 :	010000001011111111100010;
	1382 :	010000001011010100001011;
	1381 :	010000001010101000110011;
	1380 :	010000001001111101011010;
	1379 :	010000001001010010000001;
	1378 :	010000001000100110100111;
	1377 :	010000000111111011001101;
	1376 :	010000000111001111110010;
	1375 :	010000000110100100010110;
	1374 :	010000000101111000111010;
	1373 :	010000000101001101011101;
	1372 :	010000000100100001111111;
	1371 :	010000000011110110100001;
	1370 :	010000000011001011000010;
	1369 :	010000000010011111100011;
	1368 :	010000000001110100000011;
	1367 :	010000000001001000100010;
	1366 :	010000000000011101000001;
	1365 :	001111111111110001011111;
	1364 :	001111111111000101111100;
	1363 :	001111111110011010011001;
	1362 :	001111111101101110110101;
	1361 :	001111111101000011010001;
	1360 :	001111111100010111101100;
	1359 :	001111111011101100000111;
	1358 :	001111111011000000100000;
	1357 :	001111111010010100111001;
	1356 :	001111111001101001010010;
	1355 :	001111111000111101101010;
	1354 :	001111111000010010000001;
	1353 :	001111110111100110011000;
	1352 :	001111110110111010101110;
	1351 :	001111110110001111000100;
	1350 :	001111110101100011011001;
	1349 :	001111110100110111101101;
	1348 :	001111110100001100000001;
	1347 :	001111110011100000010100;
	1346 :	001111110010110100100110;
	1345 :	001111110010001000111000;
	1344 :	001111110001011101001001;
	1343 :	001111110000110001011010;
	1342 :	001111110000000101101010;
	1341 :	001111101111011001111001;
	1340 :	001111101110101110001000;
	1339 :	001111101110000010010110;
	1338 :	001111101101010110100100;
	1337 :	001111101100101010110001;
	1336 :	001111101011111110111101;
	1335 :	001111101011010011001001;
	1334 :	001111101010100111010100;
	1333 :	001111101001111011011111;
	1332 :	001111101001001111101001;
	1331 :	001111101000100011110010;
	1330 :	001111100111110111111011;
	1329 :	001111100111001100000011;
	1328 :	001111100110100000001011;
	1327 :	001111100101110100010010;
	1326 :	001111100101001000011000;
	1325 :	001111100100011100011110;
	1324 :	001111100011110000100011;
	1323 :	001111100011000100100111;
	1322 :	001111100010011000101011;
	1321 :	001111100001101100101111;
	1320 :	001111100001000000110010;
	1319 :	001111100000010100110100;
	1318 :	001111011111101000110101;
	1317 :	001111011110111100110110;
	1316 :	001111011110010000110111;
	1315 :	001111011101100100110110;
	1314 :	001111011100111000110110;
	1313 :	001111011100001100110100;
	1312 :	001111011011100000110010;
	1311 :	001111011010110100110000;
	1310 :	001111011010001000101100;
	1309 :	001111011001011100101001;
	1308 :	001111011000110000100100;
	1307 :	001111011000000100011111;
	1306 :	001111010111011000011010;
	1305 :	001111010110101100010011;
	1304 :	001111010110000000001101;
	1303 :	001111010101010100000101;
	1302 :	001111010100100111111101;
	1301 :	001111010011111011110101;
	1300 :	001111010011001111101100;
	1299 :	001111010010100011100010;
	1298 :	001111010001110111011000;
	1297 :	001111010001001011001101;
	1296 :	001111010000011111000001;
	1295 :	001111001111110010110101;
	1294 :	001111001111000110101001;
	1293 :	001111001110011010011011;
	1292 :	001111001101101110001110;
	1291 :	001111001101000001111111;
	1290 :	001111001100010101110000;
	1289 :	001111001011101001100001;
	1288 :	001111001010111101010000;
	1287 :	001111001010010001000000;
	1286 :	001111001001100100101110;
	1285 :	001111001000111000011100;
	1284 :	001111001000001100001010;
	1283 :	001111000111011111110111;
	1282 :	001111000110110011100011;
	1281 :	001111000110000111001111;
	1280 :	001111000101011010111010;
	1279 :	001111000100101110100101;
	1278 :	001111000100000010001111;
	1277 :	001111000011010101111000;
	1276 :	001111000010101001100001;
	1275 :	001111000001111101001001;
	1274 :	001111000001010000110001;
	1273 :	001111000000100100011000;
	1272 :	001110111111110111111110;
	1271 :	001110111111001011100100;
	1270 :	001110111110011111001010;
	1269 :	001110111101110010101110;
	1268 :	001110111101000110010011;
	1267 :	001110111100011001110110;
	1266 :	001110111011101101011001;
	1265 :	001110111011000000111100;
	1264 :	001110111010010100011110;
	1263 :	001110111001100111111111;
	1262 :	001110111000111011100000;
	1261 :	001110111000001111000000;
	1260 :	001110110111100010100000;
	1259 :	001110110110110101111111;
	1258 :	001110110110001001011101;
	1257 :	001110110101011100111011;
	1256 :	001110110100110000011000;
	1255 :	001110110100000011110101;
	1254 :	001110110011010111010001;
	1253 :	001110110010101010101101;
	1252 :	001110110001111110001000;
	1251 :	001110110001010001100010;
	1250 :	001110110000100100111100;
	1249 :	001110101111111000010101;
	1248 :	001110101111001011101110;
	1247 :	001110101110011111000110;
	1246 :	001110101101110010011110;
	1245 :	001110101101000101110101;
	1244 :	001110101100011001001100;
	1243 :	001110101011101100100010;
	1242 :	001110101010111111110111;
	1241 :	001110101010010011001100;
	1240 :	001110101001100110100000;
	1239 :	001110101000111001110100;
	1238 :	001110101000001101000111;
	1237 :	001110100111100000011001;
	1236 :	001110100110110011101011;
	1235 :	001110100110000110111101;
	1234 :	001110100101011010001101;
	1233 :	001110100100101101011110;
	1232 :	001110100100000000101101;
	1231 :	001110100011010011111101;
	1230 :	001110100010100111001011;
	1229 :	001110100001111010011001;
	1228 :	001110100001001101100111;
	1227 :	001110100000100000110100;
	1226 :	001110011111110100000000;
	1225 :	001110011111000111001100;
	1224 :	001110011110011010010111;
	1223 :	001110011101101101100010;
	1222 :	001110011101000000101100;
	1221 :	001110011100010011110101;
	1220 :	001110011011100110111110;
	1219 :	001110011010111010000111;
	1218 :	001110011010001101001111;
	1217 :	001110011001100000010110;
	1216 :	001110011000110011011101;
	1215 :	001110011000000110100011;
	1214 :	001110010111011001101001;
	1213 :	001110010110101100101110;
	1212 :	001110010101111111110010;
	1211 :	001110010101010010110110;
	1210 :	001110010100100101111010;
	1209 :	001110010011111000111101;
	1208 :	001110010011001011111111;
	1207 :	001110010010011111000001;
	1206 :	001110010001110010000010;
	1205 :	001110010001000101000011;
	1204 :	001110010000011000000011;
	1203 :	001110001111101011000011;
	1202 :	001110001110111110000010;
	1201 :	001110001110010001000000;
	1200 :	001110001101100011111110;
	1199 :	001110001100110110111100;
	1198 :	001110001100001001111000;
	1197 :	001110001011011100110101;
	1196 :	001110001010101111110000;
	1195 :	001110001010000010101100;
	1194 :	001110001001010101100110;
	1193 :	001110001000101000100001;
	1192 :	001110000111111011011010;
	1191 :	001110000111001110010011;
	1190 :	001110000110100001001100;
	1189 :	001110000101110100000100;
	1188 :	001110000101000110111011;
	1187 :	001110000100011001110010;
	1186 :	001110000011101100101000;
	1185 :	001110000010111111011110;
	1184 :	001110000010010010010011;
	1183 :	001110000001100101001000;
	1182 :	001110000000110111111100;
	1181 :	001110000000001010110000;
	1180 :	001101111111011101100011;
	1179 :	001101111110110000010101;
	1178 :	001101111110000011000111;
	1177 :	001101111101010101111001;
	1176 :	001101111100101000101010;
	1175 :	001101111011111011011010;
	1174 :	001101111011001110001010;
	1173 :	001101111010100000111001;
	1172 :	001101111001110011101000;
	1171 :	001101111001000110010110;
	1170 :	001101111000011001000100;
	1169 :	001101110111101011110001;
	1168 :	001101110110111110011110;
	1167 :	001101110110010001001010;
	1166 :	001101110101100011110110;
	1165 :	001101110100110110100001;
	1164 :	001101110100001001001011;
	1163 :	001101110011011011110101;
	1162 :	001101110010101110011110;
	1161 :	001101110010000001000111;
	1160 :	001101110001010011110000;
	1159 :	001101110000100110011000;
	1158 :	001101101111111000111111;
	1157 :	001101101111001011100110;
	1156 :	001101101110011110001100;
	1155 :	001101101101110000110010;
	1154 :	001101101101000011010111;
	1153 :	001101101100010101111100;
	1152 :	001101101011101000100000;
	1151 :	001101101010111011000011;
	1150 :	001101101010001101100110;
	1149 :	001101101001100000001001;
	1148 :	001101101000110010101011;
	1147 :	001101101000000101001100;
	1146 :	001101100111010111101101;
	1145 :	001101100110101010001110;
	1144 :	001101100101111100101110;
	1143 :	001101100101001111001101;
	1142 :	001101100100100001101100;
	1141 :	001101100011110100001010;
	1140 :	001101100011000110101000;
	1139 :	001101100010011001000110;
	1138 :	001101100001101011100010;
	1137 :	001101100000111101111111;
	1136 :	001101100000010000011010;
	1135 :	001101011111100010110110;
	1134 :	001101011110110101010000;
	1133 :	001101011110000111101011;
	1132 :	001101011101011010000100;
	1131 :	001101011100101100011101;
	1130 :	001101011011111110110110;
	1129 :	001101011011010001001110;
	1128 :	001101011010100011100110;
	1127 :	001101011001110101111101;
	1126 :	001101011001001000010011;
	1125 :	001101011000011010101001;
	1124 :	001101010111101100111111;
	1123 :	001101010110111111010100;
	1122 :	001101010110010001101000;
	1121 :	001101010101100011111100;
	1120 :	001101010100110110010000;
	1119 :	001101010100001000100011;
	1118 :	001101010011011010110101;
	1117 :	001101010010101101000111;
	1116 :	001101010001111111011001;
	1115 :	001101010001010001101010;
	1114 :	001101010000100011111010;
	1113 :	001101001111110110001010;
	1112 :	001101001111001000011001;
	1111 :	001101001110011010101000;
	1110 :	001101001101101100110110;
	1109 :	001101001100111111000100;
	1108 :	001101001100010001010010;
	1107 :	001101001011100011011110;
	1106 :	001101001010110101101011;
	1105 :	001101001010000111110111;
	1104 :	001101001001011010000010;
	1103 :	001101001000101100001101;
	1102 :	001101000111111110010111;
	1101 :	001101000111010000100001;
	1100 :	001101000110100010101010;
	1099 :	001101000101110100110011;
	1098 :	001101000101000110111011;
	1097 :	001101000100011001000011;
	1096 :	001101000011101011001010;
	1095 :	001101000010111101010001;
	1094 :	001101000010001111010111;
	1093 :	001101000001100001011101;
	1092 :	001101000000110011100010;
	1091 :	001101000000000101100111;
	1090 :	001100111111010111101011;
	1089 :	001100111110101001101111;
	1088 :	001100111101111011110010;
	1087 :	001100111101001101110101;
	1086 :	001100111100011111110111;
	1085 :	001100111011110001111001;
	1084 :	001100111011000011111010;
	1083 :	001100111010010101111011;
	1082 :	001100111001100111111011;
	1081 :	001100111000111001111011;
	1080 :	001100111000001011111010;
	1079 :	001100110111011101111001;
	1078 :	001100110110101111110111;
	1077 :	001100110110000001110101;
	1076 :	001100110101010011110010;
	1075 :	001100110100100101101111;
	1074 :	001100110011110111101011;
	1073 :	001100110011001001100111;
	1072 :	001100110010011011100010;
	1071 :	001100110001101101011101;
	1070 :	001100110000111111010111;
	1069 :	001100110000010001010001;
	1068 :	001100101111100011001011;
	1067 :	001100101110110101000011;
	1066 :	001100101110000110111100;
	1065 :	001100101101011000110100;
	1064 :	001100101100101010101011;
	1063 :	001100101011111100100010;
	1062 :	001100101011001110011000;
	1061 :	001100101010100000001110;
	1060 :	001100101001110010000100;
	1059 :	001100101001000011111001;
	1058 :	001100101000010101101101;
	1057 :	001100100111100111100001;
	1056 :	001100100110111001010100;
	1055 :	001100100110001011000111;
	1054 :	001100100101011100111010;
	1053 :	001100100100101110101100;
	1052 :	001100100100000000011101;
	1051 :	001100100011010010001110;
	1050 :	001100100010100011111111;
	1049 :	001100100001110101101111;
	1048 :	001100100001000111011111;
	1047 :	001100100000011001001110;
	1046 :	001100011111101010111100;
	1045 :	001100011110111100101010;
	1044 :	001100011110001110011000;
	1043 :	001100011101100000000101;
	1042 :	001100011100110001110010;
	1041 :	001100011100000011011110;
	1040 :	001100011011010101001010;
	1039 :	001100011010100110110101;
	1038 :	001100011001111000100000;
	1037 :	001100011001001010001010;
	1036 :	001100011000011011110100;
	1035 :	001100010111101101011101;
	1034 :	001100010110111111000110;
	1033 :	001100010110010000101111;
	1032 :	001100010101100010010111;
	1031 :	001100010100110011111110;
	1030 :	001100010100000101100101;
	1029 :	001100010011010111001100;
	1028 :	001100010010101000110010;
	1027 :	001100010001111010010111;
	1026 :	001100010001001011111100;
	1025 :	001100010000011101100001;
	1024 :	001100001111101111000101;
	1023 :	001100001111000000101001;
	1022 :	001100001110010010001100;
	1021 :	001100001101100011101110;
	1020 :	001100001100110101010001;
	1019 :	001100001100000110110010;
	1018 :	001100001011011000010100;
	1017 :	001100001010101001110101;
	1016 :	001100001001111011010101;
	1015 :	001100001001001100110101;
	1014 :	001100001000011110010100;
	1013 :	001100000111101111110011;
	1012 :	001100000111000001010010;
	1011 :	001100000110010010110000;
	1010 :	001100000101100100001101;
	1009 :	001100000100110101101010;
	1008 :	001100000100000111000111;
	1007 :	001100000011011000100011;
	1006 :	001100000010101001111111;
	1005 :	001100000001111011011010;
	1004 :	001100000001001100110101;
	1003 :	001100000000011110001111;
	1002 :	001011111111101111101001;
	1001 :	001011111111000001000010;
	1000 :	001011111110010010011011;
	999 :	001011111101100011110100;
	998 :	001011111100110101001100;
	997 :	001011111100000110100011;
	996 :	001011111011010111111010;
	995 :	001011111010101001010001;
	994 :	001011111001111010100111;
	993 :	001011111001001011111101;
	992 :	001011111000011101010010;
	991 :	001011110111101110100111;
	990 :	001011110110111111111011;
	989 :	001011110110010001001111;
	988 :	001011110101100010100010;
	987 :	001011110100110011110101;
	986 :	001011110100000101001000;
	985 :	001011110011010110011010;
	984 :	001011110010100111101011;
	983 :	001011110001111000111101;
	982 :	001011110001001010001101;
	981 :	001011110000011011011101;
	980 :	001011101111101100101101;
	979 :	001011101110111101111101;
	978 :	001011101110001111001011;
	977 :	001011101101100000011010;
	976 :	001011101100110001101000;
	975 :	001011101100000010110101;
	974 :	001011101011010100000010;
	973 :	001011101010100101001111;
	972 :	001011101001110110011011;
	971 :	001011101001000111100111;
	970 :	001011101000011000110010;
	969 :	001011100111101001111101;
	968 :	001011100110111011000111;
	967 :	001011100110001100010001;
	966 :	001011100101011101011011;
	965 :	001011100100101110100100;
	964 :	001011100011111111101100;
	963 :	001011100011010000110100;
	962 :	001011100010100001111100;
	961 :	001011100001110011000011;
	960 :	001011100001000100001010;
	959 :	001011100000010101010000;
	958 :	001011011111100110010110;
	957 :	001011011110110111011100;
	956 :	001011011110001000100001;
	955 :	001011011101011001100101;
	954 :	001011011100101010101001;
	953 :	001011011011111011101101;
	952 :	001011011011001100110000;
	951 :	001011011010011101110011;
	950 :	001011011001101110110110;
	949 :	001011011000111111111000;
	948 :	001011011000010000111001;
	947 :	001011010111100001111010;
	946 :	001011010110110010111011;
	945 :	001011010110000011111011;
	944 :	001011010101010100111011;
	943 :	001011010100100101111010;
	942 :	001011010011110110111001;
	941 :	001011010011000111110111;
	940 :	001011010010011000110101;
	939 :	001011010001101001110011;
	938 :	001011010000111010110000;
	937 :	001011010000001011101101;
	936 :	001011001111011100101001;
	935 :	001011001110101101100101;
	934 :	001011001101111110100000;
	933 :	001011001101001111011011;
	932 :	001011001100100000010110;
	931 :	001011001011110001010000;
	930 :	001011001011000010001001;
	929 :	001011001010010011000011;
	928 :	001011001001100011111011;
	927 :	001011001000110100110100;
	926 :	001011001000000101101100;
	925 :	001011000111010110100011;
	924 :	001011000110100111011010;
	923 :	001011000101111000010001;
	922 :	001011000101001001000111;
	921 :	001011000100011001111101;
	920 :	001011000011101010110010;
	919 :	001011000010111011100111;
	918 :	001011000010001100011100;
	917 :	001011000001011101010000;
	916 :	001011000000101110000100;
	915 :	001010111111111110110111;
	914 :	001010111111001111101010;
	913 :	001010111110100000011100;
	912 :	001010111101110001001110;
	911 :	001010111101000010000000;
	910 :	001010111100010010110001;
	909 :	001010111011100011100001;
	908 :	001010111010110100010010;
	907 :	001010111010000101000010;
	906 :	001010111001010101110001;
	905 :	001010111000100110100000;
	904 :	001010110111110111001111;
	903 :	001010110111000111111101;
	902 :	001010110110011000101011;
	901 :	001010110101101001011000;
	900 :	001010110100111010000101;
	899 :	001010110100001010110010;
	898 :	001010110011011011011110;
	897 :	001010110010101100001001;
	896 :	001010110001111100110101;
	895 :	001010110001001101011111;
	894 :	001010110000011110001010;
	893 :	001010101111101110110100;
	892 :	001010101110111111011110;
	891 :	001010101110010000000111;
	890 :	001010101101100000101111;
	889 :	001010101100110001011000;
	888 :	001010101100000010000000;
	887 :	001010101011010010100111;
	886 :	001010101010100011001110;
	885 :	001010101001110011110101;
	884 :	001010101001000100011100;
	883 :	001010101000010101000001;
	882 :	001010100111100101100111;
	881 :	001010100110110110001100;
	880 :	001010100110000110110001;
	879 :	001010100101010111010101;
	878 :	001010100100100111111001;
	877 :	001010100011111000011100;
	876 :	001010100011001000111111;
	875 :	001010100010011001100010;
	874 :	001010100001101010000100;
	873 :	001010100000111010100110;
	872 :	001010100000001011000111;
	871 :	001010011111011011101000;
	870 :	001010011110101100001001;
	869 :	001010011101111100101001;
	868 :	001010011101001101001001;
	867 :	001010011100011101101000;
	866 :	001010011011101110000111;
	865 :	001010011010111110100110;
	864 :	001010011010001111000100;
	863 :	001010011001011111100010;
	862 :	001010011000101111111111;
	861 :	001010011000000000011100;
	860 :	001010010111010000111001;
	859 :	001010010110100001010101;
	858 :	001010010101110001110001;
	857 :	001010010101000010001100;
	856 :	001010010100010010100111;
	855 :	001010010011100011000010;
	854 :	001010010010110011011100;
	853 :	001010010010000011110110;
	852 :	001010010001010100001111;
	851 :	001010010000100100101000;
	850 :	001010001111110101000001;
	849 :	001010001111000101011001;
	848 :	001010001110010101110001;
	847 :	001010001101100110001000;
	846 :	001010001100110110011111;
	845 :	001010001100000110110110;
	844 :	001010001011010111001100;
	843 :	001010001010100111100010;
	842 :	001010001001110111111000;
	841 :	001010001001001000001101;
	840 :	001010001000011000100001;
	839 :	001010000111101000110110;
	838 :	001010000110111001001010;
	837 :	001010000110001001011101;
	836 :	001010000101011001110000;
	835 :	001010000100101010000011;
	834 :	001010000011111010010101;
	833 :	001010000011001010100111;
	832 :	001010000010011010111001;
	831 :	001010000001101011001010;
	830 :	001010000000111011011011;
	829 :	001010000000001011101011;
	828 :	001001111111011011111011;
	827 :	001001111110101100001011;
	826 :	001001111101111100011010;
	825 :	001001111101001100101001;
	824 :	001001111100011100111000;
	823 :	001001111011101101000110;
	822 :	001001111010111101010011;
	821 :	001001111010001101100001;
	820 :	001001111001011101101110;
	819 :	001001111000101101111010;
	818 :	001001110111111110000110;
	817 :	001001110111001110010010;
	816 :	001001110110011110011110;
	815 :	001001110101101110101001;
	814 :	001001110100111110110011;
	813 :	001001110100001110111110;
	812 :	001001110011011111001000;
	811 :	001001110010101111010001;
	810 :	001001110001111111011010;
	809 :	001001110001001111100011;
	808 :	001001110000011111101011;
	807 :	001001101111101111110100;
	806 :	001001101110111111111011;
	805 :	001001101110010000000010;
	804 :	001001101101100000001001;
	803 :	001001101100110000010000;
	802 :	001001101100000000010110;
	801 :	001001101011010000011100;
	800 :	001001101010100000100001;
	799 :	001001101001110000100110;
	798 :	001001101001000000101011;
	797 :	001001101000010000101111;
	796 :	001001100111100000110011;
	795 :	001001100110110000110111;
	794 :	001001100110000000111010;
	793 :	001001100101010000111101;
	792 :	001001100100100000111111;
	791 :	001001100011110001000001;
	790 :	001001100011000001000011;
	789 :	001001100010010001000100;
	788 :	001001100001100001000101;
	787 :	001001100000110001000110;
	786 :	001001100000000001000110;
	785 :	001001011111010001000110;
	784 :	001001011110100001000101;
	783 :	001001011101110001000101;
	782 :	001001011101000001000011;
	781 :	001001011100010001000010;
	780 :	001001011011100001000000;
	779 :	001001011010110000111101;
	778 :	001001011010000000111011;
	777 :	001001011001010000111000;
	776 :	001001011000100000110100;
	775 :	001001010111110000110001;
	774 :	001001010111000000101100;
	773 :	001001010110010000101000;
	772 :	001001010101100000100011;
	771 :	001001010100110000011110;
	770 :	001001010100000000011000;
	769 :	001001010011010000010010;
	768 :	001001010010100000001100;
	767 :	001001010001110000000101;
	766 :	001001010000111111111110;
	765 :	001001010000001111110111;
	764 :	001001001111011111101111;
	763 :	001001001110101111100111;
	762 :	001001001101111111011111;
	761 :	001001001101001111010110;
	760 :	001001001100011111001101;
	759 :	001001001011101111000011;
	758 :	001001001010111110111010;
	757 :	001001001010001110101111;
	756 :	001001001001011110100101;
	755 :	001001001000101110011010;
	754 :	001001000111111110001111;
	753 :	001001000111001110000011;
	752 :	001001000110011101110111;
	751 :	001001000101101101101011;
	750 :	001001000100111101011110;
	749 :	001001000100001101010001;
	748 :	001001000011011101000100;
	747 :	001001000010101100110110;
	746 :	001001000001111100101000;
	745 :	001001000001001100011010;
	744 :	001001000000011100001011;
	743 :	001000111111101011111100;
	742 :	001000111110111011101100;
	741 :	001000111110001011011100;
	740 :	001000111101011011001100;
	739 :	001000111100101010111100;
	738 :	001000111011111010101011;
	737 :	001000111011001010011010;
	736 :	001000111010011010001000;
	735 :	001000111001101001110110;
	734 :	001000111000111001100100;
	733 :	001000111000001001010010;
	732 :	001000110111011000111111;
	731 :	001000110110101000101011;
	730 :	001000110101111000011000;
	729 :	001000110101001000000100;
	728 :	001000110100010111110000;
	727 :	001000110011100111011011;
	726 :	001000110010110111000110;
	725 :	001000110010000110110001;
	724 :	001000110001010110011011;
	723 :	001000110000100110000101;
	722 :	001000101111110101101111;
	721 :	001000101111000101011000;
	720 :	001000101110010101000001;
	719 :	001000101101100100101010;
	718 :	001000101100110100010010;
	717 :	001000101100000011111010;
	716 :	001000101011010011100010;
	715 :	001000101010100011001010;
	714 :	001000101001110010110001;
	713 :	001000101001000010010111;
	712 :	001000101000010001111110;
	711 :	001000100111100001100100;
	710 :	001000100110110001001001;
	709 :	001000100110000000101111;
	708 :	001000100101010000010100;
	707 :	001000100100011111111000;
	706 :	001000100011101111011101;
	705 :	001000100010111111000001;
	704 :	001000100010001110100101;
	703 :	001000100001011110001000;
	702 :	001000100000101101101011;
	701 :	001000011111111101001110;
	700 :	001000011111001100110000;
	699 :	001000011110011100010010;
	698 :	001000011101101011110100;
	697 :	001000011100111011010101;
	696 :	001000011100001010110110;
	695 :	001000011011011010010111;
	694 :	001000011010101001111000;
	693 :	001000011001111001011000;
	692 :	001000011001001000110111;
	691 :	001000011000011000010111;
	690 :	001000010111100111110110;
	689 :	001000010110110111010101;
	688 :	001000010110000110110011;
	687 :	001000010101010110010010;
	686 :	001000010100100101101111;
	685 :	001000010011110101001101;
	684 :	001000010011000100101010;
	683 :	001000010010010100000111;
	682 :	001000010001100011100100;
	681 :	001000010000110011000000;
	680 :	001000010000000010011100;
	679 :	001000001111010001110111;
	678 :	001000001110100001010011;
	677 :	001000001101110000101110;
	676 :	001000001101000000001000;
	675 :	001000001100001111100011;
	674 :	001000001011011110111101;
	673 :	001000001010101110010110;
	672 :	001000001001111101110000;
	671 :	001000001001001101001001;
	670 :	001000001000011100100010;
	669 :	001000000111101011111010;
	668 :	001000000110111011010010;
	667 :	001000000110001010101010;
	666 :	001000000101011010000010;
	665 :	001000000100101001011001;
	664 :	001000000011111000110000;
	663 :	001000000011001000000110;
	662 :	001000000010010111011101;
	661 :	001000000001100110110011;
	660 :	001000000000110110001000;
	659 :	001000000000000101011110;
	658 :	000111111111010100110011;
	657 :	000111111110100100000111;
	656 :	000111111101110011011100;
	655 :	000111111101000010110000;
	654 :	000111111100010010000100;
	653 :	000111111011100001010111;
	652 :	000111111010110000101010;
	651 :	000111111001111111111101;
	650 :	000111111001001111010000;
	649 :	000111111000011110100010;
	648 :	000111110111101101110100;
	647 :	000111110110111101000110;
	646 :	000111110110001100010111;
	645 :	000111110101011011101000;
	644 :	000111110100101010111001;
	643 :	000111110011111010001010;
	642 :	000111110011001001011010;
	641 :	000111110010011000101010;
	640 :	000111110001100111111001;
	639 :	000111110000110111001001;
	638 :	000111110000000110010111;
	637 :	000111101111010101100110;
	636 :	000111101110100100110101;
	635 :	000111101101110100000011;
	634 :	000111101101000011010000;
	633 :	000111101100010010011110;
	632 :	000111101011100001101011;
	631 :	000111101010110000111000;
	630 :	000111101010000000000101;
	629 :	000111101001001111010001;
	628 :	000111101000011110011101;
	627 :	000111100111101101101001;
	626 :	000111100110111100110100;
	625 :	000111100110001011111111;
	624 :	000111100101011011001010;
	623 :	000111100100101010010100;
	622 :	000111100011111001011111;
	621 :	000111100011001000101001;
	620 :	000111100010010111110010;
	619 :	000111100001100110111100;
	618 :	000111100000110110000101;
	617 :	000111100000000101001110;
	616 :	000111011111010100010110;
	615 :	000111011110100011011110;
	614 :	000111011101110010100110;
	613 :	000111011101000001101110;
	612 :	000111011100010000110101;
	611 :	000111011011011111111100;
	610 :	000111011010101111000011;
	609 :	000111011001111110001001;
	608 :	000111011001001101010000;
	607 :	000111011000011100010110;
	606 :	000111010111101011011011;
	605 :	000111010110111010100001;
	604 :	000111010110001001100110;
	603 :	000111010101011000101010;
	602 :	000111010100100111101111;
	601 :	000111010011110110110011;
	600 :	000111010011000101110111;
	599 :	000111010010010100111011;
	598 :	000111010001100011111110;
	597 :	000111010000110011000001;
	596 :	000111010000000010000100;
	595 :	000111001111010001000111;
	594 :	000111001110100000001001;
	593 :	000111001101101111001011;
	592 :	000111001100111110001100;
	591 :	000111001100001101001110;
	590 :	000111001011011100001111;
	589 :	000111001010101011010000;
	588 :	000111001001111010010000;
	587 :	000111001001001001010001;
	586 :	000111001000011000010001;
	585 :	000111000111100111010001;
	584 :	000111000110110110010000;
	583 :	000111000110000101001111;
	582 :	000111000101010100001110;
	581 :	000111000100100011001101;
	580 :	000111000011110010001011;
	579 :	000111000011000001001001;
	578 :	000111000010010000000111;
	577 :	000111000001011111000101;
	576 :	000111000000101110000010;
	575 :	000110111111111100111111;
	574 :	000110111111001011111100;
	573 :	000110111110011010111001;
	572 :	000110111101101001110101;
	571 :	000110111100111000110001;
	570 :	000110111100000111101100;
	569 :	000110111011010110101000;
	568 :	000110111010100101100011;
	567 :	000110111001110100011110;
	566 :	000110111001000011011001;
	565 :	000110111000010010010011;
	564 :	000110110111100001001101;
	563 :	000110110110110000000111;
	562 :	000110110101111111000000;
	561 :	000110110101001101111010;
	560 :	000110110100011100110011;
	559 :	000110110011101011101011;
	558 :	000110110010111010100100;
	557 :	000110110010001001011100;
	556 :	000110110001011000010100;
	555 :	000110110000100111001100;
	554 :	000110101111110110000011;
	553 :	000110101111000100111011;
	552 :	000110101110010011110010;
	551 :	000110101101100010101000;
	550 :	000110101100110001011111;
	549 :	000110101100000000010101;
	548 :	000110101011001111001011;
	547 :	000110101010011110000001;
	546 :	000110101001101100110110;
	545 :	000110101000111011101011;
	544 :	000110101000001010100000;
	543 :	000110100111011001010101;
	542 :	000110100110101000001001;
	541 :	000110100101110110111101;
	540 :	000110100101000101110001;
	539 :	000110100100010100100101;
	538 :	000110100011100011011000;
	537 :	000110100010110010001011;
	536 :	000110100010000000111110;
	535 :	000110100001001111110001;
	534 :	000110100000011110100011;
	533 :	000110011111101101010101;
	532 :	000110011110111100000111;
	531 :	000110011110001010111000;
	530 :	000110011101011001101010;
	529 :	000110011100101000011011;
	528 :	000110011011110111001100;
	527 :	000110011011000101111100;
	526 :	000110011010010100101101;
	525 :	000110011001100011011101;
	524 :	000110011000110010001101;
	523 :	000110011000000000111100;
	522 :	000110010111001111101100;
	521 :	000110010110011110011011;
	520 :	000110010101101101001010;
	519 :	000110010100111011111000;
	518 :	000110010100001010100111;
	517 :	000110010011011001010101;
	516 :	000110010010101000000011;
	515 :	000110010001110110110000;
	514 :	000110010001000101011110;
	513 :	000110010000010100001011;
	512 :	000110001111100010111000;
	511 :	000110001110110001100101;
	510 :	000110001110000000010001;
	509 :	000110001101001110111101;
	508 :	000110001100011101101001;
	507 :	000110001011101100010101;
	506 :	000110001010111011000001;
	505 :	000110001010001001101100;
	504 :	000110001001011000010111;
	503 :	000110001000100111000010;
	502 :	000110000111110101101100;
	501 :	000110000111000100010111;
	500 :	000110000110010011000001;
	499 :	000110000101100001101011;
	498 :	000110000100110000010100;
	497 :	000110000011111110111110;
	496 :	000110000011001101100111;
	495 :	000110000010011100010000;
	494 :	000110000001101010111000;
	493 :	000110000000111001100001;
	492 :	000110000000001000001001;
	491 :	000101111111010110110001;
	490 :	000101111110100101011001;
	489 :	000101111101110100000000;
	488 :	000101111101000010101000;
	487 :	000101111100010001001111;
	486 :	000101111011011111110101;
	485 :	000101111010101110011100;
	484 :	000101111001111101000010;
	483 :	000101111001001011101001;
	482 :	000101111000011010001111;
	481 :	000101110111101000110100;
	480 :	000101110110110111011010;
	479 :	000101110110000101111111;
	478 :	000101110101010100100100;
	477 :	000101110100100011001001;
	476 :	000101110011110001101101;
	475 :	000101110011000000010010;
	474 :	000101110010001110110110;
	473 :	000101110001011101011010;
	472 :	000101110000101011111101;
	471 :	000101101111111010100001;
	470 :	000101101111001001000100;
	469 :	000101101110010111100111;
	468 :	000101101101100110001010;
	467 :	000101101100110100101100;
	466 :	000101101100000011001111;
	465 :	000101101011010001110001;
	464 :	000101101010100000010011;
	463 :	000101101001101110110101;
	462 :	000101101000111101010110;
	461 :	000101101000001011110111;
	460 :	000101100111011010011000;
	459 :	000101100110101000111001;
	458 :	000101100101110111011010;
	457 :	000101100101000101111010;
	456 :	000101100100010100011010;
	455 :	000101100011100010111010;
	454 :	000101100010110001011010;
	453 :	000101100001111111111010;
	452 :	000101100001001110011001;
	451 :	000101100000011100111000;
	450 :	000101011111101011010111;
	449 :	000101011110111001110110;
	448 :	000101011110001000010100;
	447 :	000101011101010110110010;
	446 :	000101011100100101010000;
	445 :	000101011011110011101110;
	444 :	000101011011000010001100;
	443 :	000101011010010000101001;
	442 :	000101011001011111000111;
	441 :	000101011000101101100100;
	440 :	000101010111111100000000;
	439 :	000101010111001010011101;
	438 :	000101010110011000111001;
	437 :	000101010101100111010110;
	436 :	000101010100110101110001;
	435 :	000101010100000100001101;
	434 :	000101010011010010101001;
	433 :	000101010010100001000100;
	432 :	000101010001101111011111;
	431 :	000101010000111101111010;
	430 :	000101010000001100010101;
	429 :	000101001111011010110000;
	428 :	000101001110101001001010;
	427 :	000101001101110111100100;
	426 :	000101001101000101111110;
	425 :	000101001100010100011000;
	424 :	000101001011100010110001;
	423 :	000101001010110001001011;
	422 :	000101001001111111100100;
	421 :	000101001001001101111101;
	420 :	000101001000011100010110;
	419 :	000101000111101010101110;
	418 :	000101000110111001000110;
	417 :	000101000110000111011111;
	416 :	000101000101010101110111;
	415 :	000101000100100100001110;
	414 :	000101000011110010100110;
	413 :	000101000011000000111101;
	412 :	000101000010001111010100;
	411 :	000101000001011101101011;
	410 :	000101000000101100000010;
	409 :	000100111111111010011001;
	408 :	000100111111001000101111;
	407 :	000100111110010111000101;
	406 :	000100111101100101011011;
	405 :	000100111100110011110001;
	404 :	000100111100000010000111;
	403 :	000100111011010000011100;
	402 :	000100111010011110110010;
	401 :	000100111001101101000111;
	400 :	000100111000111011011100;
	399 :	000100111000001001110000;
	398 :	000100110111011000000101;
	397 :	000100110110100110011001;
	396 :	000100110101110100101101;
	395 :	000100110101000011000001;
	394 :	000100110100010001010101;
	393 :	000100110011011111101000;
	392 :	000100110010101101111100;
	391 :	000100110001111100001111;
	390 :	000100110001001010100010;
	389 :	000100110000011000110101;
	388 :	000100101111100111001000;
	387 :	000100101110110101011010;
	386 :	000100101110000011101100;
	385 :	000100101101010001111110;
	384 :	000100101100100000010000;
	383 :	000100101011101110100010;
	382 :	000100101010111100110100;
	381 :	000100101010001011000101;
	380 :	000100101001011001010110;
	379 :	000100101000100111100111;
	378 :	000100100111110101111000;
	377 :	000100100111000100001001;
	376 :	000100100110010010011001;
	375 :	000100100101100000101001;
	374 :	000100100100101110111010;
	373 :	000100100011111101001010;
	372 :	000100100011001011011001;
	371 :	000100100010011001101001;
	370 :	000100100001100111111000;
	369 :	000100100000110110001000;
	368 :	000100100000000100010111;
	367 :	000100011111010010100110;
	366 :	000100011110100000110100;
	365 :	000100011101101111000011;
	364 :	000100011100111101010001;
	363 :	000100011100001011011111;
	362 :	000100011011011001101110;
	361 :	000100011010100111111011;
	360 :	000100011001110110001001;
	359 :	000100011001000100010111;
	358 :	000100011000010010100100;
	357 :	000100010111100000110001;
	356 :	000100010110101110111110;
	355 :	000100010101111101001011;
	354 :	000100010101001011011000;
	353 :	000100010100011001100100;
	352 :	000100010011100111110001;
	351 :	000100010010110101111101;
	350 :	000100010010000100001001;
	349 :	000100010001010010010101;
	348 :	000100010000100000100000;
	347 :	000100001111101110101100;
	346 :	000100001110111100110111;
	345 :	000100001110001011000011;
	344 :	000100001101011001001110;
	343 :	000100001100100111011000;
	342 :	000100001011110101100011;
	341 :	000100001011000011101110;
	340 :	000100001010010001111000;
	339 :	000100001001100000000010;
	338 :	000100001000101110001100;
	337 :	000100000111111100010110;
	336 :	000100000111001010100000;
	335 :	000100000110011000101010;
	334 :	000100000101100110110011;
	333 :	000100000100110100111100;
	332 :	000100000100000011000110;
	331 :	000100000011010001001111;
	330 :	000100000010011111010111;
	329 :	000100000001101101100000;
	328 :	000100000000111011101001;
	327 :	000100000000001001110001;
	326 :	000011111111010111111001;
	325 :	000011111110100110000001;
	324 :	000011111101110100001001;
	323 :	000011111101000010010001;
	322 :	000011111100010000011000;
	321 :	000011111011011110100000;
	320 :	000011111010101100100111;
	319 :	000011111001111010101110;
	318 :	000011111001001000110101;
	317 :	000011111000010110111100;
	316 :	000011110111100101000011;
	315 :	000011110110110011001001;
	314 :	000011110110000001010000;
	313 :	000011110101001111010110;
	312 :	000011110100011101011100;
	311 :	000011110011101011100010;
	310 :	000011110010111001101000;
	309 :	000011110010000111101101;
	308 :	000011110001010101110011;
	307 :	000011110000100011111000;
	306 :	000011101111110001111101;
	305 :	000011101111000000000010;
	304 :	000011101110001110000111;
	303 :	000011101101011100001100;
	302 :	000011101100101010010001;
	301 :	000011101011111000010101;
	300 :	000011101011000110011010;
	299 :	000011101010010100011110;
	298 :	000011101001100010100010;
	297 :	000011101000110000100110;
	296 :	000011100111111110101010;
	295 :	000011100111001100101101;
	294 :	000011100110011010110001;
	293 :	000011100101101000110100;
	292 :	000011100100110110110111;
	291 :	000011100100000100111010;
	290 :	000011100011010010111101;
	289 :	000011100010100001000000;
	288 :	000011100001101111000011;
	287 :	000011100000111101000101;
	286 :	000011100000001011001000;
	285 :	000011011111011001001010;
	284 :	000011011110100111001100;
	283 :	000011011101110101001110;
	282 :	000011011101000011010000;
	281 :	000011011100010001010010;
	280 :	000011011011011111010011;
	279 :	000011011010101101010101;
	278 :	000011011001111011010110;
	277 :	000011011001001001010111;
	276 :	000011011000010111011000;
	275 :	000011010111100101011001;
	274 :	000011010110110011011010;
	273 :	000011010110000001011011;
	272 :	000011010101001111011011;
	271 :	000011010100011101011100;
	270 :	000011010011101011011100;
	269 :	000011010010111001011100;
	268 :	000011010010000111011100;
	267 :	000011010001010101011100;
	266 :	000011010000100011011100;
	265 :	000011001111110001011100;
	264 :	000011001110111111011011;
	263 :	000011001110001101011011;
	262 :	000011001101011011011010;
	261 :	000011001100101001011001;
	260 :	000011001011110111011000;
	259 :	000011001011000101010111;
	258 :	000011001010010011010110;
	257 :	000011001001100001010101;
	256 :	000011001000101111010011;
	255 :	000011000111111101010010;
	254 :	000011000111001011010000;
	253 :	000011000110011001001110;
	252 :	000011000101100111001100;
	251 :	000011000100110101001010;
	250 :	000011000100000011001000;
	249 :	000011000011010001000110;
	248 :	000011000010011111000011;
	247 :	000011000001101101000001;
	246 :	000011000000111010111110;
	245 :	000011000000001000111100;
	244 :	000010111111010110111001;
	243 :	000010111110100100110110;
	242 :	000010111101110010110011;
	241 :	000010111101000000101111;
	240 :	000010111100001110101100;
	239 :	000010111011011100101001;
	238 :	000010111010101010100101;
	237 :	000010111001111000100001;
	236 :	000010111001000110011110;
	235 :	000010111000010100011010;
	234 :	000010110111100010010110;
	233 :	000010110110110000010010;
	232 :	000010110101111110001110;
	231 :	000010110101001100001001;
	230 :	000010110100011010000101;
	229 :	000010110011101000000000;
	228 :	000010110010110101111100;
	227 :	000010110010000011110111;
	226 :	000010110001010001110010;
	225 :	000010110000011111101101;
	224 :	000010101111101101101000;
	223 :	000010101110111011100011;
	222 :	000010101110001001011101;
	221 :	000010101101010111011000;
	220 :	000010101100100101010011;
	219 :	000010101011110011001101;
	218 :	000010101011000001000111;
	217 :	000010101010001111000001;
	216 :	000010101001011100111100;
	215 :	000010101000101010110110;
	214 :	000010100111111000101111;
	213 :	000010100111000110101001;
	212 :	000010100110010100100011;
	211 :	000010100101100010011100;
	210 :	000010100100110000010110;
	209 :	000010100011111110001111;
	208 :	000010100011001100001001;
	207 :	000010100010011010000010;
	206 :	000010100001100111111011;
	205 :	000010100000110101110100;
	204 :	000010100000000011101101;
	203 :	000010011111010001100110;
	202 :	000010011110011111011110;
	201 :	000010011101101101010111;
	200 :	000010011100111011001111;
	199 :	000010011100001001001000;
	198 :	000010011011010111000000;
	197 :	000010011010100100111000;
	196 :	000010011001110010110001;
	195 :	000010011001000000101001;
	194 :	000010011000001110100001;
	193 :	000010010111011100011000;
	192 :	000010010110101010010000;
	191 :	000010010101111000001000;
	190 :	000010010101000101111111;
	189 :	000010010100010011110111;
	188 :	000010010011100001101110;
	187 :	000010010010101111100110;
	186 :	000010010001111101011101;
	185 :	000010010001001011010100;
	184 :	000010010000011001001011;
	183 :	000010001111100111000010;
	182 :	000010001110110100111001;
	181 :	000010001110000010110000;
	180 :	000010001101010000100111;
	179 :	000010001100011110011101;
	178 :	000010001011101100010100;
	177 :	000010001010111010001010;
	176 :	000010001010001000000001;
	175 :	000010001001010101110111;
	174 :	000010001000100011101101;
	173 :	000010000111110001100011;
	172 :	000010000110111111011001;
	171 :	000010000110001101001111;
	170 :	000010000101011011000101;
	169 :	000010000100101000111011;
	168 :	000010000011110110110001;
	167 :	000010000011000100100110;
	166 :	000010000010010010011100;
	165 :	000010000001100000010001;
	164 :	000010000000101110000111;
	163 :	000001111111111011111100;
	162 :	000001111111001001110001;
	161 :	000001111110010111100110;
	160 :	000001111101100101011100;
	159 :	000001111100110011010001;
	158 :	000001111100000001000110;
	157 :	000001111011001110111010;
	156 :	000001111010011100101111;
	155 :	000001111001101010100100;
	154 :	000001111000111000011001;
	153 :	000001111000000110001101;
	152 :	000001110111010100000010;
	151 :	000001110110100001110110;
	150 :	000001110101101111101010;
	149 :	000001110100111101011111;
	148 :	000001110100001011010011;
	147 :	000001110011011001000111;
	146 :	000001110010100110111011;
	145 :	000001110001110100101111;
	144 :	000001110001000010100011;
	143 :	000001110000010000010111;
	142 :	000001101111011110001011;
	141 :	000001101110101011111111;
	140 :	000001101101111001110010;
	139 :	000001101101000111100110;
	138 :	000001101100010101011001;
	137 :	000001101011100011001101;
	136 :	000001101010110001000000;
	135 :	000001101001111110110100;
	134 :	000001101001001100100111;
	133 :	000001101000011010011010;
	132 :	000001100111101000001101;
	131 :	000001100110110110000001;
	130 :	000001100110000011110100;
	129 :	000001100101010001100111;
	128 :	000001100100011111011001;
	127 :	000001100011101101001100;
	126 :	000001100010111010111111;
	125 :	000001100010001000110010;
	124 :	000001100001010110100100;
	123 :	000001100000100100010111;
	122 :	000001011111110010001010;
	121 :	000001011110111111111100;
	120 :	000001011110001101101111;
	119 :	000001011101011011100001;
	118 :	000001011100101001010011;
	117 :	000001011011110111000110;
	116 :	000001011011000100111000;
	115 :	000001011010010010101010;
	114 :	000001011001100000011100;
	113 :	000001011000101110001110;
	112 :	000001010111111100000000;
	111 :	000001010111001001110010;
	110 :	000001010110010111100100;
	109 :	000001010101100101010110;
	108 :	000001010100110011001000;
	107 :	000001010100000000111001;
	106 :	000001010011001110101011;
	105 :	000001010010011100011101;
	104 :	000001010001101010001110;
	103 :	000001010000111000000000;
	102 :	000001010000000101110001;
	101 :	000001001111010011100011;
	100 :	000001001110100001010100;
	99 :	000001001101101111000110;
	98 :	000001001100111100110111;
	97 :	000001001100001010101000;
	96 :	000001001011011000011001;
	95 :	000001001010100110001010;
	94 :	000001001001110011111100;
	93 :	000001001001000001101101;
	92 :	000001001000001111011110;
	91 :	000001000111011101001111;
	90 :	000001000110101011000000;
	89 :	000001000101111000110001;
	88 :	000001000101000110100001;
	87 :	000001000100010100010010;
	86 :	000001000011100010000011;
	85 :	000001000010101111110100;
	84 :	000001000001111101100100;
	83 :	000001000001001011010101;
	82 :	000001000000011001000110;
	81 :	000000111111100110110110;
	80 :	000000111110110100100111;
	79 :	000000111110000010010111;
	78 :	000000111101010000001000;
	77 :	000000111100011101111000;
	76 :	000000111011101011101001;
	75 :	000000111010111001011001;
	74 :	000000111010000111001001;
	73 :	000000111001010100111010;
	72 :	000000111000100010101010;
	71 :	000000110111110000011010;
	70 :	000000110110111110001010;
	69 :	000000110110001011111010;
	68 :	000000110101011001101011;
	67 :	000000110100100111011011;
	66 :	000000110011110101001011;
	65 :	000000110011000010111011;
	64 :	000000110010010000101011;
	63 :	000000110001011110011011;
	62 :	000000110000101100001011;
	61 :	000000101111111001111011;
	60 :	000000101111000111101010;
	59 :	000000101110010101011010;
	58 :	000000101101100011001010;
	57 :	000000101100110000111010;
	56 :	000000101011111110101010;
	55 :	000000101011001100011001;
	54 :	000000101010011010001001;
	53 :	000000101001100111111001;
	52 :	000000101000110101101000;
	51 :	000000101000000011011000;
	50 :	000000100111010001001000;
	49 :	000000100110011110110111;
	48 :	000000100101101100100111;
	47 :	000000100100111010010110;
	46 :	000000100100001000000110;
	45 :	000000100011010101110101;
	44 :	000000100010100011100101;
	43 :	000000100001110001010100;
	42 :	000000100000111111000100;
	41 :	000000100000001100110011;
	40 :	000000011111011010100011;
	39 :	000000011110101000010010;
	38 :	000000011101110110000001;
	37 :	000000011101000011110001;
	36 :	000000011100010001100000;
	35 :	000000011011011111001111;
	34 :	000000011010101100111111;
	33 :	000000011001111010101110;
	32 :	000000011001001000011101;
	31 :	000000011000010110001100;
	30 :	000000010111100011111100;
	29 :	000000010110110001101011;
	28 :	000000010101111111011010;
	27 :	000000010101001101001001;
	26 :	000000010100011010111000;
	25 :	000000010011101000101000;
	24 :	000000010010110110010111;
	23 :	000000010010000100000110;
	22 :	000000010001010001110101;
	21 :	000000010000011111100100;
	20 :	000000001111101101010011;
	19 :	000000001110111011000010;
	18 :	000000001110001000110001;
	17 :	000000001101010110100000;
	16 :	000000001100100100010000;
	15 :	000000001011110001111111;
	14 :	000000001010111111101110;
	13 :	000000001010001101011101;
	12 :	000000001001011011001100;
	11 :	000000001000101000111011;
	10 :	000000000111110110101010;
	9 :	000000000111000100011001;
	8 :	000000000110010010001000;
	7 :	000000000101011111110111;
	6 :	000000000100101101100110;
	5 :	000000000011111011010101;
	4 :	000000000011001001000100;
	3 :	000000000010010110110011;
	2 :	000000000001100100100010;
	1 :	000000000000110010010001;
	0 :	000000000000000000000000;
END;
