-- begin_signature
-- ECG_GENERATOR
-- end_signature
WIDTH=24;
DEPTH=4096;

ADDRESS_RADIX=UNS;
DATA_RADIX=BIN;

CONTENT BEGIN
	4095 :	000000000000000000000000;
	4094 :	000000000000000000000000;
	4093 :	000000000000000000000000;
	4092 :	000000000000000000000000;
	4091 :	000000000000000000000000;
	4090 :	000000000000000000000000;
	4089 :	000000000000000000000000;
	4088 :	000000000000000000000000;
	4087 :	000000000000000000000000;
	4086 :	000000000000000000000000;
	4085 :	000000000000000000000000;
	4084 :	000000000000000000000000;
	4083 :	000000000000000000000000;
	4082 :	000000000000000000000000;
	4081 :	000000000000000000000000;
	4080 :	000000000000000000000000;
	4079 :	000000000000000000000000;
	4078 :	000000000000000000000000;
	4077 :	000000000000000000000000;
	4076 :	000000000000000000000000;
	4075 :	000000000000000000000000;
	4074 :	000000000000000000000000;
	4073 :	000000000000000000000000;
	4072 :	000000000000000000000000;
	4071 :	000000000000000000000000;
	4070 :	000000000000000000000000;
	4069 :	000000000000000000000000;
	4068 :	000000000000000000000000;
	4067 :	000000000000000000000000;
	4066 :	000000000000000000000000;
	4065 :	000000000000000000000000;
	4064 :	000000000000000000000000;
	4063 :	000000000000000000000000;
	4062 :	000000000000000000000000;
	4061 :	000000000000000000000000;
	4060 :	000000000000000000000000;
	4059 :	000000000000000000000000;
	4058 :	000000000000000000000000;
	4057 :	000000000000000000000000;
	4056 :	000000000000000000000000;
	4055 :	000000000000000000000000;
	4054 :	000000000000000000000000;
	4053 :	000000000000000000000000;
	4052 :	000000000000000000000000;
	4051 :	000000000000000000000000;
	4050 :	000000000000000000000000;
	4049 :	000000000000000000000000;
	4048 :	000000000000000000000000;
	4047 :	000000000000000000000000;
	4046 :	000000000000000000000000;
	4045 :	000000000000000000000000;
	4044 :	000000000000000000000000;
	4043 :	000000000000000000000000;
	4042 :	000000000000000000000000;
	4041 :	000000000000000000000000;
	4040 :	000000000000000000000000;
	4039 :	000000000000000000000000;
	4038 :	000000000000000000000000;
	4037 :	000000000000000000000000;
	4036 :	000000000000000000000000;
	4035 :	000000000000000000000000;
	4034 :	000000000000000000000000;
	4033 :	000000000000000000000000;
	4032 :	000000000000000000000000;
	4031 :	000000000000000000000000;
	4030 :	000000000000000000000000;
	4029 :	000000000000000000000000;
	4028 :	000000000000000000000000;
	4027 :	000000000000000000000000;
	4026 :	000000000000000000000000;
	4025 :	000000000000000000000000;
	4024 :	000000000000000000000000;
	4023 :	000000000000000000000000;
	4022 :	000000000000000000000000;
	4021 :	000000000000000000000000;
	4020 :	000000000000000000000000;
	4019 :	000000000000000000000000;
	4018 :	000000000000000000000000;
	4017 :	000000000000000000000000;
	4016 :	000000000000000000000000;
	4015 :	000000000000000000000000;
	4014 :	000000000000000000000000;
	4013 :	000000000000000000000000;
	4012 :	000000000000000000000000;
	4011 :	000000000000000000000000;
	4010 :	000000000000000000000000;
	4009 :	000000000000000000000000;
	4008 :	000000000000000000000000;
	4007 :	000000000000000000000000;
	4006 :	000000000000000000000000;
	4005 :	000000000000000000000000;
	4004 :	000000000000000000000000;
	4003 :	000000000000000000000000;
	4002 :	000000000000000000000000;
	4001 :	000000000000000000000000;
	4000 :	000000000000000000000000;
	3999 :	000000000000000000000000;
	3998 :	000000000000000000000000;
	3997 :	000000000000000000000000;
	3996 :	000000000000000000000000;
	3995 :	000000000000000000000000;
	3994 :	000000000000000000000000;
	3993 :	000000000000000000000000;
	3992 :	000000000000000000000000;
	3991 :	000000000000000000000000;
	3990 :	000000000000000000000000;
	3989 :	000000000000000000000000;
	3988 :	000000000000000000000000;
	3987 :	000000000000000000000000;
	3986 :	000000000000000000000000;
	3985 :	000000000000000000000000;
	3984 :	000000000000000000000000;
	3983 :	000000000000000000000000;
	3982 :	000000000000000000000000;
	3981 :	000000000000000000000000;
	3980 :	000000000000000000000000;
	3979 :	000000000000000000000000;
	3978 :	000000000000000000000000;
	3977 :	000000000000000000000000;
	3976 :	000000000000000000000000;
	3975 :	000000000000000000000000;
	3974 :	000000000000000000000000;
	3973 :	000000000000000000000000;
	3972 :	000000000000000000000000;
	3971 :	000000000000000000000000;
	3970 :	000000000000000000000000;
	3969 :	000000000000000000000000;
	3968 :	000000000000000000000000;
	3967 :	000000000000000000000000;
	3966 :	000000000000000000000000;
	3965 :	000000000000000000000000;
	3964 :	000000000000000000000000;
	3963 :	000000000000000000000000;
	3962 :	000000000000000000000000;
	3961 :	000000000000000000000000;
	3960 :	000000000000000000000000;
	3959 :	000000000000000000000000;
	3958 :	000000000000000000000000;
	3957 :	000000000000000000000000;
	3956 :	000000000000000000000000;
	3955 :	000000000000000000000000;
	3954 :	000000000000000000000000;
	3953 :	000000000000000000000000;
	3952 :	000000000000000000000000;
	3951 :	000000000000000000000000;
	3950 :	000000000000000000000000;
	3949 :	000000000000000000000000;
	3948 :	000000000000000000000000;
	3947 :	000000000000000000000000;
	3946 :	000000000000000000000000;
	3945 :	000000000000000000000000;
	3944 :	000000000000000000000000;
	3943 :	000000000000000000000000;
	3942 :	000000000000000000000000;
	3941 :	000000000000000000000000;
	3940 :	000000000000000000000000;
	3939 :	000000000000000000000000;
	3938 :	000000000000000000000000;
	3937 :	000000000000000000000000;
	3936 :	000000000000000000000000;
	3935 :	000000000000000000000000;
	3934 :	000000000000000000000000;
	3933 :	000000000000000000000000;
	3932 :	000000000000000000000000;
	3931 :	000000000000000000000000;
	3930 :	000000000000000000000000;
	3929 :	000000000000000000000000;
	3928 :	000000000000000000000000;
	3927 :	000000000000000000000000;
	3926 :	000000000000000000000000;
	3925 :	000000000000000000000000;
	3924 :	000000000000000000000000;
	3923 :	000000000000000000000000;
	3922 :	000000000000000000000000;
	3921 :	000000000000000000000000;
	3920 :	000000000000000000000000;
	3919 :	000000000000000000000000;
	3918 :	000000000000000000000000;
	3917 :	000000000000000000000000;
	3916 :	000000000000000000000000;
	3915 :	000000000000000000000000;
	3914 :	000000000000000000000000;
	3913 :	000000000000000000000000;
	3912 :	000000000000000000000000;
	3911 :	000000000000000000000000;
	3910 :	000000000000000000000000;
	3909 :	000000000000000000000000;
	3908 :	000000000000000000000000;
	3907 :	000000000000000000000000;
	3906 :	000000000000000000000000;
	3905 :	000000000000000000000000;
	3904 :	000000000000000000000000;
	3903 :	000000000000000000000000;
	3902 :	000000000000000000000000;
	3901 :	000000000000000000000000;
	3900 :	000000000000000000000000;
	3899 :	000000000000000000000000;
	3898 :	000000000000000000000000;
	3897 :	000000000000000000000000;
	3896 :	000000000000000000000000;
	3895 :	000000000000000000000000;
	3894 :	000000000000000000000000;
	3893 :	000000000000000000000000;
	3892 :	000000000000000000000000;
	3891 :	000000000000000000000000;
	3890 :	000000000000000000000000;
	3889 :	000000000000000000000000;
	3888 :	000000000000000000000000;
	3887 :	000000000000000000000000;
	3886 :	000000000000000000000000;
	3885 :	000000000000000000000000;
	3884 :	000000000000000000000000;
	3883 :	000000000000000000000000;
	3882 :	000000000000000000000000;
	3881 :	000000000000000000000000;
	3880 :	000000000000000000000000;
	3879 :	000000000000000000000000;
	3878 :	000000000000000000000000;
	3877 :	000000000000000000000000;
	3876 :	000000000000000000000000;
	3875 :	000000000000000000000000;
	3874 :	000000000000000000000000;
	3873 :	000000000000000000000000;
	3872 :	000000000000000000000000;
	3871 :	000000000000000000000000;
	3870 :	000000000000000000000000;
	3869 :	000000000000000000000000;
	3868 :	000000000000000000000000;
	3867 :	000000000000000000000000;
	3866 :	000000000000000000000000;
	3865 :	000000000000000000000000;
	3864 :	000000000000000000000000;
	3863 :	000000000000000000000000;
	3862 :	000000000000000000000000;
	3861 :	000000000000000000000000;
	3860 :	000000000000000000000000;
	3859 :	000000000000000000000000;
	3858 :	000000000000000000000000;
	3857 :	000000000000000000000000;
	3856 :	000000000000000000000000;
	3855 :	000000000000000000000000;
	3854 :	000000000000000000000000;
	3853 :	000000000000000000000000;
	3852 :	000000000000000000000000;
	3851 :	000000000000000000000000;
	3850 :	000000000000000000000000;
	3849 :	000000000000000000000000;
	3848 :	000000000000000000000000;
	3847 :	000000000000000000000000;
	3846 :	000000000000000000000000;
	3845 :	000000000000000000000000;
	3844 :	000000000000000000000000;
	3843 :	000000000000000000000000;
	3842 :	000000000000000000000000;
	3841 :	000000000000000000000000;
	3840 :	000000000000000000000000;
	3839 :	000000000000000000000000;
	3838 :	000000000000000000000000;
	3837 :	000000000000000000000000;
	3836 :	000000000000000000000000;
	3835 :	000000000000000000000000;
	3834 :	000000000000000000000000;
	3833 :	000000000000000000000000;
	3832 :	000000000000000000000000;
	3831 :	000000000000000000000000;
	3830 :	000000000000000000000000;
	3829 :	000000000000000000000000;
	3828 :	000000000000000000000000;
	3827 :	000000000000000000000000;
	3826 :	000000000000000000000000;
	3825 :	000000000000000000000000;
	3824 :	000000000000000000000000;
	3823 :	000000000000000000000000;
	3822 :	000000000000000000000000;
	3821 :	000000000000000000000000;
	3820 :	000000000000000000000000;
	3819 :	000000000000000000000000;
	3818 :	000000000000000000000000;
	3817 :	000000000000000000000000;
	3816 :	000000000000000000000000;
	3815 :	000000000000000000000000;
	3814 :	000000000000000000000000;
	3813 :	000000000000000000000000;
	3812 :	000000000000000000000000;
	3811 :	000000000000000000000000;
	3810 :	000000000000000000000000;
	3809 :	000000000000000000000000;
	3808 :	000000000000000000000000;
	3807 :	000000000000000000000000;
	3806 :	000000000000000000000000;
	3805 :	000000000000000000000000;
	3804 :	000000000000000000000000;
	3803 :	000000000000000000000000;
	3802 :	000000000000000000000000;
	3801 :	000000000000000000000000;
	3800 :	000000000000000000000000;
	3799 :	000000000000000000000000;
	3798 :	000000000000000000000000;
	3797 :	000000000000000000000000;
	3796 :	000000000000000000000000;
	3795 :	000000000000000000000000;
	3794 :	000000000000000000000000;
	3793 :	000000000000000000000000;
	3792 :	000000000000000000000000;
	3791 :	000000000000000000000000;
	3790 :	000000000000000000000000;
	3789 :	000000000000000000000000;
	3788 :	000000000000000000000000;
	3787 :	000000000000000000000000;
	3786 :	000000000000000000000000;
	3785 :	000000000000000000000000;
	3784 :	000000000000000000000000;
	3783 :	000000000000000000000000;
	3782 :	000000000000000000000000;
	3781 :	000000000000000000000000;
	3780 :	000000000000000000000000;
	3779 :	000000000000000000000000;
	3778 :	000000000000000000000000;
	3777 :	000000000000000000000000;
	3776 :	000000000000000000000000;
	3775 :	000000000000000000000000;
	3774 :	000000000000000000000000;
	3773 :	000000000000000000000000;
	3772 :	000000000000000000000000;
	3771 :	000000000000000000000000;
	3770 :	000000000000000000000001;
	3769 :	000000000000000000000001;
	3768 :	000000000000000000000001;
	3767 :	000000000000000000000001;
	3766 :	000000000000000000000001;
	3765 :	000000000000000000000001;
	3764 :	000000000000000000000001;
	3763 :	000000000000000000000001;
	3762 :	000000000000000000000001;
	3761 :	000000000000000000000001;
	3760 :	000000000000000000000001;
	3759 :	000000000000000000000001;
	3758 :	000000000000000000000001;
	3757 :	000000000000000000000001;
	3756 :	000000000000000000000001;
	3755 :	000000000000000000000001;
	3754 :	000000000000000000000001;
	3753 :	000000000000000000000001;
	3752 :	000000000000000000000001;
	3751 :	000000000000000000000001;
	3750 :	000000000000000000000001;
	3749 :	000000000000000000000001;
	3748 :	000000000000000000000001;
	3747 :	000000000000000000000001;
	3746 :	000000000000000000000001;
	3745 :	000000000000000000000001;
	3744 :	000000000000000000000001;
	3743 :	000000000000000000000001;
	3742 :	000000000000000000000001;
	3741 :	000000000000000000000001;
	3740 :	000000000000000000000001;
	3739 :	000000000000000000000001;
	3738 :	000000000000000000000001;
	3737 :	000000000000000000000001;
	3736 :	000000000000000000000001;
	3735 :	000000000000000000000001;
	3734 :	000000000000000000000001;
	3733 :	000000000000000000000001;
	3732 :	000000000000000000000001;
	3731 :	000000000000000000000001;
	3730 :	000000000000000000000001;
	3729 :	000000000000000000000001;
	3728 :	000000000000000000000010;
	3727 :	000000000000000000000010;
	3726 :	000000000000000000000010;
	3725 :	000000000000000000000010;
	3724 :	000000000000000000000010;
	3723 :	000000000000000000000010;
	3722 :	000000000000000000000010;
	3721 :	000000000000000000000010;
	3720 :	000000000000000000000010;
	3719 :	000000000000000000000010;
	3718 :	000000000000000000000010;
	3717 :	000000000000000000000010;
	3716 :	000000000000000000000010;
	3715 :	000000000000000000000010;
	3714 :	000000000000000000000010;
	3713 :	000000000000000000000010;
	3712 :	000000000000000000000010;
	3711 :	000000000000000000000010;
	3710 :	000000000000000000000010;
	3709 :	000000000000000000000010;
	3708 :	000000000000000000000011;
	3707 :	000000000000000000000011;
	3706 :	000000000000000000000011;
	3705 :	000000000000000000000011;
	3704 :	000000000000000000000011;
	3703 :	000000000000000000000011;
	3702 :	000000000000000000000011;
	3701 :	000000000000000000000011;
	3700 :	000000000000000000000011;
	3699 :	000000000000000000000011;
	3698 :	000000000000000000000011;
	3697 :	000000000000000000000011;
	3696 :	000000000000000000000011;
	3695 :	000000000000000000000011;
	3694 :	000000000000000000000100;
	3693 :	000000000000000000000100;
	3692 :	000000000000000000000100;
	3691 :	000000000000000000000100;
	3690 :	000000000000000000000100;
	3689 :	000000000000000000000100;
	3688 :	000000000000000000000100;
	3687 :	000000000000000000000100;
	3686 :	000000000000000000000100;
	3685 :	000000000000000000000100;
	3684 :	000000000000000000000101;
	3683 :	000000000000000000000101;
	3682 :	000000000000000000000101;
	3681 :	000000000000000000000101;
	3680 :	000000000000000000000101;
	3679 :	000000000000000000000101;
	3678 :	000000000000000000000101;
	3677 :	000000000000000000000101;
	3676 :	000000000000000000000110;
	3675 :	000000000000000000000110;
	3674 :	000000000000000000000110;
	3673 :	000000000000000000000110;
	3672 :	000000000000000000000110;
	3671 :	000000000000000000000110;
	3670 :	000000000000000000000110;
	3669 :	000000000000000000000111;
	3668 :	000000000000000000000111;
	3667 :	000000000000000000000111;
	3666 :	000000000000000000000111;
	3665 :	000000000000000000000111;
	3664 :	000000000000000000000111;
	3663 :	000000000000000000001000;
	3662 :	000000000000000000001000;
	3661 :	000000000000000000001000;
	3660 :	000000000000000000001000;
	3659 :	000000000000000000001000;
	3658 :	000000000000000000001000;
	3657 :	000000000000000000001001;
	3656 :	000000000000000000001001;
	3655 :	000000000000000000001001;
	3654 :	000000000000000000001001;
	3653 :	000000000000000000001010;
	3652 :	000000000000000000001010;
	3651 :	000000000000000000001010;
	3650 :	000000000000000000001010;
	3649 :	000000000000000000001010;
	3648 :	000000000000000000001011;
	3647 :	000000000000000000001011;
	3646 :	000000000000000000001011;
	3645 :	000000000000000000001100;
	3644 :	000000000000000000001100;
	3643 :	000000000000000000001100;
	3642 :	000000000000000000001100;
	3641 :	000000000000000000001101;
	3640 :	000000000000000000001101;
	3639 :	000000000000000000001101;
	3638 :	000000000000000000001110;
	3637 :	000000000000000000001110;
	3636 :	000000000000000000001110;
	3635 :	000000000000000000001111;
	3634 :	000000000000000000001111;
	3633 :	000000000000000000001111;
	3632 :	000000000000000000010000;
	3631 :	000000000000000000010000;
	3630 :	000000000000000000010000;
	3629 :	000000000000000000010001;
	3628 :	000000000000000000010001;
	3627 :	000000000000000000010001;
	3626 :	000000000000000000010010;
	3625 :	000000000000000000010010;
	3624 :	000000000000000000010011;
	3623 :	000000000000000000010011;
	3622 :	000000000000000000010100;
	3621 :	000000000000000000010100;
	3620 :	000000000000000000010101;
	3619 :	000000000000000000010101;
	3618 :	000000000000000000010101;
	3617 :	000000000000000000010110;
	3616 :	000000000000000000010110;
	3615 :	000000000000000000010111;
	3614 :	000000000000000000011000;
	3613 :	000000000000000000011000;
	3612 :	000000000000000000011001;
	3611 :	000000000000000000011001;
	3610 :	000000000000000000011010;
	3609 :	000000000000000000011010;
	3608 :	000000000000000000011011;
	3607 :	000000000000000000011100;
	3606 :	000000000000000000011100;
	3605 :	000000000000000000011101;
	3604 :	000000000000000000011101;
	3603 :	000000000000000000011110;
	3602 :	000000000000000000011111;
	3601 :	000000000000000000100000;
	3600 :	000000000000000000100000;
	3599 :	000000000000000000100001;
	3598 :	000000000000000000100010;
	3597 :	000000000000000000100010;
	3596 :	000000000000000000100011;
	3595 :	000000000000000000100100;
	3594 :	000000000000000000100101;
	3593 :	000000000000000000100110;
	3592 :	000000000000000000100111;
	3591 :	000000000000000000100111;
	3590 :	000000000000000000101000;
	3589 :	000000000000000000101001;
	3588 :	000000000000000000101010;
	3587 :	000000000000000000101011;
	3586 :	000000000000000000101100;
	3585 :	000000000000000000101101;
	3584 :	000000000000000000101110;
	3583 :	000000000000000000101111;
	3582 :	000000000000000000110000;
	3581 :	000000000000000000110001;
	3580 :	000000000000000000110010;
	3579 :	000000000000000000110011;
	3578 :	000000000000000000110100;
	3577 :	000000000000000000110110;
	3576 :	000000000000000000110111;
	3575 :	000000000000000000111000;
	3574 :	000000000000000000111001;
	3573 :	000000000000000000111010;
	3572 :	000000000000000000111100;
	3571 :	000000000000000000111101;
	3570 :	000000000000000000111110;
	3569 :	000000000000000001000000;
	3568 :	000000000000000001000001;
	3567 :	000000000000000001000011;
	3566 :	000000000000000001000100;
	3565 :	000000000000000001000101;
	3564 :	000000000000000001000111;
	3563 :	000000000000000001001001;
	3562 :	000000000000000001001010;
	3561 :	000000000000000001001100;
	3560 :	000000000000000001001101;
	3559 :	000000000000000001001111;
	3558 :	000000000000000001010001;
	3557 :	000000000000000001010010;
	3556 :	000000000000000001010100;
	3555 :	000000000000000001010110;
	3554 :	000000000000000001011000;
	3553 :	000000000000000001011010;
	3552 :	000000000000000001011100;
	3551 :	000000000000000001011110;
	3550 :	000000000000000001100000;
	3549 :	000000000000000001100010;
	3548 :	000000000000000001100100;
	3547 :	000000000000000001100110;
	3546 :	000000000000000001101000;
	3545 :	000000000000000001101010;
	3544 :	000000000000000001101101;
	3543 :	000000000000000001101111;
	3542 :	000000000000000001110001;
	3541 :	000000000000000001110100;
	3540 :	000000000000000001110110;
	3539 :	000000000000000001111001;
	3538 :	000000000000000001111011;
	3537 :	000000000000000001111110;
	3536 :	000000000000000010000000;
	3535 :	000000000000000010000011;
	3534 :	000000000000000010000110;
	3533 :	000000000000000010001001;
	3532 :	000000000000000010001011;
	3531 :	000000000000000010001110;
	3530 :	000000000000000010010001;
	3529 :	000000000000000010010100;
	3528 :	000000000000000010010111;
	3527 :	000000000000000010011011;
	3526 :	000000000000000010011110;
	3525 :	000000000000000010100001;
	3524 :	000000000000000010100100;
	3523 :	000000000000000010101000;
	3522 :	000000000000000010101011;
	3521 :	000000000000000010101111;
	3520 :	000000000000000010110011;
	3519 :	000000000000000010110110;
	3518 :	000000000000000010111010;
	3517 :	000000000000000010111110;
	3516 :	000000000000000011000010;
	3515 :	000000000000000011000110;
	3514 :	000000000000000011001010;
	3513 :	000000000000000011001110;
	3512 :	000000000000000011010010;
	3511 :	000000000000000011010110;
	3510 :	000000000000000011011011;
	3509 :	000000000000000011011111;
	3508 :	000000000000000011100100;
	3507 :	000000000000000011101000;
	3506 :	000000000000000011101101;
	3505 :	000000000000000011110010;
	3504 :	000000000000000011110111;
	3503 :	000000000000000011111100;
	3502 :	000000000000000100000001;
	3501 :	000000000000000100000110;
	3500 :	000000000000000100001011;
	3499 :	000000000000000100010001;
	3498 :	000000000000000100010110;
	3497 :	000000000000000100011100;
	3496 :	000000000000000100100010;
	3495 :	000000000000000100100111;
	3494 :	000000000000000100101101;
	3493 :	000000000000000100110011;
	3492 :	000000000000000100111010;
	3491 :	000000000000000101000000;
	3490 :	000000000000000101000110;
	3489 :	000000000000000101001101;
	3488 :	000000000000000101010011;
	3487 :	000000000000000101011010;
	3486 :	000000000000000101100001;
	3485 :	000000000000000101101000;
	3484 :	000000000000000101101111;
	3483 :	000000000000000101110110;
	3482 :	000000000000000101111110;
	3481 :	000000000000000110000101;
	3480 :	000000000000000110001101;
	3479 :	000000000000000110010101;
	3478 :	000000000000000110011101;
	3477 :	000000000000000110100101;
	3476 :	000000000000000110101101;
	3475 :	000000000000000110110101;
	3474 :	000000000000000110111110;
	3473 :	000000000000000111000111;
	3472 :	000000000000000111010000;
	3471 :	000000000000000111011001;
	3470 :	000000000000000111100010;
	3469 :	000000000000000111101011;
	3468 :	000000000000000111110101;
	3467 :	000000000000000111111110;
	3466 :	000000000000001000001000;
	3465 :	000000000000001000010010;
	3464 :	000000000000001000011101;
	3463 :	000000000000001000100111;
	3462 :	000000000000001000110010;
	3461 :	000000000000001000111100;
	3460 :	000000000000001001000111;
	3459 :	000000000000001001010011;
	3458 :	000000000000001001011110;
	3457 :	000000000000001001101010;
	3456 :	000000000000001001110101;
	3455 :	000000000000001010000001;
	3454 :	000000000000001010001110;
	3453 :	000000000000001010011010;
	3452 :	000000000000001010100111;
	3451 :	000000000000001010110100;
	3450 :	000000000000001011000001;
	3449 :	000000000000001011001110;
	3448 :	000000000000001011011100;
	3447 :	000000000000001011101001;
	3446 :	000000000000001011111000;
	3445 :	000000000000001100000110;
	3444 :	000000000000001100010100;
	3443 :	000000000000001100100011;
	3442 :	000000000000001100110010;
	3441 :	000000000000001101000010;
	3440 :	000000000000001101010001;
	3439 :	000000000000001101100001;
	3438 :	000000000000001101110001;
	3437 :	000000000000001110000010;
	3436 :	000000000000001110010010;
	3435 :	000000000000001110100011;
	3434 :	000000000000001110110101;
	3433 :	000000000000001111000110;
	3432 :	000000000000001111011000;
	3431 :	000000000000001111101010;
	3430 :	000000000000001111111101;
	3429 :	000000000000010000010000;
	3428 :	000000000000010000100011;
	3427 :	000000000000010000110110;
	3426 :	000000000000010001001010;
	3425 :	000000000000010001011110;
	3424 :	000000000000010001110011;
	3423 :	000000000000010010001000;
	3422 :	000000000000010010011101;
	3421 :	000000000000010010110011;
	3420 :	000000000000010011001001;
	3419 :	000000000000010011011111;
	3418 :	000000000000010011110110;
	3417 :	000000000000010100001101;
	3416 :	000000000000010100100100;
	3415 :	000000000000010100111100;
	3414 :	000000000000010101010100;
	3413 :	000000000000010101101101;
	3412 :	000000000000010110000110;
	3411 :	000000000000010110011111;
	3410 :	000000000000010110111001;
	3409 :	000000000000010111010100;
	3408 :	000000000000010111101110;
	3407 :	000000000000011000001010;
	3406 :	000000000000011000100101;
	3405 :	000000000000011001000001;
	3404 :	000000000000011001011110;
	3403 :	000000000000011001111011;
	3402 :	000000000000011010011001;
	3401 :	000000000000011010110111;
	3400 :	000000000000011011010101;
	3399 :	000000000000011011110100;
	3398 :	000000000000011100010100;
	3397 :	000000000000011100110100;
	3396 :	000000000000011101010100;
	3395 :	000000000000011101110101;
	3394 :	000000000000011110010111;
	3393 :	000000000000011110111001;
	3392 :	000000000000011111011100;
	3391 :	000000000000011111111111;
	3390 :	000000000000100000100011;
	3389 :	000000000000100001000111;
	3388 :	000000000000100001101100;
	3387 :	000000000000100010010010;
	3386 :	000000000000100010111000;
	3385 :	000000000000100011011111;
	3384 :	000000000000100100000110;
	3383 :	000000000000100100101110;
	3382 :	000000000000100101010111;
	3381 :	000000000000100110000000;
	3380 :	000000000000100110101010;
	3379 :	000000000000100111010101;
	3378 :	000000000000101000000000;
	3377 :	000000000000101000101101;
	3376 :	000000000000101001011001;
	3375 :	000000000000101010000111;
	3374 :	000000000000101010110101;
	3373 :	000000000000101011100100;
	3372 :	000000000000101100010011;
	3371 :	000000000000101101000100;
	3370 :	000000000000101101110101;
	3369 :	000000000000101110100111;
	3368 :	000000000000101111011001;
	3367 :	000000000000110000001101;
	3366 :	000000000000110001000001;
	3365 :	000000000000110001110110;
	3364 :	000000000000110010101100;
	3363 :	000000000000110011100010;
	3362 :	000000000000110100011010;
	3361 :	000000000000110101010010;
	3360 :	000000000000110110001011;
	3359 :	000000000000110111000110;
	3358 :	000000000000111000000001;
	3357 :	000000000000111000111101;
	3356 :	000000000000111001111001;
	3355 :	000000000000111010110111;
	3354 :	000000000000111011110110;
	3353 :	000000000000111100110101;
	3352 :	000000000000111101110110;
	3351 :	000000000000111110111000;
	3350 :	000000000000111111111010;
	3349 :	000000000001000000111110;
	3348 :	000000000001000010000010;
	3347 :	000000000001000011001000;
	3346 :	000000000001000100001110;
	3345 :	000000000001000101010110;
	3344 :	000000000001000110011111;
	3343 :	000000000001000111101001;
	3342 :	000000000001001000110100;
	3341 :	000000000001001010000000;
	3340 :	000000000001001011001101;
	3339 :	000000000001001100011011;
	3338 :	000000000001001101101011;
	3337 :	000000000001001110111011;
	3336 :	000000000001010000001101;
	3335 :	000000000001010001100000;
	3334 :	000000000001010010110101;
	3333 :	000000000001010100001010;
	3332 :	000000000001010101100001;
	3331 :	000000000001010110111001;
	3330 :	000000000001011000010010;
	3329 :	000000000001011001101101;
	3328 :	000000000001011011001001;
	3327 :	000000000001011100100110;
	3326 :	000000000001011110000100;
	3325 :	000000000001011111100100;
	3324 :	000000000001100001000110;
	3323 :	000000000001100010101000;
	3322 :	000000000001100100001100;
	3321 :	000000000001100101110010;
	3320 :	000000000001100111011001;
	3319 :	000000000001101001000001;
	3318 :	000000000001101010101011;
	3317 :	000000000001101100010111;
	3316 :	000000000001101110000100;
	3315 :	000000000001101111110010;
	3314 :	000000000001110001100011;
	3313 :	000000000001110011010100;
	3312 :	000000000001110101001000;
	3311 :	000000000001110110111100;
	3310 :	000000000001111000110011;
	3309 :	000000000001111010101011;
	3308 :	000000000001111100100101;
	3307 :	000000000001111110100001;
	3306 :	000000000010000000011110;
	3305 :	000000000010000010011101;
	3304 :	000000000010000100011110;
	3303 :	000000000010000110100000;
	3302 :	000000000010001000100101;
	3301 :	000000000010001010101011;
	3300 :	000000000010001100110011;
	3299 :	000000000010001110111101;
	3298 :	000000000010010001001001;
	3297 :	000000000010010011010110;
	3296 :	000000000010010101100110;
	3295 :	000000000010010111111000;
	3294 :	000000000010011010001011;
	3293 :	000000000010011100100001;
	3292 :	000000000010011110111000;
	3291 :	000000000010100001010010;
	3290 :	000000000010100011101110;
	3289 :	000000000010100110001100;
	3288 :	000000000010101000101100;
	3287 :	000000000010101011001110;
	3286 :	000000000010101101110010;
	3285 :	000000000010110000011000;
	3284 :	000000000010110011000001;
	3283 :	000000000010110101101100;
	3282 :	000000000010111000011001;
	3281 :	000000000010111011001001;
	3280 :	000000000010111101111011;
	3279 :	000000000011000000101111;
	3278 :	000000000011000011100101;
	3277 :	000000000011000110011110;
	3276 :	000000000011001001011010;
	3275 :	000000000011001100010111;
	3274 :	000000000011001111011000;
	3273 :	000000000011010010011010;
	3272 :	000000000011010101100000;
	3271 :	000000000011011000101000;
	3270 :	000000000011011011110010;
	3269 :	000000000011011110111111;
	3268 :	000000000011100010001111;
	3267 :	000000000011100101100001;
	3266 :	000000000011101000110110;
	3265 :	000000000011101100001110;
	3264 :	000000000011101111101001;
	3263 :	000000000011110011000110;
	3262 :	000000000011110110100110;
	3261 :	000000000011111010001001;
	3260 :	000000000011111101101111;
	3259 :	000000000100000001011000;
	3258 :	000000000100000101000100;
	3257 :	000000000100001000110011;
	3256 :	000000000100001100100100;
	3255 :	000000000100010000011001;
	3254 :	000000000100010100010001;
	3253 :	000000000100011000001100;
	3252 :	000000000100011100001010;
	3251 :	000000000100100000001011;
	3250 :	000000000100100100010000;
	3249 :	000000000100101000010111;
	3248 :	000000000100101100100010;
	3247 :	000000000100110000110000;
	3246 :	000000000100110101000010;
	3245 :	000000000100111001010111;
	3244 :	000000000100111101101111;
	3243 :	000000000101000010001011;
	3242 :	000000000101000110101010;
	3241 :	000000000101001011001101;
	3240 :	000000000101001111110011;
	3239 :	000000000101010100011100;
	3238 :	000000000101011001001010;
	3237 :	000000000101011101111011;
	3236 :	000000000101100010101111;
	3235 :	000000000101100111101000;
	3234 :	000000000101101100100100;
	3233 :	000000000101110001100100;
	3232 :	000000000101110110100111;
	3231 :	000000000101111011101111;
	3230 :	000000000110000000111010;
	3229 :	000000000110000110001010;
	3228 :	000000000110001011011101;
	3227 :	000000000110010000110100;
	3226 :	000000000110010110010000;
	3225 :	000000000110011011101111;
	3224 :	000000000110100001010010;
	3223 :	000000000110100110111010;
	3222 :	000000000110101100100110;
	3221 :	000000000110110010010110;
	3220 :	000000000110111000001010;
	3219 :	000000000110111110000011;
	3218 :	000000000111000100000000;
	3217 :	000000000111001010000010;
	3216 :	000000000111010000000111;
	3215 :	000000000111010110010010;
	3214 :	000000000111011100100000;
	3213 :	000000000111100010110100;
	3212 :	000000000111101001001100;
	3211 :	000000000111101111101000;
	3210 :	000000000111110110001010;
	3209 :	000000000111111100101111;
	3208 :	000000001000000011011010;
	3207 :	000000001000001010001010;
	3206 :	000000001000010000111110;
	3205 :	000000001000010111110111;
	3204 :	000000001000011110110101;
	3203 :	000000001000100101111000;
	3202 :	000000001000101101000001;
	3201 :	000000001000110100001110;
	3200 :	000000001000111011100000;
	3199 :	000000001001000010110111;
	3198 :	000000001001001010010100;
	3197 :	000000001001010001110110;
	3196 :	000000001001011001011101;
	3195 :	000000001001100001001001;
	3194 :	000000001001101000111011;
	3193 :	000000001001110000110010;
	3192 :	000000001001111000101111;
	3191 :	000000001010000000110001;
	3190 :	000000001010001000111000;
	3189 :	000000001010010001000101;
	3188 :	000000001010011001011000;
	3187 :	000000001010100001110001;
	3186 :	000000001010101010001111;
	3185 :	000000001010110010110011;
	3184 :	000000001010111011011101;
	3183 :	000000001011000100001100;
	3182 :	000000001011001101000010;
	3181 :	000000001011010101111101;
	3180 :	000000001011011110111111;
	3179 :	000000001011101000000110;
	3178 :	000000001011110001010100;
	3177 :	000000001011111010100111;
	3176 :	000000001100000100000001;
	3175 :	000000001100001101100010;
	3174 :	000000001100010111001000;
	3173 :	000000001100100000110101;
	3172 :	000000001100101010101000;
	3171 :	000000001100110100100001;
	3170 :	000000001100111110100001;
	3169 :	000000001101001000101000;
	3168 :	000000001101010010110101;
	3167 :	000000001101011101001001;
	3166 :	000000001101100111100011;
	3165 :	000000001101110010000100;
	3164 :	000000001101111100101100;
	3163 :	000000001110000111011011;
	3162 :	000000001110010010010000;
	3161 :	000000001110011101001101;
	3160 :	000000001110101000010000;
	3159 :	000000001110110011011010;
	3158 :	000000001110111110101100;
	3157 :	000000001111001010000100;
	3156 :	000000001111010101100100;
	3155 :	000000001111100001001011;
	3154 :	000000001111101100111001;
	3153 :	000000001111111000101111;
	3152 :	000000010000000100101011;
	3151 :	000000010000010000110000;
	3150 :	000000010000011100111011;
	3149 :	000000010000101001001110;
	3148 :	000000010000110101101001;
	3147 :	000000010001000010001011;
	3146 :	000000010001001110110101;
	3145 :	000000010001011011100111;
	3144 :	000000010001101000100001;
	3143 :	000000010001110101100010;
	3142 :	000000010010000010101011;
	3141 :	000000010010001111111100;
	3140 :	000000010010011101010101;
	3139 :	000000010010101010110110;
	3138 :	000000010010111000011111;
	3137 :	000000010011000110010000;
	3136 :	000000010011010100001001;
	3135 :	000000010011100010001010;
	3134 :	000000010011110000010100;
	3133 :	000000010011111110100110;
	3132 :	000000010100001101000000;
	3131 :	000000010100011011100011;
	3130 :	000000010100101010001110;
	3129 :	000000010100111001000010;
	3128 :	000000010101000111111110;
	3127 :	000000010101010111000011;
	3126 :	000000010101100110010000;
	3125 :	000000010101110101100110;
	3124 :	000000010110000101000101;
	3123 :	000000010110010100101101;
	3122 :	000000010110100100011101;
	3121 :	000000010110110100010111;
	3120 :	000000010111000100011001;
	3119 :	000000010111010100100101;
	3118 :	000000010111100100111001;
	3117 :	000000010111110101010111;
	3116 :	000000011000000101111101;
	3115 :	000000011000010110101101;
	3114 :	000000011000100111100110;
	3113 :	000000011000111000101001;
	3112 :	000000011001001001110100;
	3111 :	000000011001011011001001;
	3110 :	000000011001101100101000;
	3109 :	000000011001111110010000;
	3108 :	000000011010010000000001;
	3107 :	000000011010100001111101;
	3106 :	000000011010110100000001;
	3105 :	000000011011000110010000;
	3104 :	000000011011011000101000;
	3103 :	000000011011101011001010;
	3102 :	000000011011111101110101;
	3101 :	000000011100010000101011;
	3100 :	000000011100100011101010;
	3099 :	000000011100110110110100;
	3098 :	000000011101001010000111;
	3097 :	000000011101011101100100;
	3096 :	000000011101110001001100;
	3095 :	000000011110000100111101;
	3094 :	000000011110011000111001;
	3093 :	000000011110101100111111;
	3092 :	000000011111000001001111;
	3091 :	000000011111010101101010;
	3090 :	000000011111101010001111;
	3089 :	000000011111111110111110;
	3088 :	000000100000010011111000;
	3087 :	000000100000101000111100;
	3086 :	000000100000111110001010;
	3085 :	000000100001010011100100;
	3084 :	000000100001101001000111;
	3083 :	000000100001111110110110;
	3082 :	000000100010010100101111;
	3081 :	000000100010101010110011;
	3080 :	000000100011000001000001;
	3079 :	000000100011010111011011;
	3078 :	000000100011101101111111;
	3077 :	000000100100000100101110;
	3076 :	000000100100011011101000;
	3075 :	000000100100110010101101;
	3074 :	000000100101001001111101;
	3073 :	000000100101100001011000;
	3072 :	000000100101111000111110;
	3071 :	000000100110010000101111;
	3070 :	000000100110101000101100;
	3069 :	000000100111000000110011;
	3068 :	000000100111011001000110;
	3067 :	000000100111110001100100;
	3066 :	000000101000001010001101;
	3065 :	000000101000100011000001;
	3064 :	000000101000111100000001;
	3063 :	000000101001010101001100;
	3062 :	000000101001101110100011;
	3061 :	000000101010001000000101;
	3060 :	000000101010100001110011;
	3059 :	000000101010111011101100;
	3058 :	000000101011010101110000;
	3057 :	000000101011110000000000;
	3056 :	000000101100001010011100;
	3055 :	000000101100100101000011;
	3054 :	000000101100111111110110;
	3053 :	000000101101011010110101;
	3052 :	000000101101110101111111;
	3051 :	000000101110010001010110;
	3050 :	000000101110101100110111;
	3049 :	000000101111001000100101;
	3048 :	000000101111100100011110;
	3047 :	000000110000000000100100;
	3046 :	000000110000011100110101;
	3045 :	000000110000111001010010;
	3044 :	000000110001010101111010;
	3043 :	000000110001110010101111;
	3042 :	000000110010001111110000;
	3041 :	000000110010101100111100;
	3040 :	000000110011001010010101;
	3039 :	000000110011100111111010;
	3038 :	000000110100000101101010;
	3037 :	000000110100100011100111;
	3036 :	000000110101000001101111;
	3035 :	000000110101100000000100;
	3034 :	000000110101111110100101;
	3033 :	000000110110011101010010;
	3032 :	000000110110111100001011;
	3031 :	000000110111011011010000;
	3030 :	000000110111111010100001;
	3029 :	000000111000011001111110;
	3028 :	000000111000111001101000;
	3027 :	000000111001011001011101;
	3026 :	000000111001111001011111;
	3025 :	000000111010011001101101;
	3024 :	000000111010111010000111;
	3023 :	000000111011011010101101;
	3022 :	000000111011111011100000;
	3021 :	000000111100011100011110;
	3020 :	000000111100111101101001;
	3019 :	000000111101011111000000;
	3018 :	000000111110000000100011;
	3017 :	000000111110100010010011;
	3016 :	000000111111000100001111;
	3015 :	000000111111100110010110;
	3014 :	000001000000001000101010;
	3013 :	000001000000101011001011;
	3012 :	000001000001001101110111;
	3011 :	000001000001110000110000;
	3010 :	000001000010010011110101;
	3009 :	000001000010110111000110;
	3008 :	000001000011011010100011;
	3007 :	000001000011111110001100;
	3006 :	000001000100100010000010;
	3005 :	000001000101000110000011;
	3004 :	000001000101101010010001;
	3003 :	000001000110001110101011;
	3002 :	000001000110110011010001;
	3001 :	000001000111011000000011;
	3000 :	000001000111111101000001;
	2999 :	000001001000100010001011;
	2998 :	000001001001000111100010;
	2997 :	000001001001101101000100;
	2996 :	000001001010010010110010;
	2995 :	000001001010111000101101;
	2994 :	000001001011011110110011;
	2993 :	000001001100000101000101;
	2992 :	000001001100101011100011;
	2991 :	000001001101010010001110;
	2990 :	000001001101111001000100;
	2989 :	000001001110100000000101;
	2988 :	000001001111000111010011;
	2987 :	000001001111101110101101;
	2986 :	000001010000010110010010;
	2985 :	000001010000111110000011;
	2984 :	000001010001100101111111;
	2983 :	000001010010001110001000;
	2982 :	000001010010110110011100;
	2981 :	000001010011011110111100;
	2980 :	000001010100000111100111;
	2979 :	000001010100110000011110;
	2978 :	000001010101011001100000;
	2977 :	000001010110000010101110;
	2976 :	000001010110101100000111;
	2975 :	000001010111010101101011;
	2974 :	000001010111111111011011;
	2973 :	000001011000101001010110;
	2972 :	000001011001010011011101;
	2971 :	000001011001111101101110;
	2970 :	000001011010101000001011;
	2969 :	000001011011010010110011;
	2968 :	000001011011111101100110;
	2967 :	000001011100101000100100;
	2966 :	000001011101010011101101;
	2965 :	000001011101111111000001;
	2964 :	000001011110101010100000;
	2963 :	000001011111010110001001;
	2962 :	000001100000000001111101;
	2961 :	000001100000101101111100;
	2960 :	000001100001011010000110;
	2959 :	000001100010000110011010;
	2958 :	000001100010110010111001;
	2957 :	000001100011011111100010;
	2956 :	000001100100001100010110;
	2955 :	000001100100111001010100;
	2954 :	000001100101100110011100;
	2953 :	000001100110010011101110;
	2952 :	000001100111000001001010;
	2951 :	000001100111101110110001;
	2950 :	000001101000011100100001;
	2949 :	000001101001001010011100;
	2948 :	000001101001111000100000;
	2947 :	000001101010100110101110;
	2946 :	000001101011010101000110;
	2945 :	000001101100000011100111;
	2944 :	000001101100110010010010;
	2943 :	000001101101100001000110;
	2942 :	000001101110010000000100;
	2941 :	000001101110111111001011;
	2940 :	000001101111101110011011;
	2939 :	000001110000011101110101;
	2938 :	000001110001001101010111;
	2937 :	000001110001111101000010;
	2936 :	000001110010101100110111;
	2935 :	000001110011011100110100;
	2934 :	000001110100001100111001;
	2933 :	000001110100111101001000;
	2932 :	000001110101101101011111;
	2931 :	000001110110011101111110;
	2930 :	000001110111001110100110;
	2929 :	000001110111111111010101;
	2928 :	000001111000110000001101;
	2927 :	000001111001100001001101;
	2926 :	000001111010010010010101;
	2925 :	000001111011000011100101;
	2924 :	000001111011110100111101;
	2923 :	000001111100100110011100;
	2922 :	000001111101011000000011;
	2921 :	000001111110001001110001;
	2920 :	000001111110111011100110;
	2919 :	000001111111101101100011;
	2918 :	000010000000011111100111;
	2917 :	000010000001010001110010;
	2916 :	000010000010000100000011;
	2915 :	000010000010110110011100;
	2914 :	000010000011101000111011;
	2913 :	000010000100011011100001;
	2912 :	000010000101001110001101;
	2911 :	000010000110000000111111;
	2910 :	000010000110110011111000;
	2909 :	000010000111100110110111;
	2908 :	000010001000011001111011;
	2907 :	000010001001001101000110;
	2906 :	000010001010000000010110;
	2905 :	000010001010110011101100;
	2904 :	000010001011100111000111;
	2903 :	000010001100011010101000;
	2902 :	000010001101001110001101;
	2901 :	000010001110000001111000;
	2900 :	000010001110110101101000;
	2899 :	000010001111101001011101;
	2898 :	000010010000011101010110;
	2897 :	000010010001010001010100;
	2896 :	000010010010000101010110;
	2895 :	000010010010111001011101;
	2894 :	000010010011101101101000;
	2893 :	000010010100100001110111;
	2892 :	000010010101010110001001;
	2891 :	000010010110001010100000;
	2890 :	000010010110111110111010;
	2889 :	000010010111110011011000;
	2888 :	000010011000100111111000;
	2887 :	000010011001011100011100;
	2886 :	000010011010010001000100;
	2885 :	000010011011000101101110;
	2884 :	000010011011111010011010;
	2883 :	000010011100101111001010;
	2882 :	000010011101100011111011;
	2881 :	000010011110011000101111;
	2880 :	000010011111001101100110;
	2879 :	000010100000000010011110;
	2878 :	000010100000110111011000;
	2877 :	000010100001101100010100;
	2876 :	000010100010100001010001;
	2875 :	000010100011010110010000;
	2874 :	000010100100001011010000;
	2873 :	000010100101000000010001;
	2872 :	000010100101110101010011;
	2871 :	000010100110101010010110;
	2870 :	000010100111011111011001;
	2869 :	000010101000010100011101;
	2868 :	000010101001001001100001;
	2867 :	000010101001111110100101;
	2866 :	000010101010110011101001;
	2865 :	000010101011101000101101;
	2864 :	000010101100011101110001;
	2863 :	000010101101010010110100;
	2862 :	000010101110000111110110;
	2861 :	000010101110111100111000;
	2860 :	000010101111110001111001;
	2859 :	000010110000100110111000;
	2858 :	000010110001011011110110;
	2857 :	000010110010010000110010;
	2856 :	000010110011000101101101;
	2855 :	000010110011111010100110;
	2854 :	000010110100101111011101;
	2853 :	000010110101100100010010;
	2852 :	000010110110011001000100;
	2851 :	000010110111001101110100;
	2850 :	000010111000000010100001;
	2849 :	000010111000110111001011;
	2848 :	000010111001101011110010;
	2847 :	000010111010100000010110;
	2846 :	000010111011010100110111;
	2845 :	000010111100001001010100;
	2844 :	000010111100111101101101;
	2843 :	000010111101110010000010;
	2842 :	000010111110100110010011;
	2841 :	000010111111011010100000;
	2840 :	000011000000001110101000;
	2839 :	000011000001000010101011;
	2838 :	000011000001110110101010;
	2837 :	000011000010101010100100;
	2836 :	000011000011011110011001;
	2835 :	000011000100010010001000;
	2834 :	000011000101000101110001;
	2833 :	000011000101111001010101;
	2832 :	000011000110101100110011;
	2831 :	000011000111100000001011;
	2830 :	000011001000010011011101;
	2829 :	000011001001000110101000;
	2828 :	000011001001111001101100;
	2827 :	000011001010101100101010;
	2826 :	000011001011011111100001;
	2825 :	000011001100010010010000;
	2824 :	000011001101000100111000;
	2823 :	000011001101110111011001;
	2822 :	000011001110101001110010;
	2821 :	000011001111011100000011;
	2820 :	000011010000001110001011;
	2819 :	000011010001000000001100;
	2818 :	000011010001110010000100;
	2817 :	000011010010100011110011;
	2816 :	000011010011010101011010;
	2815 :	000011010100000110110111;
	2814 :	000011010100111000001011;
	2813 :	000011010101101001010110;
	2812 :	000011010110011010011000;
	2811 :	000011010111001011001111;
	2810 :	000011010111111011111101;
	2809 :	000011011000101100100000;
	2808 :	000011011001011100111001;
	2807 :	000011011010001101001000;
	2806 :	000011011010111101001100;
	2805 :	000011011011101101000101;
	2804 :	000011011100011100110011;
	2803 :	000011011101001100010110;
	2802 :	000011011101111011101101;
	2801 :	000011011110101010111001;
	2800 :	000011011111011001111001;
	2799 :	000011100000001000101101;
	2798 :	000011100000110111010100;
	2797 :	000011100001100101110000;
	2796 :	000011100010010011111111;
	2795 :	000011100011000010000001;
	2794 :	000011100011101111110111;
	2793 :	000011100100011101011111;
	2792 :	000011100101001010111010;
	2791 :	000011100101111000001000;
	2790 :	000011100110100101001000;
	2789 :	000011100111010001111010;
	2788 :	000011100111111110011111;
	2787 :	000011101000101010110101;
	2786 :	000011101001010110111101;
	2785 :	000011101010000010110110;
	2784 :	000011101010101110100001;
	2783 :	000011101011011001111101;
	2782 :	000011101100000101001010;
	2781 :	000011101100110000000111;
	2780 :	000011101101011010110110;
	2779 :	000011101110000101010101;
	2778 :	000011101110101111100100;
	2777 :	000011101111011001100011;
	2776 :	000011110000000011010010;
	2775 :	000011110000101100110001;
	2774 :	000011110001010110000000;
	2773 :	000011110001111110111110;
	2772 :	000011110010100111101011;
	2771 :	000011110011010000000111;
	2770 :	000011110011111000010010;
	2769 :	000011110100100000001100;
	2768 :	000011110101000111110101;
	2767 :	000011110101101111001100;
	2766 :	000011110110010110010001;
	2765 :	000011110110111101000101;
	2764 :	000011110111100011100110;
	2763 :	000011111000001001110101;
	2762 :	000011111000101111110010;
	2761 :	000011111001010101011100;
	2760 :	000011111001111010110011;
	2759 :	000011111010011111111000;
	2758 :	000011111011000100101001;
	2757 :	000011111011101001001000;
	2756 :	000011111100001101010011;
	2755 :	000011111100110001001010;
	2754 :	000011111101010100101110;
	2753 :	000011111101110111111110;
	2752 :	000011111110011010111011;
	2751 :	000011111110111101100011;
	2750 :	000011111111011111110111;
	2749 :	000100000000000001110110;
	2748 :	000100000000100011100001;
	2747 :	000100000001000100110111;
	2746 :	000100000001100101111001;
	2745 :	000100000010000110100101;
	2744 :	000100000010100110111101;
	2743 :	000100000011000110111111;
	2742 :	000100000011100110101100;
	2741 :	000100000100000110000011;
	2740 :	000100000100100101000100;
	2739 :	000100000101000011110000;
	2738 :	000100000101100010000110;
	2737 :	000100000110000000000110;
	2736 :	000100000110011101101111;
	2735 :	000100000110111011000011;
	2734 :	000100000111010111111111;
	2733 :	000100000111110100100110;
	2732 :	000100001000010000110101;
	2731 :	000100001000101100101110;
	2730 :	000100001001001000010000;
	2729 :	000100001001100011011011;
	2728 :	000100001001111110001110;
	2727 :	000100001010011000101010;
	2726 :	000100001010110010101111;
	2725 :	000100001011001100011100;
	2724 :	000100001011100101110010;
	2723 :	000100001011111110110000;
	2722 :	000100001100010111010110;
	2721 :	000100001100101111100100;
	2720 :	000100001101000111011001;
	2719 :	000100001101011110110111;
	2718 :	000100001101110101111100;
	2717 :	000100001110001100101001;
	2716 :	000100001110100010111110;
	2715 :	000100001110111000111010;
	2714 :	000100001111001110011101;
	2713 :	000100001111100011100111;
	2712 :	000100001111111000011000;
	2711 :	000100010000001100110001;
	2710 :	000100010000100000110000;
	2709 :	000100010000110100010110;
	2708 :	000100010001000111100011;
	2707 :	000100010001011010010111;
	2706 :	000100010001101100110001;
	2705 :	000100010001111110110001;
	2704 :	000100010010010000011000;
	2703 :	000100010010100001100110;
	2702 :	000100010010110010011001;
	2701 :	000100010011000010110011;
	2700 :	000100010011010010110011;
	2699 :	000100010011100010011001;
	2698 :	000100010011110001100101;
	2697 :	000100010100000000010110;
	2696 :	000100010100001110101110;
	2695 :	000100010100011100101011;
	2694 :	000100010100101010001110;
	2693 :	000100010100110111010110;
	2692 :	000100010101000100000101;
	2691 :	000100010101010000011000;
	2690 :	000100010101011100010001;
	2689 :	000100010101100111110000;
	2688 :	000100010101110010110100;
	2687 :	000100010101111101011101;
	2686 :	000100010110000111101011;
	2685 :	000100010110010001011111;
	2684 :	000100010110011010110111;
	2683 :	000100010110100011110101;
	2682 :	000100010110101100011000;
	2681 :	000100010110110100100000;
	2680 :	000100010110111100001101;
	2679 :	000100010111000011011111;
	2678 :	000100010111001010010110;
	2677 :	000100010111010000110001;
	2676 :	000100010111010110110010;
	2675 :	000100010111011100011000;
	2674 :	000100010111100001100010;
	2673 :	000100010111100110010001;
	2672 :	000100010111101010100101;
	2671 :	000100010111101110011101;
	2670 :	000100010111110001111010;
	2669 :	000100010111110100111100;
	2668 :	000100010111110111100011;
	2667 :	000100010111111001101111;
	2666 :	000100010111111011011111;
	2665 :	000100010111111100110011;
	2664 :	000100010111111101101101;
	2663 :	000100010111111110001011;
	2662 :	000100010111111110001110;
	2661 :	000100010111111101110101;
	2660 :	000100010111111101000001;
	2659 :	000100010111111011110010;
	2658 :	000100010111111010000111;
	2657 :	000100010111111000000001;
	2656 :	000100010111110101100000;
	2655 :	000100010111110010100011;
	2654 :	000100010111101111001100;
	2653 :	000100010111101011011000;
	2652 :	000100010111100111001010;
	2651 :	000100010111100010100001;
	2650 :	000100010111011101011100;
	2649 :	000100010111010111111100;
	2648 :	000100010111010010000001;
	2647 :	000100010111001011101010;
	2646 :	000100010111000100111001;
	2645 :	000100010110111101101100;
	2644 :	000100010110110110000101;
	2643 :	000100010110101110000010;
	2642 :	000100010110100101100101;
	2641 :	000100010110011100101100;
	2640 :	000100010110010011011001;
	2639 :	000100010110001001101011;
	2638 :	000100010101111111100010;
	2637 :	000100010101110100111110;
	2636 :	000100010101101001111111;
	2635 :	000100010101011110100110;
	2634 :	000100010101010010110011;
	2633 :	000100010101000110100100;
	2632 :	000100010100111001111011;
	2631 :	000100010100101100111000;
	2630 :	000100010100011111011010;
	2629 :	000100010100010001100010;
	2628 :	000100010100000011010000;
	2627 :	000100010011110100100100;
	2626 :	000100010011100101011101;
	2625 :	000100010011010101111101;
	2624 :	000100010011000110000010;
	2623 :	000100010010110101101101;
	2622 :	000100010010100100111111;
	2621 :	000100010010010011110111;
	2620 :	000100010010000010010101;
	2619 :	000100010001110000011001;
	2618 :	000100010001011110000100;
	2617 :	000100010001001011010110;
	2616 :	000100010000111000001110;
	2615 :	000100010000100100101101;
	2614 :	000100010000010000110011;
	2613 :	000100001111111100011111;
	2612 :	000100001111100111110011;
	2611 :	000100001111010010101110;
	2610 :	000100001110111101001111;
	2609 :	000100001110100111011001;
	2608 :	000100001110010001001001;
	2607 :	000100001101111010100001;
	2606 :	000100001101100011100001;
	2605 :	000100001101001100001000;
	2604 :	000100001100110100010111;
	2603 :	000100001100011100001110;
	2602 :	000100001100000011101100;
	2601 :	000100001011101010110011;
	2600 :	000100001011010001100010;
	2599 :	000100001010110111111010;
	2598 :	000100001010011101111010;
	2597 :	000100001010000011100010;
	2596 :	000100001001101000110011;
	2595 :	000100001001001101101101;
	2594 :	000100001000110010010000;
	2593 :	000100001000010110011100;
	2592 :	000100000111111010010001;
	2591 :	000100000111011101101111;
	2590 :	000100000111000000110111;
	2589 :	000100000110100011101000;
	2588 :	000100000110000110000011;
	2587 :	000100000101101000001000;
	2586 :	000100000101001001110110;
	2585 :	000100000100101011001111;
	2584 :	000100000100001100010010;
	2583 :	000100000011101100111111;
	2582 :	000100000011001101010110;
	2581 :	000100000010101101011000;
	2580 :	000100000010001101000101;
	2579 :	000100000001101100011101;
	2578 :	000100000001001011100000;
	2577 :	000100000000101010001110;
	2576 :	000100000000001000100111;
	2575 :	000011111111100110101011;
	2574 :	000011111111000100011100;
	2573 :	000011111110100001110111;
	2572 :	000011111101111110111111;
	2571 :	000011111101011011110011;
	2570 :	000011111100111000010011;
	2569 :	000011111100010100011111;
	2568 :	000011111011110000011000;
	2567 :	000011111011001011111110;
	2566 :	000011111010100111010000;
	2565 :	000011111010000010001111;
	2564 :	000011111001011100111100;
	2563 :	000011111000110111010101;
	2562 :	000011111000010001011100;
	2561 :	000011110111101011010001;
	2560 :	000011110111000100110011;
	2559 :	000011110110011110000011;
	2558 :	000011110101110111000010;
	2557 :	000011110101001111101110;
	2556 :	000011110100101000001001;
	2555 :	000011110100000000010010;
	2554 :	000011110011011000001011;
	2553 :	000011110010101111110010;
	2552 :	000011110010000111001000;
	2551 :	000011110001011110001101;
	2550 :	000011110000110101000010;
	2549 :	000011110000001011100110;
	2548 :	000011101111100001111010;
	2547 :	000011101110110111111110;
	2546 :	000011101110001101110011;
	2545 :	000011101101100011010111;
	2544 :	000011101100111000101100;
	2543 :	000011101100001101110001;
	2542 :	000011101011100010100111;
	2541 :	000011101010110111001110;
	2540 :	000011101010001011100110;
	2539 :	000011101001011111110000;
	2538 :	000011101000110011101011;
	2537 :	000011101000000111010111;
	2536 :	000011100111011010110110;
	2535 :	000011100110101110000110;
	2534 :	000011100110000001001001;
	2533 :	000011100101010011111110;
	2532 :	000011100100100110100101;
	2531 :	000011100011111001000000;
	2530 :	000011100011001011001101;
	2529 :	000011100010011101001101;
	2528 :	000011100001101111000001;
	2527 :	000011100001000000101000;
	2526 :	000011100000010010000010;
	2525 :	000011011111100011010001;
	2524 :	000011011110110100010011;
	2523 :	000011011110000101001010;
	2522 :	000011011101010101110101;
	2521 :	000011011100100110010100;
	2520 :	000011011011110110101000;
	2519 :	000011011011000110110010;
	2518 :	000011011010010110110000;
	2517 :	000011011001100110100011;
	2516 :	000011011000110110001100;
	2515 :	000011011000000101101011;
	2514 :	000011010111010100111111;
	2513 :	000011010110100100001010;
	2512 :	000011010101110011001011;
	2511 :	000011010101000010000010;
	2510 :	000011010100010000101111;
	2509 :	000011010011011111010100;
	2508 :	000011010010101101101111;
	2507 :	000011010001111100000001;
	2506 :	000011010001001010001011;
	2505 :	000011010000011000001100;
	2504 :	000011001111100110000101;
	2503 :	000011001110110011110110;
	2502 :	000011001110000001011111;
	2501 :	000011001101001111000000;
	2500 :	000011001100011100011001;
	2499 :	000011001011101001101011;
	2498 :	000011001010110110110110;
	2497 :	000011001010000011111001;
	2496 :	000011001001010000110110;
	2495 :	000011001000011101101100;
	2494 :	000011000111101010011100;
	2493 :	000011000110110111000101;
	2492 :	000011000110000011101001;
	2491 :	000011000101010000000110;
	2490 :	000011000100011100011101;
	2489 :	000011000011101000101111;
	2488 :	000011000010110100111100;
	2487 :	000011000010000001000011;
	2486 :	000011000001001101000101;
	2485 :	000011000000011001000011;
	2484 :	000010111111100100111011;
	2483 :	000010111110110000101111;
	2482 :	000010111101111100011111;
	2481 :	000010111101001000001011;
	2480 :	000010111100010011110010;
	2479 :	000010111011011111010110;
	2478 :	000010111010101010110111;
	2477 :	000010111001110110010011;
	2476 :	000010111001000001101101;
	2475 :	000010111000001101000011;
	2474 :	000010110111011000010111;
	2473 :	000010110110100011101000;
	2472 :	000010110101101110110110;
	2471 :	000010110100111010000001;
	2470 :	000010110100000101001011;
	2469 :	000010110011010000010010;
	2468 :	000010110010011011011000;
	2467 :	000010110001100110011100;
	2466 :	000010110000110001011110;
	2465 :	000010101111111100011111;
	2464 :	000010101111000111011111;
	2463 :	000010101110010010011101;
	2462 :	000010101101011101011011;
	2461 :	000010101100101000011000;
	2460 :	000010101011110011010100;
	2459 :	000010101010111110010000;
	2458 :	000010101010001001001100;
	2457 :	000010101001010100001000;
	2456 :	000010101000011111000100;
	2455 :	000010100111101010000000;
	2454 :	000010100110110100111101;
	2453 :	000010100101111111111010;
	2452 :	000010100101001010111000;
	2451 :	000010100100010101110110;
	2450 :	000010100011100000110110;
	2449 :	000010100010101011110111;
	2448 :	000010100001110110111010;
	2447 :	000010100001000001111101;
	2446 :	000010100000001101000011;
	2445 :	000010011111011000001010;
	2444 :	000010011110100011010100;
	2443 :	000010011101101110011111;
	2442 :	000010011100111001101101;
	2441 :	000010011100000100111101;
	2440 :	000010011011010000010000;
	2439 :	000010011010011011100101;
	2438 :	000010011001100110111110;
	2437 :	000010011000110010011001;
	2436 :	000010010111111101110111;
	2435 :	000010010111001001011001;
	2434 :	000010010110010100111110;
	2433 :	000010010101100000100111;
	2432 :	000010010100101100010100;
	2431 :	000010010011111000000100;
	2430 :	000010010011000011111001;
	2429 :	000010010010001111110001;
	2428 :	000010010001011011101110;
	2427 :	000010010000100111101111;
	2426 :	000010001111110011110101;
	2425 :	000010001110111111111111;
	2424 :	000010001110001100001110;
	2423 :	000010001101011000100010;
	2422 :	000010001100100100111011;
	2421 :	000010001011110001011010;
	2420 :	000010001010111101111101;
	2419 :	000010001010001010100111;
	2418 :	000010001001010111010101;
	2417 :	000010001000100100001010;
	2416 :	000010000111110001000100;
	2415 :	000010000110111110000100;
	2414 :	000010000110001011001010;
	2413 :	000010000101011000010110;
	2412 :	000010000100100101101001;
	2411 :	000010000011110011000010;
	2410 :	000010000011000000100010;
	2409 :	000010000010001110001000;
	2408 :	000010000001011011110101;
	2407 :	000010000000101001101001;
	2406 :	000001111111110111100011;
	2405 :	000001111111000101100101;
	2404 :	000001111110010011101110;
	2403 :	000001111101100001111111;
	2402 :	000001111100110000010110;
	2401 :	000001111011111110110110;
	2400 :	000001111011001101011101;
	2399 :	000001111010011100001011;
	2398 :	000001111001101011000010;
	2397 :	000001111000111010000000;
	2396 :	000001111000001001000110;
	2395 :	000001110111011000010101;
	2394 :	000001110110100111101100;
	2393 :	000001110101110111001011;
	2392 :	000001110101000110110010;
	2391 :	000001110100010110100010;
	2390 :	000001110011100110011010;
	2389 :	000001110010110110011100;
	2388 :	000001110010000110100110;
	2387 :	000001110001010110111001;
	2386 :	000001110000100111010100;
	2385 :	000001101111110111111001;
	2384 :	000001101111001000100111;
	2383 :	000001101110011001011110;
	2382 :	000001101101101010011111;
	2381 :	000001101100111011101000;
	2380 :	000001101100001100111100;
	2379 :	000001101011011110011000;
	2378 :	000001101010101111111111;
	2377 :	000001101010000001101111;
	2376 :	000001101001010011101001;
	2375 :	000001101000100101101100;
	2374 :	000001100111110111111010;
	2373 :	000001100111001010010001;
	2372 :	000001100110011100110011;
	2371 :	000001100101101111011111;
	2370 :	000001100101000010010100;
	2369 :	000001100100010101010100;
	2368 :	000001100011101000011111;
	2367 :	000001100010111011110100;
	2366 :	000001100010001111010011;
	2365 :	000001100001100010111100;
	2364 :	000001100000110110110001;
	2363 :	000001100000001010110000;
	2362 :	000001011111011110111001;
	2361 :	000001011110110011001101;
	2360 :	000001011110000111101101;
	2359 :	000001011101011100010111;
	2358 :	000001011100110001001011;
	2357 :	000001011100000110001011;
	2356 :	000001011011011011010110;
	2355 :	000001011010110000101100;
	2354 :	000001011010000110001101;
	2353 :	000001011001011011111001;
	2352 :	000001011000110001110000;
	2351 :	000001011000000111110011;
	2350 :	000001010111011110000001;
	2349 :	000001010110110100011010;
	2348 :	000001010110001010111110;
	2347 :	000001010101100001101110;
	2346 :	000001010100111000101010;
	2345 :	000001010100001111110001;
	2344 :	000001010011100111000011;
	2343 :	000001010010111110100001;
	2342 :	000001010010010110001011;
	2341 :	000001010001101110000000;
	2340 :	000001010001000110000001;
	2339 :	000001010000011110001110;
	2338 :	000001001111110110100110;
	2337 :	000001001111001111001010;
	2336 :	000001001110100111111010;
	2335 :	000001001110000000110110;
	2334 :	000001001101011001111110;
	2333 :	000001001100110011010001;
	2332 :	000001001100001100110001;
	2331 :	000001001011100110011100;
	2330 :	000001001011000000010011;
	2329 :	000001001010011010010111;
	2328 :	000001001001110100100110;
	2327 :	000001001001001111000001;
	2326 :	000001001000101001101000;
	2325 :	000001001000000100011100;
	2324 :	000001000111011111011011;
	2323 :	000001000110111010100111;
	2322 :	000001000110010101111110;
	2321 :	000001000101110001100010;
	2320 :	000001000101001101010010;
	2319 :	000001000100101001001110;
	2318 :	000001000100000101010110;
	2317 :	000001000011100001101010;
	2316 :	000001000010111110001010;
	2315 :	000001000010011010110111;
	2314 :	000001000001110111110000;
	2313 :	000001000001010100110101;
	2312 :	000001000000110010000110;
	2311 :	000001000000001111100011;
	2310 :	000000111111101101001101;
	2309 :	000000111111001011000010;
	2308 :	000000111110101001000100;
	2307 :	000000111110000111010010;
	2306 :	000000111101100101101101;
	2305 :	000000111101000100010011;
	2304 :	000000111100100011000110;
	2303 :	000000111100000010000101;
	2302 :	000000111011100001010000;
	2301 :	000000111011000000100111;
	2300 :	000000111010100000001011;
	2299 :	000000111001111111111010;
	2298 :	000000111001011111110110;
	2297 :	000000111000111111111110;
	2296 :	000000111000100000010010;
	2295 :	000000111000000000110011;
	2294 :	000000110111100001011111;
	2293 :	000000110111000010010111;
	2292 :	000000110110100011011100;
	2291 :	000000110110000100101101;
	2290 :	000000110101100110001010;
	2289 :	000000110101000111110011;
	2288 :	000000110100101001100111;
	2287 :	000000110100001011101000;
	2286 :	000000110011101101110101;
	2285 :	000000110011010000001111;
	2284 :	000000110010110010110100;
	2283 :	000000110010010101100101;
	2282 :	000000110001111000100001;
	2281 :	000000110001011011101010;
	2280 :	000000110000111110111111;
	2279 :	000000110000100010100000;
	2278 :	000000110000000110001100;
	2277 :	000000101111101010000101;
	2276 :	000000101111001110001001;
	2275 :	000000101110110010011001;
	2274 :	000000101110010110110101;
	2273 :	000000101101111011011101;
	2272 :	000000101101100000010000;
	2271 :	000000101101000101001111;
	2270 :	000000101100101010011010;
	2269 :	000000101100001111110000;
	2268 :	000000101011110101010010;
	2267 :	000000101011011010111111;
	2266 :	000000101011000000111001;
	2265 :	000000101010100110111101;
	2264 :	000000101010001101001101;
	2263 :	000000101001110011101001;
	2262 :	000000101001011010010000;
	2261 :	000000101001000001000011;
	2260 :	000000101000101000000000;
	2259 :	000000101000001111001010;
	2258 :	000000100111110110011110;
	2257 :	000000100111011101111110;
	2256 :	000000100111000101101001;
	2255 :	000000100110101101011111;
	2254 :	000000100110010101100001;
	2253 :	000000100101111101101101;
	2252 :	000000100101100110000101;
	2251 :	000000100101001110101000;
	2250 :	000000100100110111010110;
	2249 :	000000100100100000001111;
	2248 :	000000100100001001010010;
	2247 :	000000100011110010100001;
	2246 :	000000100011011011111011;
	2245 :	000000100011000101011111;
	2244 :	000000100010101111001110;
	2243 :	000000100010011001001000;
	2242 :	000000100010000011001101;
	2241 :	000000100001101101011101;
	2240 :	000000100001010111110111;
	2239 :	000000100001000010011011;
	2238 :	000000100000101101001011;
	2237 :	000000100000011000000100;
	2236 :	000000100000000011001001;
	2235 :	000000011111101110010111;
	2234 :	000000011111011001110000;
	2233 :	000000011111000101010100;
	2232 :	000000011110110001000001;
	2231 :	000000011110011100111001;
	2230 :	000000011110001000111100;
	2229 :	000000011101110101001000;
	2228 :	000000011101100001011111;
	2227 :	000000011101001101111111;
	2226 :	000000011100111010101010;
	2225 :	000000011100100111011110;
	2224 :	000000011100010100011101;
	2223 :	000000011100000001100110;
	2222 :	000000011011101110111000;
	2221 :	000000011011011100010100;
	2220 :	000000011011001001111010;
	2219 :	000000011010110111101010;
	2218 :	000000011010100101100011;
	2217 :	000000011010010011100110;
	2216 :	000000011010000001110011;
	2215 :	000000011001110000001001;
	2214 :	000000011001011110101000;
	2213 :	000000011001001101010001;
	2212 :	000000011000111100000100;
	2211 :	000000011000101011000000;
	2210 :	000000011000011010000101;
	2209 :	000000011000001001010011;
	2208 :	000000010111111000101010;
	2207 :	000000010111101000001011;
	2206 :	000000010111010111110101;
	2205 :	000000010111000111101000;
	2204 :	000000010110110111100011;
	2203 :	000000010110100111101000;
	2202 :	000000010110010111110110;
	2201 :	000000010110001000001100;
	2200 :	000000010101111000101100;
	2199 :	000000010101101001010100;
	2198 :	000000010101011010000101;
	2197 :	000000010101001010111110;
	2196 :	000000010100111100000000;
	2195 :	000000010100101101001011;
	2194 :	000000010100011110011110;
	2193 :	000000010100001111111010;
	2192 :	000000010100000001011110;
	2191 :	000000010011110011001010;
	2190 :	000000010011100100111111;
	2189 :	000000010011010110111100;
	2188 :	000000010011001001000001;
	2187 :	000000010010111011001110;
	2186 :	000000010010101101100100;
	2185 :	000000010010100000000001;
	2184 :	000000010010010010100110;
	2183 :	000000010010000101010100;
	2182 :	000000010001111000001001;
	2181 :	000000010001101011000111;
	2180 :	000000010001011110001100;
	2179 :	000000010001010001011000;
	2178 :	000000010001000100101101;
	2177 :	000000010000111000001001;
	2176 :	000000010000101011101101;
	2175 :	000000010000011111011000;
	2174 :	000000010000010011001011;
	2173 :	000000010000000111000101;
	2172 :	000000001111111011000111;
	2171 :	000000001111101111010000;
	2170 :	000000001111100011100001;
	2169 :	000000001111010111111000;
	2168 :	000000001111001100010111;
	2167 :	000000001111000000111101;
	2166 :	000000001110110101101010;
	2165 :	000000001110101010011110;
	2164 :	000000001110011111011010;
	2163 :	000000001110010100011100;
	2162 :	000000001110001001100101;
	2161 :	000000001101111110110101;
	2160 :	000000001101110100001100;
	2159 :	000000001101101001101001;
	2158 :	000000001101011111001110;
	2157 :	000000001101010100111000;
	2156 :	000000001101001010101010;
	2155 :	000000001101000000100010;
	2154 :	000000001100110110100001;
	2153 :	000000001100101100100110;
	2152 :	000000001100100010110010;
	2151 :	000000001100011001000100;
	2150 :	000000001100001111011100;
	2149 :	000000001100000101111011;
	2148 :	000000001011111100011111;
	2147 :	000000001011110011001010;
	2146 :	000000001011101001111100;
	2145 :	000000001011100000110011;
	2144 :	000000001011010111110000;
	2143 :	000000001011001110110100;
	2142 :	000000001011000101111101;
	2141 :	000000001010111101001100;
	2140 :	000000001010110100100001;
	2139 :	000000001010101011111100;
	2138 :	000000001010100011011101;
	2137 :	000000001010011011000011;
	2136 :	000000001010010010101111;
	2135 :	000000001010001010100001;
	2134 :	000000001010000010011000;
	2133 :	000000001001111010010101;
	2132 :	000000001001110010010111;
	2131 :	000000001001101010011111;
	2130 :	000000001001100010101100;
	2129 :	000000001001011010111111;
	2128 :	000000001001010011010111;
	2127 :	000000001001001011110100;
	2126 :	000000001001000100010110;
	2125 :	000000001000111100111110;
	2124 :	000000001000110101101011;
	2123 :	000000001000101110011100;
	2122 :	000000001000100111010011;
	2121 :	000000001000100000001111;
	2120 :	000000001000011001010000;
	2119 :	000000001000010010010110;
	2118 :	000000001000001011100001;
	2117 :	000000001000000100110000;
	2116 :	000000000111111110000100;
	2115 :	000000000111110111011110;
	2114 :	000000000111110000111011;
	2113 :	000000000111101010011110;
	2112 :	000000000111100100000101;
	2111 :	000000000111011101110001;
	2110 :	000000000111010111100001;
	2109 :	000000000111010001010110;
	2108 :	000000000111001011001111;
	2107 :	000000000111000101001101;
	2106 :	000000000110111111001111;
	2105 :	000000000110111001010101;
	2104 :	000000000110110011100000;
	2103 :	000000000110101101101111;
	2102 :	000000000110101000000011;
	2101 :	000000000110100010011010;
	2100 :	000000000110011100110110;
	2099 :	000000000110010111010110;
	2098 :	000000000110010001111001;
	2097 :	000000000110001100100001;
	2096 :	000000000110000111001101;
	2095 :	000000000110000001111101;
	2094 :	000000000101111100110001;
	2093 :	000000000101110111101001;
	2092 :	000000000101110010100100;
	2091 :	000000000101101101100011;
	2090 :	000000000101101000100111;
	2089 :	000000000101100011101110;
	2088 :	000000000101011110111000;
	2087 :	000000000101011010000110;
	2086 :	000000000101010101011000;
	2085 :	000000000101010000101110;
	2084 :	000000000101001100000111;
	2083 :	000000000101000111100100;
	2082 :	000000000101000011000100;
	2081 :	000000000100111110101000;
	2080 :	000000000100111010001111;
	2079 :	000000000100110101111001;
	2078 :	000000000100110001100111;
	2077 :	000000000100101101011000;
	2076 :	000000000100101001001100;
	2075 :	000000000100100101000100;
	2074 :	000000000100100000111111;
	2073 :	000000000100011100111101;
	2072 :	000000000100011000111110;
	2071 :	000000000100010101000011;
	2070 :	000000000100010001001010;
	2069 :	000000000100001101010101;
	2068 :	000000000100001001100011;
	2067 :	000000000100000101110011;
	2066 :	000000000100000010000111;
	2065 :	000000000011111110011110;
	2064 :	000000000011111010110111;
	2063 :	000000000011110111010011;
	2062 :	000000000011110011110011;
	2061 :	000000000011110000010101;
	2060 :	000000000011101100111010;
	2059 :	000000000011101001100001;
	2058 :	000000000011100110001100;
	2057 :	000000000011100010111001;
	2056 :	000000000011011111101000;
	2055 :	000000000011011100011011;
	2054 :	000000000011011001010000;
	2053 :	000000000011010110000111;
	2052 :	000000000011010011000010;
	2051 :	000000000011001111111110;
	2050 :	000000000011001100111110;
	2049 :	000000000011001001111111;
	2048 :	000000000011000111000011;
	2047 :	000000000011000100001010;
	2046 :	000000000011000001010011;
	2045 :	000000000010111110011110;
	2044 :	000000000010111011101100;
	2043 :	000000000010111000111100;
	2042 :	000000000010110110001110;
	2041 :	000000000010110011100011;
	2040 :	000000000010110000111010;
	2039 :	000000000010101110010011;
	2038 :	000000000010101011101110;
	2037 :	000000000010101001001100;
	2036 :	000000000010100110101011;
	2035 :	000000000010100100001101;
	2034 :	000000000010100001110001;
	2033 :	000000000010011111010111;
	2032 :	000000000010011100111111;
	2031 :	000000000010011010101001;
	2030 :	000000000010011000010101;
	2029 :	000000000010010110000011;
	2028 :	000000000010010011110011;
	2027 :	000000000010010001100100;
	2026 :	000000000010001111011000;
	2025 :	000000000010001101001110;
	2024 :	000000000010001011000101;
	2023 :	000000000010001000111111;
	2022 :	000000000010000110111010;
	2021 :	000000000010000100110111;
	2020 :	000000000010000010110110;
	2019 :	000000000010000000110110;
	2018 :	000000000001111110111000;
	2017 :	000000000001111100111100;
	2016 :	000000000001111011000010;
	2015 :	000000000001111001001001;
	2014 :	000000000001110111010010;
	2013 :	000000000001110101011101;
	2012 :	000000000001110011101001;
	2011 :	000000000001110001110111;
	2010 :	000000000001110000000110;
	2009 :	000000000001101110010111;
	2008 :	000000000001101100101001;
	2007 :	000000000001101010111101;
	2006 :	000000000001101001010011;
	2005 :	000000000001100111101001;
	2004 :	000000000001100110000010;
	2003 :	000000000001100100011011;
	2002 :	000000000001100010110110;
	2001 :	000000000001100001010011;
	2000 :	000000000001011111110000;
	1999 :	000000000001011110001111;
	1998 :	000000000001011100110000;
	1997 :	000000000001011011010001;
	1996 :	000000000001011001110100;
	1995 :	000000000001011000011000;
	1994 :	000000000001010110111110;
	1993 :	000000000001010101100100;
	1992 :	000000000001010100001100;
	1991 :	000000000001010010110100;
	1990 :	000000000001010001011110;
	1989 :	000000000001010000001001;
	1988 :	000000000001001110110101;
	1987 :	000000000001001101100010;
	1986 :	000000000001001100001111;
	1985 :	000000000001001010111110;
	1984 :	000000000001001001101110;
	1983 :	000000000001001000011110;
	1982 :	000000000001000111010000;
	1981 :	000000000001000110000010;
	1980 :	000000000001000100110101;
	1979 :	000000000001000011101000;
	1978 :	000000000001000010011100;
	1977 :	000000000001000001010001;
	1976 :	000000000001000000000111;
	1975 :	000000000000111110111101;
	1974 :	000000000000111101110011;
	1973 :	000000000000111100101010;
	1972 :	000000000000111011100001;
	1971 :	000000000000111010011000;
	1970 :	000000000000111001001111;
	1969 :	000000000000111000000111;
	1968 :	000000000000110110111111;
	1967 :	000000000000110101110110;
	1966 :	000000000000110100101110;
	1965 :	000000000000110011100101;
	1964 :	000000000000110010011100;
	1963 :	000000000000110001010011;
	1962 :	000000000000110000001001;
	1961 :	000000000000101110111110;
	1960 :	000000000000101101110011;
	1959 :	000000000000101100100111;
	1958 :	000000000000101011011001;
	1957 :	000000000000101010001011;
	1956 :	000000000000101000111011;
	1955 :	000000000000100111101010;
	1954 :	000000000000100110010111;
	1953 :	000000000000100101000010;
	1952 :	000000000000100011101011;
	1951 :	000000000000100010010010;
	1950 :	000000000000100000110110;
	1949 :	000000000000011111011000;
	1948 :	000000000000011101110111;
	1947 :	000000000000011100010010;
	1946 :	000000000000011010101011;
	1945 :	000000000000011000111111;
	1944 :	000000000000010111001111;
	1943 :	000000000000010101011011;
	1942 :	000000000000010011100010;
	1941 :	000000000000010001100100;
	1940 :	000000000000001111100000;
	1939 :	000000000000001101010111;
	1938 :	000000000000001011000111;
	1937 :	000000000000001000110001;
	1936 :	000000000000000110010011;
	1935 :	000000000000000011101110;
	1934 :	000000000000000001000000;
	1933 :	111111111111111110001001;
	1932 :	111111111111111011001010;
	1931 :	111111111111111000000000;
	1930 :	111111111111110100101100;
	1929 :	111111111111110001001100;
	1928 :	111111111111101101100000;
	1927 :	111111111111101001101000;
	1926 :	111111111111100101100011;
	1925 :	111111111111100001001111;
	1924 :	111111111111011100101100;
	1923 :	111111111111010111111001;
	1922 :	111111111111010010110101;
	1921 :	111111111111001101100000;
	1920 :	111111111111000111111000;
	1919 :	111111111111000001111011;
	1918 :	111111111110111011101010;
	1917 :	111111111110110101000011;
	1916 :	111111111110101110000101;
	1915 :	111111111110100110101110;
	1914 :	111111111110011110111110;
	1913 :	111111111110010110110011;
	1912 :	111111111110001110001011;
	1911 :	111111111110000101000110;
	1910 :	111111111101111011100001;
	1909 :	111111111101110001011011;
	1908 :	111111111101100110110100;
	1907 :	111111111101011011101000;
	1906 :	111111111101001111110111;
	1905 :	111111111101000011011110;
	1904 :	111111111100110110011100;
	1903 :	111111111100101000101111;
	1902 :	111111111100011010010101;
	1901 :	111111111100001011001100;
	1900 :	111111111011111011010011;
	1899 :	111111111011101010100110;
	1898 :	111111111011011001000100;
	1897 :	111111111011000110101011;
	1896 :	111111111010110011011001;
	1895 :	111111111010011111001010;
	1894 :	111111111010001001111110;
	1893 :	111111111001110011110001;
	1892 :	111111111001011100100000;
	1891 :	111111111001000100001010;
	1890 :	111111111000101010101100;
	1889 :	111111111000010000000100;
	1888 :	111111110111110100001110;
	1887 :	111111110111010111000111;
	1886 :	111111110110111000101110;
	1885 :	111111110110011001000000;
	1884 :	111111110101110111111000;
	1883 :	111111110101010101010110;
	1882 :	111111110100110001010101;
	1881 :	111111110100001011110100;
	1880 :	111111110011100100101110;
	1879 :	111111110010111100000001;
	1878 :	111111110010010001101011;
	1877 :	111111110001100101100111;
	1876 :	111111110000110111110100;
	1875 :	111111110000001000001101;
	1874 :	111111101111010110110001;
	1873 :	111111101110100011011011;
	1872 :	111111101101101110001010;
	1871 :	111111101100110110111010;
	1870 :	111111101011111101101001;
	1869 :	111111101011000010010010;
	1868 :	111111101010000100110101;
	1867 :	111111101001000101001100;
	1866 :	111111101000000011010111;
	1865 :	111111100110111111010010;
	1864 :	111111100101111000111011;
	1863 :	111111100100110000001110;
	1862 :	111111100011100101001011;
	1861 :	111111100010010111101101;
	1860 :	111111100001000111110011;
	1859 :	111111011111110101011011;
	1858 :	111111011110100000100011;
	1857 :	111111011101001001001000;
	1856 :	111111011011101111001001;
	1855 :	111111011010010010100100;
	1854 :	111111011000110011011000;
	1853 :	111111010111010001100011;
	1852 :	111111010101101101000101;
	1851 :	111111010100000101111011;
	1850 :	111111010010011100000110;
	1849 :	111111010000101111100100;
	1848 :	111111001111000000010110;
	1847 :	111111001101001110011010;
	1846 :	111111001011011001110001;
	1845 :	111111001001100010011100;
	1844 :	111111000111101000011010;
	1843 :	111111000101101011101101;
	1842 :	111111000011101100010101;
	1841 :	111111000001101010010100;
	1840 :	111110111111100101101011;
	1839 :	111110111101011110011101;
	1838 :	111110111011010100101010;
	1837 :	111110111001001000010110;
	1836 :	111110110110111001100011;
	1835 :	111110110100101000010100;
	1834 :	111110110010010100101101;
	1833 :	111110101111111110110001;
	1832 :	111110101101100110100101;
	1831 :	111110101011001100001100;
	1830 :	111110101000101111101011;
	1829 :	111110100110010001001000;
	1828 :	111110100011110000100111;
	1827 :	111110100001001110001111;
	1826 :	111110011110101010000101;
	1825 :	111110011100000100010000;
	1824 :	111110011001011100110111;
	1823 :	111110010110110100000001;
	1822 :	111110010100001001110101;
	1821 :	111110010001011110011011;
	1820 :	111110001110110001111100;
	1819 :	111110001100000100011111;
	1818 :	111110001001010110001111;
	1817 :	111110000110100111010100;
	1816 :	111110000011110111111000;
	1815 :	111110000001001000000110;
	1814 :	111101111110011000000110;
	1813 :	111101111011101000000101;
	1812 :	111101111000111000001101;
	1811 :	111101110110001000101001;
	1810 :	111101110011011001100110;
	1809 :	111101110000101011001111;
	1808 :	111101101101111101110001;
	1807 :	111101101011010001011000;
	1806 :	111101101000100110010001;
	1805 :	111101100101111100101001;
	1804 :	111101100011010100101110;
	1803 :	111101100000101110101110;
	1802 :	111101011110001010110110;
	1801 :	111101011011101001010101;
	1800 :	111101011001001010011001;
	1799 :	111101010110101110010010;
	1798 :	111101010100010101001101;
	1797 :	111101010001111111011001;
	1796 :	111101001111101101000111;
	1795 :	111101001101011110100110;
	1794 :	111101001011010100000100;
	1793 :	111101001001001101110010;
	1792 :	111101000111001100000000;
	1791 :	111101000101001110111101;
	1790 :	111101000011010110111001;
	1789 :	111101000001100100000101;
	1788 :	111100111111110110110001;
	1787 :	111100111110001111001100;
	1786 :	111100111100101101100111;
	1785 :	111100111011010010010010;
	1784 :	111100111001111101011110;
	1783 :	111100111000101111011010;
	1782 :	111100110111101000010111;
	1781 :	111100110110101000100100;
	1780 :	111100110101110000010011;
	1779 :	111100110100111111110010;
	1778 :	111100110100010111010001;
	1777 :	111100110011110111000001;
	1776 :	111100110011011111010001;
	1775 :	111100110011010000010000;
	1774 :	111100110011001010001101;
	1773 :	111100110011001101011000;
	1772 :	111100110011011010000000;
	1771 :	111100110011110000010011;
	1770 :	111100110100010000011111;
	1769 :	111100110100111010110100;
	1768 :	111100110101101111011111;
	1767 :	111100110110101110101110;
	1766 :	111100110111111000101110;
	1765 :	111100111001001101101100;
	1764 :	111100111010101101110110;
	1763 :	111100111100011001011000;
	1762 :	111100111110010000011110;
	1761 :	111101000000010011010101;
	1760 :	111101000010100010000111;
	1759 :	111101000100111101000000;
	1758 :	111101000111100100001011;
	1757 :	111101001010010111110010;
	1756 :	111101001101010111111111;
	1755 :	111101010000100100111100;
	1754 :	111101010011111110110010;
	1753 :	111101010111100101101010;
	1752 :	111101011011011001101101;
	1751 :	111101011111011011000001;
	1750 :	111101100011101001101111;
	1749 :	111101101000000101111101;
	1748 :	111101101100101111110010;
	1747 :	111101110001100111010011;
	1746 :	111101110110101100100111;
	1745 :	111101111011111111110001;
	1744 :	111110000001100000110111;
	1743 :	111110000111001111111100;
	1742 :	111110001101001101000010;
	1741 :	111110010011011000001110;
	1740 :	111110011001110001100000;
	1739 :	111110100000011000111010;
	1738 :	111110100111001110011101;
	1737 :	111110101110010010001001;
	1736 :	111110110101100011111110;
	1735 :	111110111101000011111010;
	1734 :	111111000100110001111011;
	1733 :	111111001100101101111111;
	1732 :	111111010100111000000010;
	1731 :	111111011101010000000001;
	1730 :	111111100101110101110111;
	1729 :	111111101110101001011111;
	1728 :	111111110111101010110001;
	1727 :	000000000000111001101000;
	1726 :	000000001010010101111010;
	1725 :	000000010011111111100001;
	1724 :	000000011101110110010001;
	1723 :	000000100111111010000010;
	1722 :	000000110010001010100111;
	1721 :	000000111100100111110101;
	1720 :	000001000111010001100000;
	1719 :	000001010010000111011000;
	1718 :	000001011101001001010000;
	1717 :	000001101000010110111000;
	1716 :	000001110011101111111111;
	1715 :	000001111111010100010101;
	1714 :	000010001011000011100111;
	1713 :	000010010110111101100001;
	1712 :	000010100011000001101111;
	1711 :	000010101111001111111101;
	1710 :	000010111011100111110100;
	1709 :	000011001000001000111100;
	1708 :	000011010100110010111111;
	1707 :	000011100001100101100010;
	1706 :	000011101110100000001101;
	1705 :	000011111011100010100011;
	1704 :	000100001000101100001010;
	1703 :	000100010101111100100100;
	1702 :	000100100011010011010011;
	1701 :	000100110000101111111001;
	1700 :	000100111110010001110110;
	1699 :	000101001011111000101001;
	1698 :	000101011001100011110010;
	1697 :	000101100111010010101110;
	1696 :	000101110101000100111001;
	1695 :	000110000010111001110000;
	1694 :	000110010000110000101110;
	1693 :	000110011110101001001101;
	1692 :	000110101100100010100111;
	1691 :	000110111010011100010110;
	1690 :	000111001000010101110000;
	1689 :	000111010110001110001111;
	1688 :	000111100100000101001000;
	1687 :	000111110001111001110011;
	1686 :	000111111111101011100101;
	1685 :	001000001101011001110100;
	1684 :	001000011011000011110101;
	1683 :	001000101000101000111100;
	1682 :	001000110110001000011101;
	1681 :	001001000011100001101101;
	1680 :	001001010000110100000000;
	1679 :	001001011101111110101000;
	1678 :	001001101011000000111001;
	1677 :	001001110111111010000111;
	1676 :	001010000100101001100101;
	1675 :	001010010001001110100111;
	1674 :	001010011101101000011111;
	1673 :	001010101001110110100010;
	1672 :	001010110101111000000011;
	1671 :	001011000001101100011000;
	1670 :	001011001101010010110100;
	1669 :	001011011000101010101100;
	1668 :	001011100011110011010111;
	1667 :	001011101110101100001011;
	1666 :	001011111001010100011110;
	1665 :	001100000011101011101001;
	1664 :	001100001101110001000010;
	1663 :	001100010111100100000101;
	1662 :	001100100001000100001010;
	1661 :	001100101010010000101110;
	1660 :	001100110011001001001011;
	1659 :	001100111011101101000000;
	1658 :	001101000011111011101011;
	1657 :	001101001011110100101100;
	1656 :	001101010011010111100011;
	1655 :	001101011010100011110100;
	1654 :	001101100001011001000001;
	1653 :	001101100111110110110000;
	1652 :	001101101101111100100111;
	1651 :	001101110011101010001111;
	1650 :	001101111000111111010010;
	1649 :	001101111101111011011011;
	1648 :	001110000010011110010111;
	1647 :	001110000110100111110101;
	1646 :	001110001010010111100101;
	1645 :	001110001101101101011010;
	1644 :	001110010000101001001000;
	1643 :	001110010011001010100101;
	1642 :	001110010101010001101000;
	1641 :	001110010110111110001100;
	1640 :	001110011000010000001010;
	1639 :	001110011001000111100010;
	1638 :	001110011001100100010001;
	1637 :	001110011001100110011010;
	1636 :	001110011001001101111110;
	1635 :	001110011000011011000010;
	1634 :	001110010111001101101110;
	1633 :	001110010101100110001010;
	1632 :	001110010011100100011111;
	1631 :	001110010001001000111010;
	1630 :	001110001110010011101000;
	1629 :	001110001011000100111001;
	1628 :	001110000111011100111111;
	1627 :	001110000011011100001011;
	1626 :	001101111111000010110100;
	1625 :	001101111010010001001101;
	1624 :	001101110101000111110001;
	1623 :	001101101111100110110110;
	1622 :	001101101001101110111001;
	1621 :	001101100011100000010100;
	1620 :	001101011100111011100101;
	1619 :	001101010110000001001100;
	1618 :	001101001110110001100111;
	1617 :	001101000111001101010111;
	1616 :	001100111111010100111111;
	1615 :	001100110111001001000010;
	1614 :	001100101110101010000011;
	1613 :	001100100101111000101001;
	1612 :	001100011100110101010111;
	1611 :	001100010011100000110111;
	1610 :	001100001001111011101101;
	1609 :	001100000000000110100011;
	1608 :	001011110110000010000001;
	1607 :	001011101011101110110000;
	1606 :	001011100001001101011001;
	1605 :	001011010110011110100111;
	1604 :	001011001011100011000011;
	1603 :	001011000000011011010111;
	1602 :	001010110101001000001111;
	1601 :	001010101001101010010101;
	1600 :	001010011110000010010100;
	1599 :	001010010010010000110110;
	1598 :	001010000110010110100110;
	1597 :	001001111010010100001110;
	1596 :	001001101110001010011001;
	1595 :	001001100001111001110001;
	1594 :	001001010101100010111111;
	1593 :	001001001001000110101101;
	1592 :	001000111100100101100100;
	1591 :	001000110000000000001101;
	1590 :	001000100011010111010000;
	1589 :	001000010110101011010100;
	1588 :	001000001001111101000000;
	1587 :	000111111101001100111011;
	1586 :	000111110000011011101010;
	1585 :	000111100011101001110011;
	1584 :	000111010110110111111011;
	1583 :	000111001010000110100101;
	1582 :	000110111101010110010100;
	1581 :	000110110000100111101010;
	1580 :	000110100011111011001001;
	1579 :	000110010111010001010010;
	1578 :	000110001010101010100100;
	1577 :	000101111110000111100000;
	1576 :	000101110001101000100010;
	1575 :	000101100101001110001000;
	1574 :	000101011000111000110000;
	1573 :	000101001100101000110100;
	1572 :	000101000000011110110000;
	1571 :	000100110100011010111101;
	1570 :	000100101000011101110101;
	1569 :	000100011100100111110001;
	1568 :	000100010000111001000111;
	1567 :	000100000101010010001111;
	1566 :	000011111001110011011110;
	1565 :	000011101110011101001001;
	1564 :	000011100011001111100101;
	1563 :	000011011000001011000100;
	1562 :	000011001101001111111010;
	1561 :	000011000010011110011000;
	1560 :	000010110111110110101111;
	1559 :	000010101101011001001111;
	1558 :	000010100011000110001000;
	1557 :	000010011000111101101000;
	1556 :	000010001110111111111101;
	1555 :	000010000101001101010101;
	1554 :	000001111011100101111100;
	1553 :	000001110010001001111101;
	1552 :	000001101000111001100101;
	1551 :	000001011111110100111100;
	1550 :	000001010110111100001101;
	1549 :	000001001110001111100001;
	1548 :	000001000101101111000000;
	1547 :	000000111101011010110010;
	1546 :	000000110101010010111101;
	1545 :	000000101101010111101000;
	1544 :	000000100101101000111010;
	1543 :	000000011110000110110110;
	1542 :	000000010110110001100001;
	1541 :	000000001111101001000000;
	1540 :	000000001000101101010101;
	1539 :	000000000001111110100010;
	1538 :	111111111011011100101011;
	1537 :	111111110101000111110000;
	1536 :	111111101110111111110011;
	1535 :	111111101001000100110010;
	1534 :	111111100011010110101111;
	1533 :	111111011101110101100111;
	1532 :	111111011000100001011010;
	1531 :	111111010011011010000100;
	1530 :	111111001110011111100100;
	1529 :	111111001001110001110110;
	1528 :	111111000101010000110110;
	1527 :	111111000000111100011111;
	1526 :	111110111100110100101101;
	1525 :	111110111000111001011010;
	1524 :	111110110101001010011111;
	1523 :	111110110001100111110110;
	1522 :	111110101110010001010111;
	1521 :	111110101011000110111011;
	1520 :	111110101000001000011001;
	1519 :	111110100101010101101000;
	1518 :	111110100010101110011110;
	1517 :	111110100000010010110011;
	1516 :	111110011110000010011010;
	1515 :	111110011011111101001010;
	1514 :	111110011010000010110110;
	1513 :	111110011000010011010011;
	1512 :	111110010110101110010100;
	1511 :	111110010101010011101100;
	1510 :	111110010100000011001111;
	1509 :	111110010010111100101101;
	1508 :	111110010001111111111010;
	1507 :	111110010001001100100111;
	1506 :	111110010000100010100100;
	1505 :	111110010000000001100100;
	1504 :	111110001111101001010101;
	1503 :	111110001111011001101000;
	1502 :	111110001111010010001110;
	1501 :	111110001111010010110110;
	1500 :	111110001111011011001111;
	1499 :	111110001111101011001000;
	1498 :	111110010000000010010001;
	1497 :	111110010000100000011001;
	1496 :	111110010001000101001101;
	1495 :	111110010001110000011101;
	1494 :	111110010010100001111000;
	1493 :	111110010011011001001100;
	1492 :	111110010100010110000110;
	1491 :	111110010101011000010111;
	1490 :	111110010110011111101100;
	1489 :	111110010111101011110011;
	1488 :	111110011000111100011101;
	1487 :	111110011010010001010110;
	1486 :	111110011011101010001111;
	1485 :	111110011101000110110101;
	1484 :	111110011110100110111001;
	1483 :	111110100000001010001010;
	1482 :	111110100001110000010110;
	1481 :	111110100011011001001111;
	1480 :	111110100101000100100101;
	1479 :	111110100110110010000111;
	1478 :	111110101000100001100110;
	1477 :	111110101010010010110100;
	1476 :	111110101100000101100010;
	1475 :	111110101101111001100010;
	1474 :	111110101111101110100110;
	1473 :	111110110001100100100000;
	1472 :	111110110011011011000011;
	1471 :	111110110101010010000011;
	1470 :	111110110111001001010011;
	1469 :	111110111001000000101000;
	1468 :	111110111010110111110111;
	1467 :	111110111100101110110100;
	1466 :	111110111110100101010101;
	1465 :	111111000000011011010001;
	1464 :	111111000010010000011101;
	1463 :	111111000100000100110001;
	1462 :	111111000101111000000100;
	1461 :	111111000111101010001110;
	1460 :	111111001001011011000111;
	1459 :	111111001011001010101001;
	1458 :	111111001100111000101101;
	1457 :	111111001110100101001100;
	1456 :	111111010000010000000001;
	1455 :	111111010001111001000111;
	1454 :	111111010011100000011000;
	1453 :	111111010101000101110001;
	1452 :	111111010110101001001101;
	1451 :	111111011000001010101000;
	1450 :	111111011001101010000001;
	1449 :	111111011011000111010010;
	1448 :	111111011100100010011100;
	1447 :	111111011101111011011011;
	1446 :	111111011111010010001101;
	1445 :	111111100000100110110010;
	1444 :	111111100001111001001001;
	1443 :	111111100011001001010000;
	1442 :	111111100100010111001000;
	1441 :	111111100101100010110000;
	1440 :	111111100110101100001001;
	1439 :	111111100111110011010011;
	1438 :	111111101000111000001111;
	1437 :	111111101001111010111110;
	1436 :	111111101010111011100010;
	1435 :	111111101011111001111010;
	1434 :	111111101100110110001010;
	1433 :	111111101101110000010011;
	1432 :	111111101110101000010110;
	1431 :	111111101111011110010110;
	1430 :	111111110000010010010110;
	1429 :	111111110001000100010111;
	1428 :	111111110001110100011100;
	1427 :	111111110010100010101000;
	1426 :	111111110011001110111101;
	1425 :	111111110011111001011110;
	1424 :	111111110100100010001110;
	1423 :	111111110101001001001111;
	1422 :	111111110101101110100101;
	1421 :	111111110110010010010011;
	1420 :	111111110110110100011011;
	1419 :	111111110111010101000001;
	1418 :	111111110111110100000111;
	1417 :	111111111000010001110001;
	1416 :	111111111000101110000001;
	1415 :	111111111001001000111011;
	1414 :	111111111001100010100001;
	1413 :	111111111001111010110111;
	1412 :	111111111010010001111111;
	1411 :	111111111010100111111101;
	1410 :	111111111010111100110010;
	1409 :	111111111011010000100011;
	1408 :	111111111011100011010001;
	1407 :	111111111011110100111111;
	1406 :	111111111100000101110001;
	1405 :	111111111100010101101000;
	1404 :	111111111100100100100111;
	1403 :	111111111100110010110001;
	1402 :	111111111101000000000111;
	1401 :	111111111101001100101101;
	1400 :	111111111101011000100100;
	1399 :	111111111101100011110000;
	1398 :	111111111101101110010001;
	1397 :	111111111101111000001010;
	1396 :	111111111110000001011100;
	1395 :	111111111110001010001011;
	1394 :	111111111110010010010111;
	1393 :	111111111110011010000011;
	1392 :	111111111110100001010000;
	1391 :	111111111110101000000000;
	1390 :	111111111110101110010100;
	1389 :	111111111110110100001110;
	1388 :	111111111110111001101111;
	1387 :	111111111110111110111010;
	1386 :	111111111111000011101110;
	1385 :	111111111111001000001101;
	1384 :	111111111111001100011001;
	1383 :	111111111111010000010011;
	1382 :	111111111111010011111100;
	1381 :	111111111111010111010100;
	1380 :	111111111111011010011101;
	1379 :	111111111111011101011001;
	1378 :	111111111111100000000110;
	1377 :	111111111111100010100111;
	1376 :	111111111111100100111101;
	1375 :	111111111111100111000111;
	1374 :	111111111111101001001000;
	1373 :	111111111111101010111111;
	1372 :	111111111111101100101101;
	1371 :	111111111111101110010010;
	1370 :	111111111111101111110000;
	1369 :	111111111111110001000111;
	1368 :	111111111111110010010111;
	1367 :	111111111111110011100001;
	1366 :	111111111111110100100100;
	1365 :	111111111111110101100011;
	1364 :	111111111111110110011101;
	1363 :	111111111111110111010010;
	1362 :	111111111111111000000010;
	1361 :	111111111111111000101111;
	1360 :	111111111111111001011000;
	1359 :	111111111111111001111110;
	1358 :	111111111111111010100000;
	1357 :	111111111111111011000000;
	1356 :	111111111111111011011101;
	1355 :	111111111111111011111000;
	1354 :	111111111111111100010000;
	1353 :	111111111111111100100110;
	1352 :	111111111111111100111010;
	1351 :	111111111111111101001101;
	1350 :	111111111111111101011110;
	1349 :	111111111111111101101101;
	1348 :	111111111111111101111011;
	1347 :	111111111111111110001000;
	1346 :	111111111111111110010100;
	1345 :	111111111111111110011110;
	1344 :	111111111111111110101000;
	1343 :	111111111111111110110000;
	1342 :	111111111111111110111000;
	1341 :	111111111111111111000000;
	1340 :	111111111111111111000110;
	1339 :	111111111111111111001100;
	1338 :	111111111111111111010001;
	1337 :	111111111111111111010110;
	1336 :	111111111111111111011011;
	1335 :	111111111111111111011111;
	1334 :	111111111111111111100010;
	1333 :	111111111111111111100110;
	1332 :	111111111111111111101001;
	1331 :	111111111111111111101011;
	1330 :	111111111111111111101110;
	1329 :	111111111111111111110000;
	1328 :	111111111111111111110010;
	1327 :	111111111111111111110100;
	1326 :	111111111111111111110101;
	1325 :	111111111111111111110111;
	1324 :	111111111111111111111000;
	1323 :	111111111111111111111001;
	1322 :	111111111111111111111011;
	1321 :	111111111111111111111100;
	1320 :	111111111111111111111100;
	1319 :	111111111111111111111101;
	1318 :	111111111111111111111110;
	1317 :	111111111111111111111111;
	1316 :	000000000000000000000000;
	1315 :	000000000000000000000000;
	1314 :	000000000000000000000001;
	1313 :	000000000000000000000001;
	1312 :	000000000000000000000010;
	1311 :	000000000000000000000010;
	1310 :	000000000000000000000011;
	1309 :	000000000000000000000011;
	1308 :	000000000000000000000100;
	1307 :	000000000000000000000100;
	1306 :	000000000000000000000100;
	1305 :	000000000000000000000101;
	1304 :	000000000000000000000101;
	1303 :	000000000000000000000110;
	1302 :	000000000000000000000110;
	1301 :	000000000000000000000111;
	1300 :	000000000000000000000111;
	1299 :	000000000000000000000111;
	1298 :	000000000000000000001000;
	1297 :	000000000000000000001000;
	1296 :	000000000000000000001001;
	1295 :	000000000000000000001001;
	1294 :	000000000000000000001010;
	1293 :	000000000000000000001010;
	1292 :	000000000000000000001011;
	1291 :	000000000000000000001011;
	1290 :	000000000000000000001100;
	1289 :	000000000000000000001100;
	1288 :	000000000000000000001101;
	1287 :	000000000000000000001101;
	1286 :	000000000000000000001110;
	1285 :	000000000000000000001111;
	1284 :	000000000000000000001111;
	1283 :	000000000000000000010000;
	1282 :	000000000000000000010001;
	1281 :	000000000000000000010010;
	1280 :	000000000000000000010010;
	1279 :	000000000000000000010011;
	1278 :	000000000000000000010100;
	1277 :	000000000000000000010101;
	1276 :	000000000000000000010110;
	1275 :	000000000000000000010111;
	1274 :	000000000000000000011000;
	1273 :	000000000000000000011001;
	1272 :	000000000000000000011010;
	1271 :	000000000000000000011011;
	1270 :	000000000000000000011100;
	1269 :	000000000000000000011110;
	1268 :	000000000000000000011111;
	1267 :	000000000000000000100000;
	1266 :	000000000000000000100010;
	1265 :	000000000000000000100011;
	1264 :	000000000000000000100101;
	1263 :	000000000000000000100110;
	1262 :	000000000000000000101000;
	1261 :	000000000000000000101010;
	1260 :	000000000000000000101011;
	1259 :	000000000000000000101101;
	1258 :	000000000000000000101111;
	1257 :	000000000000000000110001;
	1256 :	000000000000000000110011;
	1255 :	000000000000000000110110;
	1254 :	000000000000000000111000;
	1253 :	000000000000000000111010;
	1252 :	000000000000000000111101;
	1251 :	000000000000000000111111;
	1250 :	000000000000000001000010;
	1249 :	000000000000000001000101;
	1248 :	000000000000000001000111;
	1247 :	000000000000000001001010;
	1246 :	000000000000000001001101;
	1245 :	000000000000000001010001;
	1244 :	000000000000000001010100;
	1243 :	000000000000000001011000;
	1242 :	000000000000000001011011;
	1241 :	000000000000000001011111;
	1240 :	000000000000000001100011;
	1239 :	000000000000000001100111;
	1238 :	000000000000000001101011;
	1237 :	000000000000000001101111;
	1236 :	000000000000000001110100;
	1235 :	000000000000000001111001;
	1234 :	000000000000000001111101;
	1233 :	000000000000000010000010;
	1232 :	000000000000000010001000;
	1231 :	000000000000000010001101;
	1230 :	000000000000000010010011;
	1229 :	000000000000000010011001;
	1228 :	000000000000000010011111;
	1227 :	000000000000000010100101;
	1226 :	000000000000000010101100;
	1225 :	000000000000000010110010;
	1224 :	000000000000000010111001;
	1223 :	000000000000000011000001;
	1222 :	000000000000000011001000;
	1221 :	000000000000000011010000;
	1220 :	000000000000000011011000;
	1219 :	000000000000000011100001;
	1218 :	000000000000000011101001;
	1217 :	000000000000000011110010;
	1216 :	000000000000000011111100;
	1215 :	000000000000000100000101;
	1214 :	000000000000000100001111;
	1213 :	000000000000000100011010;
	1212 :	000000000000000100100101;
	1211 :	000000000000000100110000;
	1210 :	000000000000000100111011;
	1209 :	000000000000000101000111;
	1208 :	000000000000000101010100;
	1207 :	000000000000000101100001;
	1206 :	000000000000000101101110;
	1205 :	000000000000000101111011;
	1204 :	000000000000000110001010;
	1203 :	000000000000000110011000;
	1202 :	000000000000000110101000;
	1201 :	000000000000000110110111;
	1200 :	000000000000000111001000;
	1199 :	000000000000000111011000;
	1198 :	000000000000000111101010;
	1197 :	000000000000000111111100;
	1196 :	000000000000001000001110;
	1195 :	000000000000001000100010;
	1194 :	000000000000001000110110;
	1193 :	000000000000001001001010;
	1192 :	000000000000001001011111;
	1191 :	000000000000001001110101;
	1190 :	000000000000001010001100;
	1189 :	000000000000001010100011;
	1188 :	000000000000001010111100;
	1187 :	000000000000001011010101;
	1186 :	000000000000001011101110;
	1185 :	000000000000001100001001;
	1184 :	000000000000001100100101;
	1183 :	000000000000001101000001;
	1182 :	000000000000001101011111;
	1181 :	000000000000001101111101;
	1180 :	000000000000001110011100;
	1179 :	000000000000001110111100;
	1178 :	000000000000001111011110;
	1177 :	000000000000010000000000;
	1176 :	000000000000010000100100;
	1175 :	000000000000010001001000;
	1174 :	000000000000010001101110;
	1173 :	000000000000010010010101;
	1172 :	000000000000010010111101;
	1171 :	000000000000010011100111;
	1170 :	000000000000010100010001;
	1169 :	000000000000010100111110;
	1168 :	000000000000010101101011;
	1167 :	000000000000010110011010;
	1166 :	000000000000010111001010;
	1165 :	000000000000010111111100;
	1164 :	000000000000011000101111;
	1163 :	000000000000011001100100;
	1162 :	000000000000011010011010;
	1161 :	000000000000011011010011;
	1160 :	000000000000011100001100;
	1159 :	000000000000011101001000;
	1158 :	000000000000011110000101;
	1157 :	000000000000011111000100;
	1156 :	000000000000100000000101;
	1155 :	000000000000100001001000;
	1154 :	000000000000100010001101;
	1153 :	000000000000100011010100;
	1152 :	000000000000100100011101;
	1151 :	000000000000100101101000;
	1150 :	000000000000100110110101;
	1149 :	000000000000101000000101;
	1148 :	000000000000101001010111;
	1147 :	000000000000101010101011;
	1146 :	000000000000101100000010;
	1145 :	000000000000101101011011;
	1144 :	000000000000101110110110;
	1143 :	000000000000110000010100;
	1142 :	000000000000110001110101;
	1141 :	000000000000110011011001;
	1140 :	000000000000110100111111;
	1139 :	000000000000110110101000;
	1138 :	000000000000111000010100;
	1137 :	000000000000111010000011;
	1136 :	000000000000111011110110;
	1135 :	000000000000111101101011;
	1134 :	000000000000111111100011;
	1133 :	000000000001000001011111;
	1132 :	000000000001000011011110;
	1131 :	000000000001000101100001;
	1130 :	000000000001000111100111;
	1129 :	000000000001001001110001;
	1128 :	000000000001001011111110;
	1127 :	000000000001001110001111;
	1126 :	000000000001010000100100;
	1125 :	000000000001010010111101;
	1124 :	000000000001010101011001;
	1123 :	000000000001010111111010;
	1122 :	000000000001011010100000;
	1121 :	000000000001011101001001;
	1120 :	000000000001011111110111;
	1119 :	000000000001100010101001;
	1118 :	000000000001100101100000;
	1117 :	000000000001101000011011;
	1116 :	000000000001101011011011;
	1115 :	000000000001101110100000;
	1114 :	000000000001110001101010;
	1113 :	000000000001110100111001;
	1112 :	000000000001111000001110;
	1111 :	000000000001111011100111;
	1110 :	000000000001111111000110;
	1109 :	000000000010000010101010;
	1108 :	000000000010000110010100;
	1107 :	000000000010001010000100;
	1106 :	000000000010001101111001;
	1105 :	000000000010010001110101;
	1104 :	000000000010010101110110;
	1103 :	000000000010011001111110;
	1102 :	000000000010011110001100;
	1101 :	000000000010100010100000;
	1100 :	000000000010100110111011;
	1099 :	000000000010101011011100;
	1098 :	000000000010110000000100;
	1097 :	000000000010110100110011;
	1096 :	000000000010111001101001;
	1095 :	000000000010111110100111;
	1094 :	000000000011000011101011;
	1093 :	000000000011001000110111;
	1092 :	000000000011001110001010;
	1091 :	000000000011010011100110;
	1090 :	000000000011011001001001;
	1089 :	000000000011011110110011;
	1088 :	000000000011100100100110;
	1087 :	000000000011101010100010;
	1086 :	000000000011110000100101;
	1085 :	000000000011110110110001;
	1084 :	000000000011111101000110;
	1083 :	000000000100000011100011;
	1082 :	000000000100001010001010;
	1081 :	000000000100010000111001;
	1080 :	000000000100010111110010;
	1079 :	000000000100011110110100;
	1078 :	000000000100100101111111;
	1077 :	000000000100101101010101;
	1076 :	000000000100110100110100;
	1075 :	000000000100111100011101;
	1074 :	000000000101000100010000;
	1073 :	000000000101001100001101;
	1072 :	000000000101010100010101;
	1071 :	000000000101011100101000;
	1070 :	000000000101100101000101;
	1069 :	000000000101101101101101;
	1068 :	000000000101110110100000;
	1067 :	000000000101111111011110;
	1066 :	000000000110001000101000;
	1065 :	000000000110010001111101;
	1064 :	000000000110011011011110;
	1063 :	000000000110100101001011;
	1062 :	000000000110101111000100;
	1061 :	000000000110111001001001;
	1060 :	000000000111000011011010;
	1059 :	000000000111001101111000;
	1058 :	000000000111011000100010;
	1057 :	000000000111100011011001;
	1056 :	000000000111101110011101;
	1055 :	000000000111111001101110;
	1054 :	000000001000000101001101;
	1053 :	000000001000010000111001;
	1052 :	000000001000011100110010;
	1051 :	000000001000101000111010;
	1050 :	000000001000110101001111;
	1049 :	000000001001000001110010;
	1048 :	000000001001001110100100;
	1047 :	000000001001011011100100;
	1046 :	000000001001101000110010;
	1045 :	000000001001110110001111;
	1044 :	000000001010000011111011;
	1043 :	000000001010010001110110;
	1042 :	000000001010100000000001;
	1041 :	000000001010101110011010;
	1040 :	000000001010111101000011;
	1039 :	000000001011001011111100;
	1038 :	000000001011011011000100;
	1037 :	000000001011101010011100;
	1036 :	000000001011111010000101;
	1035 :	000000001100001001111101;
	1034 :	000000001100011010000110;
	1033 :	000000001100101010011111;
	1032 :	000000001100111011001001;
	1031 :	000000001101001100000100;
	1030 :	000000001101011101010000;
	1029 :	000000001101101110101100;
	1028 :	000000001110000000011010;
	1027 :	000000001110010010011001;
	1026 :	000000001110100100101010;
	1025 :	000000001110110111001100;
	1024 :	000000001111001001111111;
	1023 :	000000001111011101000101;
	1022 :	000000001111110000011100;
	1021 :	000000010000000100000101;
	1020 :	000000010000011000000000;
	1019 :	000000010000101100001110;
	1018 :	000000010001000000101110;
	1017 :	000000010001010101100000;
	1016 :	000000010001101010100101;
	1015 :	000000010001111111111100;
	1014 :	000000010010010101100110;
	1013 :	000000010010101011100011;
	1012 :	000000010011000001110011;
	1011 :	000000010011011000010101;
	1010 :	000000010011101111001011;
	1009 :	000000010100000110010011;
	1008 :	000000010100011101101111;
	1007 :	000000010100110101011110;
	1006 :	000000010101001101100000;
	1005 :	000000010101100101110101;
	1004 :	000000010101111110011110;
	1003 :	000000010110010111011010;
	1002 :	000000010110110000101001;
	1001 :	000000010111001010001100;
	1000 :	000000010111100100000011;
	999 :	000000010111111110001101;
	998 :	000000011000011000101010;
	997 :	000000011000110011011011;
	996 :	000000011001001110011111;
	995 :	000000011001101001110111;
	994 :	000000011010000101100011;
	993 :	000000011010100001100010;
	992 :	000000011010111101110100;
	991 :	000000011011011010011010;
	990 :	000000011011110111010100;
	989 :	000000011100010100100000;
	988 :	000000011100110010000000;
	987 :	000000011101001111110100;
	986 :	000000011101101101111011;
	985 :	000000011110001100010100;
	984 :	000000011110101011000001;
	983 :	000000011111001010000001;
	982 :	000000011111101001010100;
	981 :	000000100000001000111010;
	980 :	000000100000101000110011;
	979 :	000000100001001000111110;
	978 :	000000100001101001011100;
	977 :	000000100010001010001101;
	976 :	000000100010101011001111;
	975 :	000000100011001100100100;
	974 :	000000100011101110001011;
	973 :	000000100100010000000100;
	972 :	000000100100110010001111;
	971 :	000000100101010100101100;
	970 :	000000100101110111011001;
	969 :	000000100110011010011001;
	968 :	000000100110111101101001;
	967 :	000000100111100001001010;
	966 :	000000101000000100111100;
	965 :	000000101000101000111110;
	964 :	000000101001001101010001;
	963 :	000000101001110001110100;
	962 :	000000101010010110100110;
	961 :	000000101010111011101001;
	960 :	000000101011100000111010;
	959 :	000000101100000110011011;
	958 :	000000101100101100001011;
	957 :	000000101101010010001001;
	956 :	000000101101111000010110;
	955 :	000000101110011110110001;
	954 :	000000101111000101011001;
	953 :	000000101111101100001111;
	952 :	000000110000010011010010;
	951 :	000000110000111010100010;
	950 :	000000110001100001111111;
	949 :	000000110010001001100111;
	948 :	000000110010110001011100;
	947 :	000000110011011001011100;
	946 :	000000110100000001101000;
	945 :	000000110100101001111110;
	944 :	000000110101010010011111;
	943 :	000000110101111011001010;
	942 :	000000110110100011111110;
	941 :	000000110111001100111100;
	940 :	000000110111110110000011;
	939 :	000000111000011111010010;
	938 :	000000111001001000101010;
	937 :	000000111001110010001001;
	936 :	000000111010011011101111;
	935 :	000000111011000101011101;
	934 :	000000111011101111010001;
	933 :	000000111100011001001010;
	932 :	000000111101000011001010;
	931 :	000000111101101101001110;
	930 :	000000111110010111010111;
	929 :	000000111111000001100101;
	928 :	000000111111101011110101;
	927 :	000001000000010110001010;
	926 :	000001000001000000100000;
	925 :	000001000001101010111010;
	924 :	000001000010010101010100;
	923 :	000001000010111111110000;
	922 :	000001000011101010001101;
	921 :	000001000100010100101010;
	920 :	000001000100111111000111;
	919 :	000001000101101001100011;
	918 :	000001000110010011111101;
	917 :	000001000110111110010110;
	916 :	000001000111101000101100;
	915 :	000001001000010010111111;
	914 :	000001001000111101001110;
	913 :	000001001001100111011010;
	912 :	000001001010010001100001;
	911 :	000001001010111011100011;
	910 :	000001001011100101011111;
	909 :	000001001100001111010100;
	908 :	000001001100111001000011;
	907 :	000001001101100010101010;
	906 :	000001001110001100001010;
	905 :	000001001110110101100001;
	904 :	000001001111011110101110;
	903 :	000001010000000111110010;
	902 :	000001010000110000101011;
	901 :	000001010001011001011010;
	900 :	000001010010000001111101;
	899 :	000001010010101010010100;
	898 :	000001010011010010011110;
	897 :	000001010011111010011011;
	896 :	000001010100100010001010;
	895 :	000001010101001001101011;
	894 :	000001010101110000111101;
	893 :	000001010110010111111111;
	892 :	000001010110111110110000;
	891 :	000001010111100101010001;
	890 :	000001011000001011100001;
	889 :	000001011000110001011111;
	888 :	000001011001010111001010;
	887 :	000001011001111100100010;
	886 :	000001011010100001100110;
	885 :	000001011011000110010110;
	884 :	000001011011101010110001;
	883 :	000001011100001110110110;
	882 :	000001011100110010100110;
	881 :	000001011101010101111111;
	880 :	000001011101111001000000;
	879 :	000001011110011011101010;
	878 :	000001011110111101111100;
	877 :	000001011111011111110101;
	876 :	000001100000000001010100;
	875 :	000001100000100010011001;
	874 :	000001100001000011000100;
	873 :	000001100001100011010100;
	872 :	000001100010000011001000;
	871 :	000001100010100010100000;
	870 :	000001100011000001011100;
	869 :	000001100011011111111010;
	868 :	000001100011111101111011;
	867 :	000001100100011011011101;
	866 :	000001100100111000100001;
	865 :	000001100101010101000110;
	864 :	000001100101110001001011;
	863 :	000001100110001100101111;
	862 :	000001100110100111110100;
	861 :	000001100111000010010111;
	860 :	000001100111011100011000;
	859 :	000001100111110101111000;
	858 :	000001101000001110110101;
	857 :	000001101000100111001111;
	856 :	000001101000111111000110;
	855 :	000001101001010110011001;
	854 :	000001101001101101001001;
	853 :	000001101010000011010011;
	852 :	000001101010011000111001;
	851 :	000001101010101101111001;
	850 :	000001101011000010010100;
	849 :	000001101011010110001001;
	848 :	000001101011101001010111;
	847 :	000001101011111011111111;
	846 :	000001101100001101111111;
	845 :	000001101100011111011000;
	844 :	000001101100110000001010;
	843 :	000001101101000000010011;
	842 :	000001101101001111110100;
	841 :	000001101101011110101101;
	840 :	000001101101101100111101;
	839 :	000001101101111010100100;
	838 :	000001101110000111100001;
	837 :	000001101110010011110101;
	836 :	000001101110011111011111;
	835 :	000001101110101010011111;
	834 :	000001101110110100110101;
	833 :	000001101110111110100001;
	832 :	000001101111000111100001;
	831 :	000001101111001111111000;
	830 :	000001101111010111100011;
	829 :	000001101111011110100011;
	828 :	000001101111100100111000;
	827 :	000001101111101010100010;
	826 :	000001101111101111100001;
	825 :	000001101111110011110100;
	824 :	000001101111110111011011;
	823 :	000001101111111010010111;
	822 :	000001101111111100101000;
	821 :	000001101111111110001100;
	820 :	000001101111111111000101;
	819 :	000001101111111111010010;
	818 :	000001101111111110110100;
	817 :	000001101111111101101001;
	816 :	000001101111111011110011;
	815 :	000001101111111001010001;
	814 :	000001101111110110000100;
	813 :	000001101111110010001011;
	812 :	000001101111101101100111;
	811 :	000001101111101000010111;
	810 :	000001101111100010011100;
	809 :	000001101111011011110101;
	808 :	000001101111010100100100;
	807 :	000001101111001100100111;
	806 :	000001101111000100000000;
	805 :	000001101110111010101110;
	804 :	000001101110110000110001;
	803 :	000001101110100110001011;
	802 :	000001101110011010111010;
	801 :	000001101110001110111111;
	800 :	000001101110000010011010;
	799 :	000001101101110101001100;
	798 :	000001101101100111010101;
	797 :	000001101101011000110101;
	796 :	000001101101001001101100;
	795 :	000001101100111001111011;
	794 :	000001101100101001100001;
	793 :	000001101100011000100000;
	792 :	000001101100000110110111;
	791 :	000001101011110100100111;
	790 :	000001101011100001101111;
	789 :	000001101011001110010010;
	788 :	000001101010111010001110;
	787 :	000001101010100101100100;
	786 :	000001101010010000010101;
	785 :	000001101001111010100000;
	784 :	000001101001100100000111;
	783 :	000001101001001101001001;
	782 :	000001101000110101101000;
	781 :	000001101000011101100010;
	780 :	000001101000000100111010;
	779 :	000001100111101011101111;
	778 :	000001100111010010000010;
	777 :	000001100110110111110011;
	776 :	000001100110011101000011;
	775 :	000001100110000001110001;
	774 :	000001100101100110000000;
	773 :	000001100101001001101110;
	772 :	000001100100101100111101;
	771 :	000001100100001111101101;
	770 :	000001100011110001111110;
	769 :	000001100011010011110010;
	768 :	000001100010110101001000;
	767 :	000001100010010110000001;
	766 :	000001100001110110011101;
	765 :	000001100001010110011110;
	764 :	000001100000110110000011;
	763 :	000001100000010101001110;
	762 :	000001011111110011111110;
	761 :	000001011111010010010100;
	760 :	000001011110110000010001;
	759 :	000001011110001101110110;
	758 :	000001011101101011000011;
	757 :	000001011101000111110111;
	756 :	000001011100100100010110;
	755 :	000001011100000000011101;
	754 :	000001011011011100001111;
	753 :	000001011010110111101100;
	752 :	000001011010010010110011;
	751 :	000001011001101101100111;
	750 :	000001011001001000001000;
	749 :	000001011000100010010101;
	748 :	000001010111111100010000;
	747 :	000001010111010101111010;
	746 :	000001010110101111010010;
	745 :	000001010110001000011001;
	744 :	000001010101100001010001;
	743 :	000001010100111001111001;
	742 :	000001010100010010010011;
	741 :	000001010011101010011110;
	740 :	000001010011000010011100;
	739 :	000001010010011010001100;
	738 :	000001010001110001110000;
	737 :	000001010001001001001001;
	736 :	000001010000100000010110;
	735 :	000001001111110111011000;
	734 :	000001001111001110010000;
	733 :	000001001110100100111111;
	732 :	000001001101111011100101;
	731 :	000001001101010010000010;
	730 :	000001001100101000011000;
	729 :	000001001011111110100110;
	728 :	000001001011010100101110;
	727 :	000001001010101010101111;
	726 :	000001001010000000101100;
	725 :	000001001001010110100011;
	724 :	000001001000101100010101;
	723 :	000001001000000010000100;
	722 :	000001000111010111110000;
	721 :	000001000110101101011001;
	720 :	000001000110000010111111;
	719 :	000001000101011000100100;
	718 :	000001000100101110001000;
	717 :	000001000100000011101011;
	716 :	000001000011011001001110;
	715 :	000001000010101110110010;
	714 :	000001000010000100010110;
	713 :	000001000001011001111100;
	712 :	000001000000101111100100;
	711 :	000001000000000101001110;
	710 :	000000111111011010111011;
	709 :	000000111110110000101100;
	708 :	000000111110000110100000;
	707 :	000000111101011100011001;
	706 :	000000111100110010010110;
	705 :	000000111100001000011001;
	704 :	000000111011011110100010;
	703 :	000000111010110100110000;
	702 :	000000111010001011000110;
	701 :	000000111001100001100010;
	700 :	000000111000111000000110;
	699 :	000000111000001110110001;
	698 :	000000110111100101100101;
	697 :	000000110110111100100010;
	696 :	000000110110010011101000;
	695 :	000000110101101010110111;
	694 :	000000110101000010010000;
	693 :	000000110100011001110100;
	692 :	000000110011110001100010;
	691 :	000000110011001001011011;
	690 :	000000110010100001011111;
	689 :	000000110001111001101111;
	688 :	000000110001010010001011;
	687 :	000000110000101010110100;
	686 :	000000110000000011101001;
	685 :	000000101111011100101011;
	684 :	000000101110110101111010;
	683 :	000000101110001111010111;
	682 :	000000101101101001000010;
	681 :	000000101101000010111011;
	680 :	000000101100011101000011;
	679 :	000000101011110111011001;
	678 :	000000101011010001111110;
	677 :	000000101010101100110011;
	676 :	000000101010000111110111;
	675 :	000000101001100011001010;
	674 :	000000101000111110101110;
	673 :	000000101000011010100010;
	672 :	000000100111110110100110;
	671 :	000000100111010010111011;
	670 :	000000100110101111100000;
	669 :	000000100110001100010111;
	668 :	000000100101101001011111;
	667 :	000000100101000110111000;
	666 :	000000100100100100100010;
	665 :	000000100100000010011111;
	664 :	000000100011100000101101;
	663 :	000000100010111111001101;
	662 :	000000100010011101111111;
	661 :	000000100001111101000100;
	660 :	000000100001011100011011;
	659 :	000000100000111100000100;
	658 :	000000100000011100000000;
	657 :	000000011111111100001111;
	656 :	000000011111011100110001;
	655 :	000000011110111101100110;
	654 :	000000011110011110101101;
	653 :	000000011110000000001000;
	652 :	000000011101100001110110;
	651 :	000000011101000011110111;
	650 :	000000011100100110001011;
	649 :	000000011100001000110011;
	648 :	000000011011101011101110;
	647 :	000000011011001110111100;
	646 :	000000011010110010011110;
	645 :	000000011010010110010011;
	644 :	000000011001111010011100;
	643 :	000000011001011110111000;
	642 :	000000011001000011101000;
	641 :	000000011000101000101011;
	640 :	000000011000001110000010;
	639 :	000000010111110011101101;
	638 :	000000010111011001101011;
	637 :	000000010110111111111100;
	636 :	000000010110100110100001;
	635 :	000000010110001101011001;
	634 :	000000010101110100100101;
	633 :	000000010101011100000100;
	632 :	000000010101000011110110;
	631 :	000000010100101011111100;
	630 :	000000010100010100010101;
	629 :	000000010011111101000001;
	628 :	000000010011100110000000;
	627 :	000000010011001111010010;
	626 :	000000010010111000110111;
	625 :	000000010010100010101111;
	624 :	000000010010001100111010;
	623 :	000000010001110111010111;
	622 :	000000010001100010000111;
	621 :	000000010001001101001010;
	620 :	000000010000111000011111;
	619 :	000000010000100100000110;
	618 :	000000010000010000000000;
	617 :	000000001111111100001100;
	616 :	000000001111101000101010;
	615 :	000000001111010101011010;
	614 :	000000001111000010011100;
	613 :	000000001110101111101111;
	612 :	000000001110011101010100;
	611 :	000000001110001011001011;
	610 :	000000001101111001010011;
	609 :	000000001101100111101100;
	608 :	000000001101010110010110;
	607 :	000000001101000101010001;
	606 :	000000001100110100011101;
	605 :	000000001100100011111010;
	604 :	000000001100010011100111;
	603 :	000000001100000011100101;
	602 :	000000001011110011110011;
	601 :	000000001011100100010001;
	600 :	000000001011010100111111;
	599 :	000000001011000101111101;
	598 :	000000001010110111001010;
	597 :	000000001010101000101000;
	596 :	000000001010011010010100;
	595 :	000000001010001100010000;
	594 :	000000001001111110011011;
	593 :	000000001001110000110101;
	592 :	000000001001100011011110;
	591 :	000000001001010110010101;
	590 :	000000001001001001011011;
	589 :	000000001000111100101111;
	588 :	000000001000110000010010;
	587 :	000000001000100100000010;
	586 :	000000001000011000000000;
	585 :	000000001000001100001100;
	584 :	000000001000000000100101;
	583 :	000000000111110101001100;
	582 :	000000000111101010000000;
	581 :	000000000111011111000001;
	580 :	000000000111010100001111;
	579 :	000000000111001001101010;
	578 :	000000000110111111010001;
	577 :	000000000110110101000101;
	576 :	000000000110101011000101;
	575 :	000000000110100001010001;
	574 :	000000000110010111101001;
	573 :	000000000110001110001101;
	572 :	000000000110000100111100;
	571 :	000000000101111011110111;
	570 :	000000000101110010111101;
	569 :	000000000101101010001111;
	568 :	000000000101100001101011;
	567 :	000000000101011001010010;
	566 :	000000000101010001000100;
	565 :	000000000101001001000000;
	564 :	000000000101000001000111;
	563 :	000000000100111001011000;
	562 :	000000000100110001110011;
	561 :	000000000100101010011000;
	560 :	000000000100100011000110;
	559 :	000000000100011011111111;
	558 :	000000000100010101000000;
	557 :	000000000100001110001011;
	556 :	000000000100000111100000;
	555 :	000000000100000000111101;
	554 :	000000000011111010100011;
	553 :	000000000011110100010010;
	552 :	000000000011101110001001;
	551 :	000000000011101000001001;
	550 :	000000000011100010010001;
	549 :	000000000011011100100001;
	548 :	000000000011010110111010;
	547 :	000000000011010001011010;
	546 :	000000000011001100000010;
	545 :	000000000011000110110001;
	544 :	000000000011000001101000;
	543 :	000000000010111100100111;
	542 :	000000000010110111101100;
	541 :	000000000010110010111001;
	540 :	000000000010101110001101;
	539 :	000000000010101001100111;
	538 :	000000000010100101001001;
	537 :	000000000010100000110001;
	536 :	000000000010011100011111;
	535 :	000000000010011000010100;
	534 :	000000000010010100001110;
	533 :	000000000010010000001111;
	532 :	000000000010001100010110;
	531 :	000000000010001000100011;
	530 :	000000000010000100110110;
	529 :	000000000010000001001110;
	528 :	000000000001111101101100;
	527 :	000000000001111010010000;
	526 :	000000000001110110111000;
	525 :	000000000001110011100110;
	524 :	000000000001110000011001;
	523 :	000000000001101101010001;
	522 :	000000000001101010001110;
	521 :	000000000001100111010000;
	520 :	000000000001100100010110;
	519 :	000000000001100001100001;
	518 :	000000000001011110110001;
	517 :	000000000001011100000101;
	516 :	000000000001011001011101;
	515 :	000000000001010110111010;
	514 :	000000000001010100011010;
	513 :	000000000001010001111111;
	512 :	000000000001001111101000;
	511 :	000000000001001101010100;
	510 :	000000000001001011000101;
	509 :	000000000001001000111001;
	508 :	000000000001000110110001;
	507 :	000000000001000100101100;
	506 :	000000000001000010101011;
	505 :	000000000001000000101101;
	504 :	000000000000111110110011;
	503 :	000000000000111100111100;
	502 :	000000000000111011001000;
	501 :	000000000000111001010111;
	500 :	000000000000110111101001;
	499 :	000000000000110101111110;
	498 :	000000000000110100010110;
	497 :	000000000000110010110001;
	496 :	000000000000110001001110;
	495 :	000000000000101111101110;
	494 :	000000000000101110010001;
	493 :	000000000000101100110111;
	492 :	000000000000101011011111;
	491 :	000000000000101010001001;
	490 :	000000000000101000110110;
	489 :	000000000000100111100101;
	488 :	000000000000100110010110;
	487 :	000000000000100101001010;
	486 :	000000000000100100000000;
	485 :	000000000000100010110111;
	484 :	000000000000100001110001;
	483 :	000000000000100000101101;
	482 :	000000000000011111101011;
	481 :	000000000000011110101011;
	480 :	000000000000011101101100;
	479 :	000000000000011100110000;
	478 :	000000000000011011110101;
	477 :	000000000000011010111100;
	476 :	000000000000011010000101;
	475 :	000000000000011001001111;
	474 :	000000000000011000011010;
	473 :	000000000000010111101000;
	472 :	000000000000010110110111;
	471 :	000000000000010110000111;
	470 :	000000000000010101011001;
	469 :	000000000000010100101100;
	468 :	000000000000010100000000;
	467 :	000000000000010011010110;
	466 :	000000000000010010101101;
	465 :	000000000000010010000101;
	464 :	000000000000010001011111;
	463 :	000000000000010000111010;
	462 :	000000000000010000010101;
	461 :	000000000000001111110010;
	460 :	000000000000001111010000;
	459 :	000000000000001110101111;
	458 :	000000000000001110001111;
	457 :	000000000000001101110001;
	456 :	000000000000001101010011;
	455 :	000000000000001100110110;
	454 :	000000000000001100011010;
	453 :	000000000000001011111110;
	452 :	000000000000001011100100;
	451 :	000000000000001011001011;
	450 :	000000000000001010110010;
	449 :	000000000000001010011010;
	448 :	000000000000001010000011;
	447 :	000000000000001001101100;
	446 :	000000000000001001010111;
	445 :	000000000000001001000010;
	444 :	000000000000001000101110;
	443 :	000000000000001000011010;
	442 :	000000000000001000000111;
	441 :	000000000000000111110101;
	440 :	000000000000000111100011;
	439 :	000000000000000111010010;
	438 :	000000000000000111000001;
	437 :	000000000000000110110001;
	436 :	000000000000000110100001;
	435 :	000000000000000110010010;
	434 :	000000000000000110000100;
	433 :	000000000000000101110110;
	432 :	000000000000000101101000;
	431 :	000000000000000101011011;
	430 :	000000000000000101001111;
	429 :	000000000000000101000010;
	428 :	000000000000000100110111;
	427 :	000000000000000100101011;
	426 :	000000000000000100100000;
	425 :	000000000000000100010110;
	424 :	000000000000000100001011;
	423 :	000000000000000100000010;
	422 :	000000000000000011111000;
	421 :	000000000000000011101111;
	420 :	000000000000000011100110;
	419 :	000000000000000011011101;
	418 :	000000000000000011010101;
	417 :	000000000000000011001101;
	416 :	000000000000000011000101;
	415 :	000000000000000010111110;
	414 :	000000000000000010110111;
	413 :	000000000000000010110000;
	412 :	000000000000000010101001;
	411 :	000000000000000010100011;
	410 :	000000000000000010011100;
	409 :	000000000000000010010110;
	408 :	000000000000000010010001;
	407 :	000000000000000010001011;
	406 :	000000000000000010000110;
	405 :	000000000000000010000000;
	404 :	000000000000000001111011;
	403 :	000000000000000001110111;
	402 :	000000000000000001110010;
	401 :	000000000000000001101110;
	400 :	000000000000000001101001;
	399 :	000000000000000001100101;
	398 :	000000000000000001100001;
	397 :	000000000000000001011101;
	396 :	000000000000000001011010;
	395 :	000000000000000001010110;
	394 :	000000000000000001010011;
	393 :	000000000000000001001111;
	392 :	000000000000000001001100;
	391 :	000000000000000001001001;
	390 :	000000000000000001000110;
	389 :	000000000000000001000011;
	388 :	000000000000000001000001;
	387 :	000000000000000000111110;
	386 :	000000000000000000111100;
	385 :	000000000000000000111001;
	384 :	000000000000000000110111;
	383 :	000000000000000000110101;
	382 :	000000000000000000110010;
	381 :	000000000000000000110000;
	380 :	000000000000000000101110;
	379 :	000000000000000000101101;
	378 :	000000000000000000101011;
	377 :	000000000000000000101001;
	376 :	000000000000000000100111;
	375 :	000000000000000000100110;
	374 :	000000000000000000100100;
	373 :	000000000000000000100011;
	372 :	000000000000000000100001;
	371 :	000000000000000000100000;
	370 :	000000000000000000011110;
	369 :	000000000000000000011101;
	368 :	000000000000000000011100;
	367 :	000000000000000000011011;
	366 :	000000000000000000011010;
	365 :	000000000000000000011001;
	364 :	000000000000000000010111;
	363 :	000000000000000000010110;
	362 :	000000000000000000010110;
	361 :	000000000000000000010101;
	360 :	000000000000000000010100;
	359 :	000000000000000000010011;
	358 :	000000000000000000010010;
	357 :	000000000000000000010001;
	356 :	000000000000000000010001;
	355 :	000000000000000000010000;
	354 :	000000000000000000001111;
	353 :	000000000000000000001110;
	352 :	000000000000000000001110;
	351 :	000000000000000000001101;
	350 :	000000000000000000001101;
	349 :	000000000000000000001100;
	348 :	000000000000000000001100;
	347 :	000000000000000000001011;
	346 :	000000000000000000001011;
	345 :	000000000000000000001010;
	344 :	000000000000000000001010;
	343 :	000000000000000000001001;
	342 :	000000000000000000001001;
	341 :	000000000000000000001000;
	340 :	000000000000000000001000;
	339 :	000000000000000000001000;
	338 :	000000000000000000000111;
	337 :	000000000000000000000111;
	336 :	000000000000000000000111;
	335 :	000000000000000000000110;
	334 :	000000000000000000000110;
	333 :	000000000000000000000110;
	332 :	000000000000000000000110;
	331 :	000000000000000000000101;
	330 :	000000000000000000000101;
	329 :	000000000000000000000101;
	328 :	000000000000000000000101;
	327 :	000000000000000000000100;
	326 :	000000000000000000000100;
	325 :	000000000000000000000100;
	324 :	000000000000000000000100;
	323 :	000000000000000000000100;
	322 :	000000000000000000000011;
	321 :	000000000000000000000011;
	320 :	000000000000000000000011;
	319 :	000000000000000000000011;
	318 :	000000000000000000000011;
	317 :	000000000000000000000011;
	316 :	000000000000000000000011;
	315 :	000000000000000000000010;
	314 :	000000000000000000000010;
	313 :	000000000000000000000010;
	312 :	000000000000000000000010;
	311 :	000000000000000000000010;
	310 :	000000000000000000000010;
	309 :	000000000000000000000010;
	308 :	000000000000000000000010;
	307 :	000000000000000000000010;
	306 :	000000000000000000000010;
	305 :	000000000000000000000010;
	304 :	000000000000000000000001;
	303 :	000000000000000000000001;
	302 :	000000000000000000000001;
	301 :	000000000000000000000001;
	300 :	000000000000000000000001;
	299 :	000000000000000000000001;
	298 :	000000000000000000000001;
	297 :	000000000000000000000001;
	296 :	000000000000000000000001;
	295 :	000000000000000000000001;
	294 :	000000000000000000000001;
	293 :	000000000000000000000001;
	292 :	000000000000000000000001;
	291 :	000000000000000000000001;
	290 :	000000000000000000000001;
	289 :	000000000000000000000001;
	288 :	000000000000000000000001;
	287 :	000000000000000000000001;
	286 :	000000000000000000000001;
	285 :	000000000000000000000001;
	284 :	000000000000000000000001;
	283 :	000000000000000000000001;
	282 :	000000000000000000000000;
	281 :	000000000000000000000000;
	280 :	000000000000000000000000;
	279 :	000000000000000000000000;
	278 :	000000000000000000000000;
	277 :	000000000000000000000000;
	276 :	000000000000000000000000;
	275 :	000000000000000000000000;
	274 :	000000000000000000000000;
	273 :	000000000000000000000000;
	272 :	000000000000000000000000;
	271 :	000000000000000000000000;
	270 :	000000000000000000000000;
	269 :	000000000000000000000000;
	268 :	000000000000000000000000;
	267 :	000000000000000000000000;
	266 :	000000000000000000000000;
	265 :	000000000000000000000000;
	264 :	000000000000000000000000;
	263 :	000000000000000000000000;
	262 :	000000000000000000000000;
	261 :	000000000000000000000000;
	260 :	000000000000000000000000;
	259 :	000000000000000000000000;
	258 :	000000000000000000000000;
	257 :	000000000000000000000000;
	256 :	000000000000000000000000;
	255 :	000000000000000000000000;
	254 :	000000000000000000000000;
	253 :	000000000000000000000000;
	252 :	000000000000000000000000;
	251 :	000000000000000000000000;
	250 :	000000000000000000000000;
	249 :	000000000000000000000000;
	248 :	000000000000000000000000;
	247 :	000000000000000000000000;
	246 :	000000000000000000000000;
	245 :	000000000000000000000000;
	244 :	000000000000000000000000;
	243 :	000000000000000000000000;
	242 :	000000000000000000000000;
	241 :	000000000000000000000000;
	240 :	000000000000000000000000;
	239 :	000000000000000000000000;
	238 :	000000000000000000000000;
	237 :	000000000000000000000000;
	236 :	000000000000000000000000;
	235 :	000000000000000000000000;
	234 :	000000000000000000000000;
	233 :	000000000000000000000000;
	232 :	000000000000000000000000;
	231 :	000000000000000000000000;
	230 :	000000000000000000000000;
	229 :	000000000000000000000000;
	228 :	000000000000000000000000;
	227 :	000000000000000000000000;
	226 :	000000000000000000000000;
	225 :	000000000000000000000000;
	224 :	000000000000000000000000;
	223 :	000000000000000000000000;
	222 :	000000000000000000000000;
	221 :	000000000000000000000000;
	220 :	000000000000000000000000;
	219 :	000000000000000000000000;
	218 :	000000000000000000000000;
	217 :	000000000000000000000000;
	216 :	000000000000000000000000;
	215 :	000000000000000000000000;
	214 :	000000000000000000000000;
	213 :	000000000000000000000000;
	212 :	000000000000000000000000;
	211 :	000000000000000000000000;
	210 :	000000000000000000000000;
	209 :	000000000000000000000000;
	208 :	000000000000000000000000;
	207 :	000000000000000000000000;
	206 :	000000000000000000000000;
	205 :	000000000000000000000000;
	204 :	000000000000000000000000;
	203 :	000000000000000000000000;
	202 :	000000000000000000000000;
	201 :	000000000000000000000000;
	200 :	000000000000000000000000;
	199 :	000000000000000000000000;
	198 :	000000000000000000000000;
	197 :	000000000000000000000000;
	196 :	000000000000000000000000;
	195 :	000000000000000000000000;
	194 :	000000000000000000000000;
	193 :	000000000000000000000000;
	192 :	000000000000000000000000;
	191 :	000000000000000000000000;
	190 :	000000000000000000000000;
	189 :	000000000000000000000000;
	188 :	000000000000000000000000;
	187 :	000000000000000000000000;
	186 :	000000000000000000000000;
	185 :	000000000000000000000000;
	184 :	000000000000000000000000;
	183 :	000000000000000000000000;
	182 :	000000000000000000000000;
	181 :	000000000000000000000000;
	180 :	000000000000000000000000;
	179 :	000000000000000000000000;
	178 :	000000000000000000000000;
	177 :	000000000000000000000000;
	176 :	000000000000000000000000;
	175 :	000000000000000000000000;
	174 :	000000000000000000000000;
	173 :	000000000000000000000000;
	172 :	000000000000000000000000;
	171 :	000000000000000000000000;
	170 :	000000000000000000000000;
	169 :	000000000000000000000000;
	168 :	000000000000000000000000;
	167 :	000000000000000000000000;
	166 :	000000000000000000000000;
	165 :	000000000000000000000000;
	164 :	000000000000000000000000;
	163 :	000000000000000000000000;
	162 :	000000000000000000000000;
	161 :	000000000000000000000000;
	160 :	000000000000000000000000;
	159 :	000000000000000000000000;
	158 :	000000000000000000000000;
	157 :	000000000000000000000000;
	156 :	000000000000000000000000;
	155 :	000000000000000000000000;
	154 :	000000000000000000000000;
	153 :	000000000000000000000000;
	152 :	000000000000000000000000;
	151 :	000000000000000000000000;
	150 :	000000000000000000000000;
	149 :	000000000000000000000000;
	148 :	000000000000000000000000;
	147 :	000000000000000000000000;
	146 :	000000000000000000000000;
	145 :	000000000000000000000000;
	144 :	000000000000000000000000;
	143 :	000000000000000000000000;
	142 :	000000000000000000000000;
	141 :	000000000000000000000000;
	140 :	000000000000000000000000;
	139 :	000000000000000000000000;
	138 :	000000000000000000000000;
	137 :	000000000000000000000000;
	136 :	000000000000000000000000;
	135 :	000000000000000000000000;
	134 :	000000000000000000000000;
	133 :	000000000000000000000000;
	132 :	000000000000000000000000;
	131 :	000000000000000000000000;
	130 :	000000000000000000000000;
	129 :	000000000000000000000000;
	128 :	000000000000000000000000;
	127 :	000000000000000000000000;
	126 :	000000000000000000000000;
	125 :	000000000000000000000000;
	124 :	000000000000000000000000;
	123 :	000000000000000000000000;
	122 :	000000000000000000000000;
	121 :	000000000000000000000000;
	120 :	000000000000000000000000;
	119 :	000000000000000000000000;
	118 :	000000000000000000000000;
	117 :	000000000000000000000000;
	116 :	000000000000000000000000;
	115 :	000000000000000000000000;
	114 :	000000000000000000000000;
	113 :	000000000000000000000000;
	112 :	000000000000000000000000;
	111 :	000000000000000000000000;
	110 :	000000000000000000000000;
	109 :	000000000000000000000000;
	108 :	000000000000000000000000;
	107 :	000000000000000000000000;
	106 :	000000000000000000000000;
	105 :	000000000000000000000000;
	104 :	000000000000000000000000;
	103 :	000000000000000000000000;
	102 :	000000000000000000000000;
	101 :	000000000000000000000000;
	100 :	000000000000000000000000;
	99 :	000000000000000000000000;
	98 :	000000000000000000000000;
	97 :	000000000000000000000000;
	96 :	000000000000000000000000;
	95 :	000000000000000000000000;
	94 :	000000000000000000000000;
	93 :	000000000000000000000000;
	92 :	000000000000000000000000;
	91 :	000000000000000000000000;
	90 :	000000000000000000000000;
	89 :	000000000000000000000000;
	88 :	000000000000000000000000;
	87 :	000000000000000000000000;
	86 :	000000000000000000000000;
	85 :	000000000000000000000000;
	84 :	000000000000000000000000;
	83 :	000000000000000000000000;
	82 :	000000000000000000000000;
	81 :	000000000000000000000000;
	80 :	000000000000000000000000;
	79 :	000000000000000000000000;
	78 :	000000000000000000000000;
	77 :	000000000000000000000000;
	76 :	000000000000000000000000;
	75 :	000000000000000000000000;
	74 :	000000000000000000000000;
	73 :	000000000000000000000000;
	72 :	000000000000000000000000;
	71 :	000000000000000000000000;
	70 :	000000000000000000000000;
	69 :	000000000000000000000000;
	68 :	000000000000000000000000;
	67 :	000000000000000000000000;
	66 :	000000000000000000000000;
	65 :	000000000000000000000000;
	64 :	000000000000000000000000;
	63 :	000000000000000000000000;
	62 :	000000000000000000000000;
	61 :	000000000000000000000000;
	60 :	000000000000000000000000;
	59 :	000000000000000000000000;
	58 :	000000000000000000000000;
	57 :	000000000000000000000000;
	56 :	000000000000000000000000;
	55 :	000000000000000000000000;
	54 :	000000000000000000000000;
	53 :	000000000000000000000000;
	52 :	000000000000000000000000;
	51 :	000000000000000000000000;
	50 :	000000000000000000000000;
	49 :	000000000000000000000000;
	48 :	000000000000000000000000;
	47 :	000000000000000000000000;
	46 :	000000000000000000000000;
	45 :	000000000000000000000000;
	44 :	000000000000000000000000;
	43 :	000000000000000000000000;
	42 :	000000000000000000000000;
	41 :	000000000000000000000000;
	40 :	000000000000000000000000;
	39 :	000000000000000000000000;
	38 :	000000000000000000000000;
	37 :	000000000000000000000000;
	36 :	000000000000000000000000;
	35 :	000000000000000000000000;
	34 :	000000000000000000000000;
	33 :	000000000000000000000000;
	32 :	000000000000000000000000;
	31 :	000000000000000000000000;
	30 :	000000000000000000000000;
	29 :	000000000000000000000000;
	28 :	000000000000000000000000;
	27 :	000000000000000000000000;
	26 :	000000000000000000000000;
	25 :	000000000000000000000000;
	24 :	000000000000000000000000;
	23 :	000000000000000000000000;
	22 :	000000000000000000000000;
	21 :	000000000000000000000000;
	20 :	000000000000000000000000;
	19 :	000000000000000000000000;
	18 :	000000000000000000000000;
	17 :	000000000000000000000000;
	16 :	000000000000000000000000;
	15 :	000000000000000000000000;
	14 :	000000000000000000000000;
	13 :	000000000000000000000000;
	12 :	000000000000000000000000;
	11 :	000000000000000000000000;
	10 :	000000000000000000000000;
	9 :	000000000000000000000000;
	8 :	000000000000000000000000;
	7 :	000000000000000000000000;
	6 :	000000000000000000000000;
	5 :	000000000000000000000000;
	4 :	000000000000000000000000;
	3 :	000000000000000000000000;
	2 :	000000000000000000000000;
	1 :	000000000000000000000000;
	0 :	000000000000000000000000;
END;
